solid OpenSCAD_Model
  facet normal -1 0 0
    outer loop
      vertex -43.35 -26.35 -5.99
      vertex -43.35 26.35 -4
      vertex -43.35 26.35 -5.99
    endloop
  endfacet
  facet normal -1 -0 0
    outer loop
      vertex -43.35 26.35 -4
      vertex -43.35 -26.35 -5.99
      vertex -43.35 -26.35 -4
    endloop
  endfacet
  facet normal 1 -0 0
    outer loop
      vertex 43.35 -26.35 -4
      vertex 43.35 26.35 -5.99
      vertex 43.35 26.35 -4
    endloop
  endfacet
  facet normal 1 0 0
    outer loop
      vertex 43.35 26.35 -5.99
      vertex 43.35 -26.35 -4
      vertex 43.35 -26.35 -5.99
    endloop
  endfacet
  facet normal 0 1 -0
    outer loop
      vertex 43.35 26.35 -5.99
      vertex -43.35 26.35 -4
      vertex 43.35 26.35 -4
    endloop
  endfacet
  facet normal 0 1 0
    outer loop
      vertex -43.35 26.35 -4
      vertex 43.35 26.35 -5.99
      vertex -43.35 26.35 -5.99
    endloop
  endfacet
  facet normal 0 0 -1
    outer loop
      vertex 43.35 -26.35 -5.99
      vertex 42.15 -25.15 -5.99
      vertex 43.35 26.35 -5.99
    endloop
  endfacet
  facet normal 0 0 -1
    outer loop
      vertex 43.35 -26.35 -5.99
      vertex -42.15 -25.15 -5.99
      vertex 42.15 -25.15 -5.99
    endloop
  endfacet
  facet normal -0 0 -1
    outer loop
      vertex -42.15 -25.15 -5.99
      vertex -43.35 -26.35 -5.99
      vertex -42.15 25.15 -5.99
    endloop
  endfacet
  facet normal 0 0 -1
    outer loop
      vertex -43.35 -26.35 -5.99
      vertex -42.15 -25.15 -5.99
      vertex 43.35 -26.35 -5.99
    endloop
  endfacet
  facet normal 0 0 -1
    outer loop
      vertex 42.15 25.15 -5.99
      vertex 43.35 26.35 -5.99
      vertex 42.15 -25.15 -5.99
    endloop
  endfacet
  facet normal 0 0 -1
    outer loop
      vertex -42.15 25.15 -5.99
      vertex 43.35 26.35 -5.99
      vertex 42.15 25.15 -5.99
    endloop
  endfacet
  facet normal 0 0 -1
    outer loop
      vertex -42.15 25.15 -5.99
      vertex -43.35 26.35 -5.99
      vertex 43.35 26.35 -5.99
    endloop
  endfacet
  facet normal 0 0 -1
    outer loop
      vertex -43.35 26.35 -5.99
      vertex -42.15 25.15 -5.99
      vertex -43.35 -26.35 -5.99
    endloop
  endfacet
  facet normal 0 -1 0
    outer loop
      vertex -43.35 -26.35 -5.99
      vertex 43.35 -26.35 -4
      vertex -43.35 -26.35 -4
    endloop
  endfacet
  facet normal 0 -1 -0
    outer loop
      vertex 43.35 -26.35 -4
      vertex -43.35 -26.35 -5.99
      vertex 43.35 -26.35 -5.99
    endloop
  endfacet
  facet normal 1 -0 0
    outer loop
      vertex -42.15 -25.15 -4
      vertex -42.15 25.15 -5.99
      vertex -42.15 25.15 -4
    endloop
  endfacet
  facet normal 1 0 0
    outer loop
      vertex -42.15 25.15 -5.99
      vertex -42.15 -25.15 -4
      vertex -42.15 -25.15 -5.99
    endloop
  endfacet
  facet normal -1 0 0
    outer loop
      vertex 42.15 -25.15 -5.99
      vertex 42.15 25.15 -4
      vertex 42.15 25.15 -5.99
    endloop
  endfacet
  facet normal -1 -0 0
    outer loop
      vertex 42.15 25.15 -4
      vertex 42.15 -25.15 -5.99
      vertex 42.15 -25.15 -4
    endloop
  endfacet
  facet normal 0 1 -0
    outer loop
      vertex 42.15 -25.15 -5.99
      vertex -42.15 -25.15 -4
      vertex 42.15 -25.15 -4
    endloop
  endfacet
  facet normal 0 1 0
    outer loop
      vertex -42.15 -25.15 -4
      vertex 42.15 -25.15 -5.99
      vertex -42.15 -25.15 -5.99
    endloop
  endfacet
  facet normal 0 -1 0
    outer loop
      vertex -42.15 25.15 -5.99
      vertex 42.15 25.15 -4
      vertex -42.15 25.15 -4
    endloop
  endfacet
  facet normal 0 -1 -0
    outer loop
      vertex 42.15 25.15 -4
      vertex -42.15 25.15 -5.99
      vertex 42.15 25.15 -5.99
    endloop
  endfacet
  facet normal 0.659349 0.751837 -0
    outer loop
      vertex 35.7782 7.77817 4
      vertex 34.6964 8.72689 9
      vertex 35.7782 7.77817 9
    endloop
  endfacet
  facet normal 0.659349 0.751837 0
    outer loop
      vertex 34.6964 8.72689 9
      vertex 35.7782 7.77817 4
      vertex 34.6964 8.72689 4
    endloop
  endfacet
  facet normal 0.980786 -0.195084 0
    outer loop
      vertex 38.6252 -2.84701 9
      vertex 38.9059 -1.43579 4
      vertex 38.9059 -1.43579 9
    endloop
  endfacet
  facet normal 0.980786 -0.195084 0
    outer loop
      vertex 38.9059 -1.43579 4
      vertex 38.6252 -2.84701 9
      vertex 38.6252 -2.84701 4
    endloop
  endfacet
  facet normal -0.321435 -0.946931 0
    outer loop
      vertex 23.7905 -10.1627 4
      vertex 25.153 -10.6252 9
      vertex 23.7905 -10.1627 9
    endloop
  endfacet
  facet normal -0.321435 -0.946931 -0
    outer loop
      vertex 25.153 -10.6252 9
      vertex 23.7905 -10.1627 4
      vertex 25.153 -10.6252 4
    endloop
  endfacet
  facet normal -0.321435 0.946931 0
    outer loop
      vertex 25.153 10.6252 4
      vertex 23.7905 10.1627 9
      vertex 25.153 10.6252 9
    endloop
  endfacet
  facet normal -0.321435 0.946931 0
    outer loop
      vertex 23.7905 10.1627 9
      vertex 25.153 10.6252 4
      vertex 23.7905 10.1627 4
    endloop
  endfacet
  facet normal -0.896871 0.442292 0
    outer loop
      vertex 17.8373 4.20952 4
      vertex 18.4737 5.5 9
      vertex 18.4737 5.5 4
    endloop
  endfacet
  facet normal -0.896871 0.442292 0
    outer loop
      vertex 18.4737 5.5 9
      vertex 17.8373 4.20952 4
      vertex 17.8373 4.20952 9
    endloop
  endfacet
  facet normal 0.896871 0.442292 0
    outer loop
      vertex 38.1627 4.20952 9
      vertex 37.5263 5.5 4
      vertex 37.5263 5.5 9
    endloop
  endfacet
  facet normal 0.896871 0.442292 0
    outer loop
      vertex 37.5263 5.5 4
      vertex 38.1627 4.20952 9
      vertex 38.1627 4.20952 4
    endloop
  endfacet
  facet normal 0.980786 0.195084 0
    outer loop
      vertex 38.9059 1.43579 9
      vertex 38.6252 2.84701 4
      vertex 38.6252 2.84701 9
    endloop
  endfacet
  facet normal 0.980786 0.195084 0
    outer loop
      vertex 38.6252 2.84701 4
      vertex 38.9059 1.43579 9
      vertex 38.9059 1.43579 4
    endloop
  endfacet
  facet normal 0.831466 0.555576 0
    outer loop
      vertex 37.5263 5.5 9
      vertex 36.7269 6.69637 4
      vertex 36.7269 6.69637 9
    endloop
  endfacet
  facet normal 0.831466 0.555576 0
    outer loop
      vertex 36.7269 6.69637 4
      vertex 37.5263 5.5 9
      vertex 37.5263 5.5 4
    endloop
  endfacet
  facet normal 0.751844 0.659341 0
    outer loop
      vertex 36.7269 6.69637 9
      vertex 35.7782 7.77817 4
      vertex 35.7782 7.77817 9
    endloop
  endfacet
  facet normal 0.751844 0.659341 0
    outer loop
      vertex 35.7782 7.77817 4
      vertex 36.7269 6.69637 9
      vertex 36.7269 6.69637 4
    endloop
  endfacet
  facet normal 0.442298 0.896868 -0
    outer loop
      vertex 33.5 9.52628 4
      vertex 32.2095 10.1627 9
      vertex 33.5 9.52628 9
    endloop
  endfacet
  facet normal 0.442298 0.896868 0
    outer loop
      vertex 32.2095 10.1627 9
      vertex 33.5 9.52628 4
      vertex 32.2095 10.1627 4
    endloop
  endfacet
  facet normal 0.195087 0.980786 -0
    outer loop
      vertex 30.847 10.6252 4
      vertex 29.4358 10.9059 9
      vertex 30.847 10.6252 9
    endloop
  endfacet
  facet normal 0.195087 0.980786 0
    outer loop
      vertex 29.4358 10.9059 9
      vertex 30.847 10.6252 4
      vertex 29.4358 10.9059 4
    endloop
  endfacet
  facet normal -0.980786 0.195084 0
    outer loop
      vertex 17.0941 1.43579 4
      vertex 17.3748 2.84701 9
      vertex 17.3748 2.84701 4
    endloop
  endfacet
  facet normal -0.980786 0.195084 0
    outer loop
      vertex 17.3748 2.84701 9
      vertex 17.0941 1.43579 4
      vertex 17.0941 1.43579 9
    endloop
  endfacet
  facet normal -0.751844 0.659341 0
    outer loop
      vertex 19.2731 6.69637 4
      vertex 20.2218 7.77817 9
      vertex 20.2218 7.77817 4
    endloop
  endfacet
  facet normal -0.751844 0.659341 0
    outer loop
      vertex 20.2218 7.77817 9
      vertex 19.2731 6.69637 4
      vertex 19.2731 6.69637 9
    endloop
  endfacet
  facet normal -0.442298 0.896868 0
    outer loop
      vertex 23.7905 10.1627 4
      vertex 22.5 9.52628 9
      vertex 23.7905 10.1627 9
    endloop
  endfacet
  facet normal -0.442298 0.896868 0
    outer loop
      vertex 22.5 9.52628 9
      vertex 23.7905 10.1627 4
      vertex 22.5 9.52628 4
    endloop
  endfacet
  facet normal -0.195087 0.980786 0
    outer loop
      vertex 26.5642 10.9059 4
      vertex 25.153 10.6252 9
      vertex 26.5642 10.9059 9
    endloop
  endfacet
  facet normal -0.195087 0.980786 0
    outer loop
      vertex 25.153 10.6252 9
      vertex 26.5642 10.9059 4
      vertex 25.153 10.6252 4
    endloop
  endfacet
  facet normal 0.997859 0.0653985 0
    outer loop
      vertex 39 0 9
      vertex 38.9059 1.43579 4
      vertex 38.9059 1.43579 9
    endloop
  endfacet
  facet normal 0.997859 0.0653985 0
    outer loop
      vertex 38.9059 1.43579 4
      vertex 39 0 9
      vertex 39 0 4
    endloop
  endfacet
  facet normal 0.946932 -0.321433 0
    outer loop
      vertex 38.1627 -4.20952 9
      vertex 38.6252 -2.84701 4
      vertex 38.6252 -2.84701 9
    endloop
  endfacet
  facet normal 0.946932 -0.321433 0
    outer loop
      vertex 38.6252 -2.84701 4
      vertex 38.1627 -4.20952 9
      vertex 38.1627 -4.20952 4
    endloop
  endfacet
  facet normal 0.321435 -0.946931 0
    outer loop
      vertex 30.847 -10.6252 4
      vertex 32.2095 -10.1627 9
      vertex 30.847 -10.6252 9
    endloop
  endfacet
  facet normal 0.321435 -0.946931 0
    outer loop
      vertex 32.2095 -10.1627 9
      vertex 30.847 -10.6252 4
      vertex 32.2095 -10.1627 4
    endloop
  endfacet
  facet normal 0.442298 -0.896868 0
    outer loop
      vertex 32.2095 -10.1627 4
      vertex 33.5 -9.52628 9
      vertex 32.2095 -10.1627 9
    endloop
  endfacet
  facet normal 0.442298 -0.896868 0
    outer loop
      vertex 33.5 -9.52628 9
      vertex 32.2095 -10.1627 4
      vertex 33.5 -9.52628 4
    endloop
  endfacet
  facet normal -0.195087 -0.980786 0
    outer loop
      vertex 25.153 -10.6252 4
      vertex 26.5642 -10.9059 9
      vertex 25.153 -10.6252 9
    endloop
  endfacet
  facet normal -0.195087 -0.980786 -0
    outer loop
      vertex 26.5642 -10.9059 9
      vertex 25.153 -10.6252 4
      vertex 26.5642 -10.9059 4
    endloop
  endfacet
  facet normal -0.659349 -0.751837 0
    outer loop
      vertex 20.2218 -7.77817 4
      vertex 21.3036 -8.72689 9
      vertex 20.2218 -7.77817 9
    endloop
  endfacet
  facet normal -0.659349 -0.751837 -0
    outer loop
      vertex 21.3036 -8.72689 9
      vertex 20.2218 -7.77817 4
      vertex 21.3036 -8.72689 4
    endloop
  endfacet
  facet normal -0.896871 -0.442292 0
    outer loop
      vertex 18.4737 -5.5 4
      vertex 17.8373 -4.20952 9
      vertex 17.8373 -4.20952 4
    endloop
  endfacet
  facet normal -0.896871 -0.442292 0
    outer loop
      vertex 17.8373 -4.20952 9
      vertex 18.4737 -5.5 4
      vertex 18.4737 -5.5 9
    endloop
  endfacet
  facet normal -0 0 1
    outer loop
      vertex -38.9651 21.6513 4
      vertex -18.9981 3.8352 4
      vertex -38.7979 21.7979 4
    endloop
  endfacet
  facet normal 0 0 1
    outer loop
      vertex -20.3 0 4
      vertex -38.3145 -22.7781 4
      vertex -38.3 -23 4
    endloop
  endfacet
  facet normal 0 0 1
    outer loop
      vertex -18.9981 3.8352 4
      vertex -38.9651 21.6513 4
      vertex -19.456 3.15 4
    endloop
  endfacet
  facet normal 0 0 1
    outer loop
      vertex -20.3 0 4
      vertex -38.3579 -22.56 4
      vertex -38.3145 -22.7781 4
    endloop
  endfacet
  facet normal -0 0 1
    outer loop
      vertex -39.15 21.5278 4
      vertex -19.456 3.15 4
      vertex -38.9651 21.6513 4
    endloop
  endfacet
  facet normal 0 0 1
    outer loop
      vertex -20.3 0 4
      vertex -38.4294 -22.3494 4
      vertex -38.3579 -22.56 4
    endloop
  endfacet
  facet normal 0 0 1
    outer loop
      vertex -19.456 3.15 4
      vertex -39.15 21.5278 4
      vertex -19.8204 2.4109 4
    endloop
  endfacet
  facet normal 0 0 1
    outer loop
      vertex -20.3 0 4
      vertex -38.5278 -22.15 4
      vertex -38.4294 -22.3494 4
    endloop
  endfacet
  facet normal -0 0 1
    outer loop
      vertex -39.3494 21.4294 4
      vertex -19.8204 2.4109 4
      vertex -39.15 21.5278 4
    endloop
  endfacet
  facet normal 0 0 1
    outer loop
      vertex -20.3 0 4
      vertex -38.6513 -21.9651 4
      vertex -38.5278 -22.15 4
    endloop
  endfacet
  facet normal 0 0 1
    outer loop
      vertex -19.8204 2.4109 4
      vertex -39.3494 21.4294 4
      vertex -20.0853 1.63056 4
    endloop
  endfacet
  facet normal 0 0 1
    outer loop
      vertex -20.3 0 4
      vertex -38.7979 -21.7979 4
      vertex -38.6513 -21.9651 4
    endloop
  endfacet
  facet normal -0 0 1
    outer loop
      vertex -39.56 21.3579 4
      vertex -20.0853 1.63056 4
      vertex -39.3494 21.4294 4
    endloop
  endfacet
  facet normal 0 0 1
    outer loop
      vertex -20.3 0 4
      vertex -38.9651 -21.6513 4
      vertex -38.7979 -21.7979 4
    endloop
  endfacet
  facet normal -0 0 1
    outer loop
      vertex -39.7781 21.3145 4
      vertex -20.0853 1.63056 4
      vertex -39.56 21.3579 4
    endloop
  endfacet
  facet normal 0 0 1
    outer loop
      vertex -20.3 0 4
      vertex -39.15 -21.5278 4
      vertex -38.9651 -21.6513 4
    endloop
  endfacet
  facet normal 0 0 1
    outer loop
      vertex -20.0853 1.63056 4
      vertex -39.7781 21.3145 4
      vertex -20.2461 0.822314 4
    endloop
  endfacet
  facet normal 0 0 1
    outer loop
      vertex -20.3 0 4
      vertex -39.3494 -21.4294 4
      vertex -39.15 -21.5278 4
    endloop
  endfacet
  facet normal -0 0 1
    outer loop
      vertex -40 21.3 4
      vertex -20.2461 0.822314 4
      vertex -39.7781 21.3145 4
    endloop
  endfacet
  facet normal 0 0 1
    outer loop
      vertex -20.3 0 4
      vertex -39.56 -21.3579 4
      vertex -39.3494 -21.4294 4
    endloop
  endfacet
  facet normal 0 0 1
    outer loop
      vertex -20.2461 0.822314 4
      vertex -40 21.3 4
      vertex -20.3 0 4
    endloop
  endfacet
  facet normal 0 0 1
    outer loop
      vertex -20.3 0 4
      vertex -39.7781 -21.3145 4
      vertex -39.56 -21.3579 4
    endloop
  endfacet
  facet normal 0 0 1
    outer loop
      vertex -40 -21.3 4
      vertex -20.3 0 4
      vertex -40 21.3 4
    endloop
  endfacet
  facet normal 0 0 1
    outer loop
      vertex -20.3 0 4
      vertex -40 -21.3 4
      vertex -39.7781 -21.3145 4
    endloop
  endfacet
  facet normal 0 0 1
    outer loop
      vertex -40.2219 21.3145 4
      vertex -40 -21.3 4
      vertex -40 21.3 4
    endloop
  endfacet
  facet normal 0 0 1
    outer loop
      vertex -40.2219 21.3145 4
      vertex -40.2219 -21.3145 4
      vertex -40 -21.3 4
    endloop
  endfacet
  facet normal 0 0 1
    outer loop
      vertex -40.44 21.3579 4
      vertex -40.2219 -21.3145 4
      vertex -40.2219 21.3145 4
    endloop
  endfacet
  facet normal 0 0 1
    outer loop
      vertex -40.44 21.3579 4
      vertex -40.44 -21.3579 4
      vertex -40.2219 -21.3145 4
    endloop
  endfacet
  facet normal 0 0 1
    outer loop
      vertex -40.6506 21.4294 4
      vertex -40.44 -21.3579 4
      vertex -40.44 21.3579 4
    endloop
  endfacet
  facet normal 0 0 1
    outer loop
      vertex -40.6506 21.4294 4
      vertex -40.6506 -21.4294 4
      vertex -40.44 -21.3579 4
    endloop
  endfacet
  facet normal 0 0 1
    outer loop
      vertex -40.85 21.5278 4
      vertex -40.6506 -21.4294 4
      vertex -40.6506 21.4294 4
    endloop
  endfacet
  facet normal 0 0 1
    outer loop
      vertex -40.85 21.5278 4
      vertex -40.85 -21.5278 4
      vertex -40.6506 -21.4294 4
    endloop
  endfacet
  facet normal 0 0 1
    outer loop
      vertex -41.0349 21.6513 4
      vertex -40.85 -21.5278 4
      vertex -40.85 21.5278 4
    endloop
  endfacet
  facet normal 0 0 1
    outer loop
      vertex -41.0349 21.6513 4
      vertex -41.0349 -21.6513 4
      vertex -40.85 -21.5278 4
    endloop
  endfacet
  facet normal 0 0 1
    outer loop
      vertex -41.2021 21.7979 4
      vertex -41.0349 -21.6513 4
      vertex -41.0349 21.6513 4
    endloop
  endfacet
  facet normal 0 0 1
    outer loop
      vertex -41.2021 21.7979 4
      vertex -41.2021 -21.7979 4
      vertex -41.0349 -21.6513 4
    endloop
  endfacet
  facet normal 0 0 1
    outer loop
      vertex -41.3487 21.9651 4
      vertex -41.2021 -21.7979 4
      vertex -41.2021 21.7979 4
    endloop
  endfacet
  facet normal 0 0 1
    outer loop
      vertex -41.3487 21.9651 4
      vertex -41.3487 -21.9651 4
      vertex -41.2021 -21.7979 4
    endloop
  endfacet
  facet normal 0 0 1
    outer loop
      vertex -41.4722 22.15 4
      vertex -41.3487 -21.9651 4
      vertex -41.3487 21.9651 4
    endloop
  endfacet
  facet normal 0 0 1
    outer loop
      vertex -41.4722 22.15 4
      vertex -41.4722 -22.15 4
      vertex -41.3487 -21.9651 4
    endloop
  endfacet
  facet normal 0 0 1
    outer loop
      vertex -46 29 4
      vertex -41.4722 22.15 4
      vertex -41.5706 22.3494 4
    endloop
  endfacet
  facet normal 0 0 1
    outer loop
      vertex -41.4722 22.15 4
      vertex -46 29 4
      vertex -41.4722 -22.15 4
    endloop
  endfacet
  facet normal 0 0 1
    outer loop
      vertex -46 29 4
      vertex -41.5706 22.3494 4
      vertex -41.6421 22.56 4
    endloop
  endfacet
  facet normal 0 0 1
    outer loop
      vertex -46 -29 4
      vertex -41.4722 -22.15 4
      vertex -46 29 4
    endloop
  endfacet
  facet normal 0 0 1
    outer loop
      vertex -46 29 4
      vertex -41.6421 22.56 4
      vertex -41.6855 22.7781 4
    endloop
  endfacet
  facet normal 0 0 1
    outer loop
      vertex -41.4722 -22.15 4
      vertex -46 -29 4
      vertex -41.5706 -22.3494 4
    endloop
  endfacet
  facet normal 0 0 1
    outer loop
      vertex -46 29 4
      vertex -41.6855 22.7781 4
      vertex -41.7 23 4
    endloop
  endfacet
  facet normal 0 0 1
    outer loop
      vertex -41.5706 -22.3494 4
      vertex -46 -29 4
      vertex -41.6421 -22.56 4
    endloop
  endfacet
  facet normal 0 0 1
    outer loop
      vertex 41.5706 22.3494 4
      vertex 46 29 4
      vertex 41.6421 22.56 4
    endloop
  endfacet
  facet normal 0 0 1
    outer loop
      vertex 46 -29 4
      vertex 41.6855 -22.7781 4
      vertex 41.7 -23 4
    endloop
  endfacet
  facet normal 0 0 1
    outer loop
      vertex 46 29 4
      vertex 39 0 4
      vertex 46 -29 4
    endloop
  endfacet
  facet normal 0 0 1
    outer loop
      vertex 46 -29 4
      vertex 41.6421 -22.56 4
      vertex 41.6855 -22.7781 4
    endloop
  endfacet
  facet normal 0 0 1
    outer loop
      vertex 46 29 4
      vertex 41.5706 22.3494 4
      vertex 38.9059 1.43579 4
    endloop
  endfacet
  facet normal -0 0 1
    outer loop
      vertex 38.9059 -1.43579 4
      vertex 46 -29 4
      vertex 39 0 4
    endloop
  endfacet
  facet normal 0 0 1
    outer loop
      vertex 38.9059 1.43579 4
      vertex 41.5706 22.3494 4
      vertex 41.4722 22.15 4
    endloop
  endfacet
  facet normal -0 -0 1
    outer loop
      vertex 41.5706 -22.3494 4
      vertex 46 -29 4
      vertex 38.9059 -1.43579 4
    endloop
  endfacet
  facet normal 0 0 1
    outer loop
      vertex 38.6252 2.84701 4
      vertex 41.4722 22.15 4
      vertex 41.3487 21.9651 4
    endloop
  endfacet
  facet normal 0 0 1
    outer loop
      vertex 46 -29 4
      vertex 41.5706 -22.3494 4
      vertex 41.6421 -22.56 4
    endloop
  endfacet
  facet normal 0 0 1
    outer loop
      vertex 38.1627 4.20952 4
      vertex 41.3487 21.9651 4
      vertex 41.2021 21.7979 4
    endloop
  endfacet
  facet normal 0 0 1
    outer loop
      vertex 41.5706 -22.3494 4
      vertex 38.9059 -1.43579 4
      vertex 41.4722 -22.15 4
    endloop
  endfacet
  facet normal 0 0 1
    outer loop
      vertex 38.1627 4.20952 4
      vertex 41.2021 21.7979 4
      vertex 41.0349 21.6513 4
    endloop
  endfacet
  facet normal -0 0 1
    outer loop
      vertex 38.6252 -2.84701 4
      vertex 41.4722 -22.15 4
      vertex 38.9059 -1.43579 4
    endloop
  endfacet
  facet normal 0 0 1
    outer loop
      vertex 37.5263 5.5 4
      vertex 41.0349 21.6513 4
      vertex 40.85 21.5278 4
    endloop
  endfacet
  facet normal 0 0 1
    outer loop
      vertex 41.4722 -22.15 4
      vertex 38.6252 -2.84701 4
      vertex 41.3487 -21.9651 4
    endloop
  endfacet
  facet normal 0 0 1
    outer loop
      vertex 36.7269 6.69637 4
      vertex 40.85 21.5278 4
      vertex 40.6506 21.4294 4
    endloop
  endfacet
  facet normal -0 0 1
    outer loop
      vertex 38.1627 -4.20952 4
      vertex 41.3487 -21.9651 4
      vertex 38.6252 -2.84701 4
    endloop
  endfacet
  facet normal 0 0 1
    outer loop
      vertex 36.7269 6.69637 4
      vertex 40.6506 21.4294 4
      vertex 40.44 21.3579 4
    endloop
  endfacet
  facet normal 0 0 1
    outer loop
      vertex 41.3487 -21.9651 4
      vertex 38.1627 -4.20952 4
      vertex 41.2021 -21.7979 4
    endloop
  endfacet
  facet normal 0 0 1
    outer loop
      vertex 35.7782 7.77817 4
      vertex 40.44 21.3579 4
      vertex 40.2219 21.3145 4
    endloop
  endfacet
  facet normal 0 0 1
    outer loop
      vertex 41.2021 -21.7979 4
      vertex 38.1627 -4.20952 4
      vertex 41.0349 -21.6513 4
    endloop
  endfacet
  facet normal 0 0 1
    outer loop
      vertex 35.7782 7.77817 4
      vertex 40.2219 21.3145 4
      vertex 40 21.3 4
    endloop
  endfacet
  facet normal -0 0 1
    outer loop
      vertex 37.5263 -5.5 4
      vertex 41.0349 -21.6513 4
      vertex 38.1627 -4.20952 4
    endloop
  endfacet
  facet normal 0 0 1
    outer loop
      vertex 34.6964 8.72689 4
      vertex 40 21.3 4
      vertex 39.7781 21.3145 4
    endloop
  endfacet
  facet normal 0 0 1
    outer loop
      vertex 41.0349 -21.6513 4
      vertex 37.5263 -5.5 4
      vertex 40.85 -21.5278 4
    endloop
  endfacet
  facet normal 0 0 1
    outer loop
      vertex 34.6964 8.72689 4
      vertex 39.7781 21.3145 4
      vertex 39.56 21.3579 4
    endloop
  endfacet
  facet normal -0 0 1
    outer loop
      vertex 36.7269 -6.69637 4
      vertex 40.85 -21.5278 4
      vertex 37.5263 -5.5 4
    endloop
  endfacet
  facet normal 0 0 1
    outer loop
      vertex 33.5 9.52628 4
      vertex 39.56 21.3579 4
      vertex 39.3494 21.4294 4
    endloop
  endfacet
  facet normal 0 0 1
    outer loop
      vertex 40.85 -21.5278 4
      vertex 36.7269 -6.69637 4
      vertex 40.6506 -21.4294 4
    endloop
  endfacet
  facet normal 0 0 1
    outer loop
      vertex 33.5 9.52628 4
      vertex 39.3494 21.4294 4
      vertex 39.15 21.5278 4
    endloop
  endfacet
  facet normal 0 0 1
    outer loop
      vertex 40.6506 -21.4294 4
      vertex 36.7269 -6.69637 4
      vertex 40.44 -21.3579 4
    endloop
  endfacet
  facet normal -0 0 1
    outer loop
      vertex 35.7782 -7.77817 4
      vertex 40.44 -21.3579 4
      vertex 36.7269 -6.69637 4
    endloop
  endfacet
  facet normal 0 0 1
    outer loop
      vertex 32.2095 10.1627 4
      vertex 39.15 21.5278 4
      vertex 38.9651 21.6513 4
    endloop
  endfacet
  facet normal 0 0 1
    outer loop
      vertex 46 29 4
      vertex 38.9059 1.43579 4
      vertex 39 0 4
    endloop
  endfacet
  facet normal 0 0 1
    outer loop
      vertex 32.2095 10.1627 4
      vertex 38.9651 21.6513 4
      vertex 38.7979 21.7979 4
    endloop
  endfacet
  facet normal 0 0 1
    outer loop
      vertex 30.847 10.6252 4
      vertex 38.7979 21.7979 4
      vertex 38.6513 21.9651 4
    endloop
  endfacet
  facet normal 0 0 1
    outer loop
      vertex 41.4722 22.15 4
      vertex 38.6252 2.84701 4
      vertex 38.9059 1.43579 4
    endloop
  endfacet
  facet normal 0 0 1
    outer loop
      vertex 30.847 10.6252 4
      vertex 38.6513 21.9651 4
      vertex 38.5278 22.15 4
    endloop
  endfacet
  facet normal 0 0 1
    outer loop
      vertex 29.4358 10.9059 4
      vertex 38.5278 22.15 4
      vertex 38.4294 22.3494 4
    endloop
  endfacet
  facet normal 0 0 1
    outer loop
      vertex 29.4358 10.9059 4
      vertex 38.4294 22.3494 4
      vertex 38.3579 22.56 4
    endloop
  endfacet
  facet normal 0 0 1
    outer loop
      vertex 28 11 4
      vertex 38.3579 22.56 4
      vertex 38.3145 22.7781 4
    endloop
  endfacet
  facet normal 0 0 1
    outer loop
      vertex 28 11 4
      vertex 38.3145 22.7781 4
      vertex 38.3 23 4
    endloop
  endfacet
  facet normal 0 0 1
    outer loop
      vertex 41.3487 21.9651 4
      vertex 38.1627 4.20952 4
      vertex 38.6252 2.84701 4
    endloop
  endfacet
  facet normal 0 0 1
    outer loop
      vertex 41.6855 22.7781 4
      vertex 46 29 4
      vertex 41.7 23 4
    endloop
  endfacet
  facet normal 0 0 1
    outer loop
      vertex 46 29 4
      vertex 41.6855 23.2219 4
      vertex 41.7 23 4
    endloop
  endfacet
  facet normal 0 0 1
    outer loop
      vertex 46 29 4
      vertex 41.6421 23.44 4
      vertex 41.6855 23.2219 4
    endloop
  endfacet
  facet normal 0 0 1
    outer loop
      vertex 46 29 4
      vertex 41.5706 23.6506 4
      vertex 41.6421 23.44 4
    endloop
  endfacet
  facet normal 0 0 1
    outer loop
      vertex 46 29 4
      vertex 41.4722 23.85 4
      vertex 41.5706 23.6506 4
    endloop
  endfacet
  facet normal 0 0 1
    outer loop
      vertex 46 29 4
      vertex 41.3487 24.0349 4
      vertex 41.4722 23.85 4
    endloop
  endfacet
  facet normal 0 0 1
    outer loop
      vertex 46 29 4
      vertex 41.2021 24.2021 4
      vertex 41.3487 24.0349 4
    endloop
  endfacet
  facet normal 0 0 1
    outer loop
      vertex 46 29 4
      vertex 41.0349 24.3487 4
      vertex 41.2021 24.2021 4
    endloop
  endfacet
  facet normal 0 0 1
    outer loop
      vertex 46 29 4
      vertex 40.85 24.4722 4
      vertex 41.0349 24.3487 4
    endloop
  endfacet
  facet normal 0 0 1
    outer loop
      vertex 46 29 4
      vertex 40.6506 24.5706 4
      vertex 40.85 24.4722 4
    endloop
  endfacet
  facet normal 0 0 1
    outer loop
      vertex 46 29 4
      vertex 40.44 24.6421 4
      vertex 40.6506 24.5706 4
    endloop
  endfacet
  facet normal 0 0 1
    outer loop
      vertex 46 29 4
      vertex 40.2219 24.6855 4
      vertex 40.44 24.6421 4
    endloop
  endfacet
  facet normal 0 0 1
    outer loop
      vertex 46 29 4
      vertex 40 24.7 4
      vertex 40.2219 24.6855 4
    endloop
  endfacet
  facet normal 0 0 1
    outer loop
      vertex 46 29 4
      vertex 39.7781 24.6855 4
      vertex 40 24.7 4
    endloop
  endfacet
  facet normal 0 0 1
    outer loop
      vertex 46 29 4
      vertex 39.56 24.6421 4
      vertex 39.7781 24.6855 4
    endloop
  endfacet
  facet normal 0 0 1
    outer loop
      vertex 46 29 4
      vertex 39.3494 24.5706 4
      vertex 39.56 24.6421 4
    endloop
  endfacet
  facet normal 0 0 1
    outer loop
      vertex 46 29 4
      vertex 39.15 24.4722 4
      vertex 39.3494 24.5706 4
    endloop
  endfacet
  facet normal 0 0 1
    outer loop
      vertex 41.0349 21.6513 4
      vertex 37.5263 5.5 4
      vertex 38.1627 4.20952 4
    endloop
  endfacet
  facet normal 0 0 1
    outer loop
      vertex 40.85 21.5278 4
      vertex 36.7269 6.69637 4
      vertex 37.5263 5.5 4
    endloop
  endfacet
  facet normal 0 0 1
    outer loop
      vertex 26.5642 10.9059 4
      vertex 38.3 23 4
      vertex 38.3145 23.2219 4
    endloop
  endfacet
  facet normal 0 0 1
    outer loop
      vertex 40.44 21.3579 4
      vertex 35.7782 7.77817 4
      vertex 36.7269 6.69637 4
    endloop
  endfacet
  facet normal 0 0 1
    outer loop
      vertex 40 21.3 4
      vertex 34.6964 8.72689 4
      vertex 35.7782 7.77817 4
    endloop
  endfacet
  facet normal 0 0 1
    outer loop
      vertex 26.5642 10.9059 4
      vertex 38.3145 23.2219 4
      vertex 38.3579 23.44 4
    endloop
  endfacet
  facet normal 0 0 1
    outer loop
      vertex 39.56 21.3579 4
      vertex 33.5 9.52628 4
      vertex 34.6964 8.72689 4
    endloop
  endfacet
  facet normal 0 0 1
    outer loop
      vertex 25.153 10.6252 4
      vertex 38.3579 23.44 4
      vertex 38.4294 23.6506 4
    endloop
  endfacet
  facet normal 0 0 1
    outer loop
      vertex 39.15 21.5278 4
      vertex 32.2095 10.1627 4
      vertex 33.5 9.52628 4
    endloop
  endfacet
  facet normal 0 0 1
    outer loop
      vertex 38.7979 21.7979 4
      vertex 30.847 10.6252 4
      vertex 32.2095 10.1627 4
    endloop
  endfacet
  facet normal 0 0 1
    outer loop
      vertex 23.7905 10.1627 4
      vertex 38.4294 23.6506 4
      vertex 38.5278 23.85 4
    endloop
  endfacet
  facet normal 0 0 1
    outer loop
      vertex 38.5278 22.15 4
      vertex 29.4358 10.9059 4
      vertex 30.847 10.6252 4
    endloop
  endfacet
  facet normal 0 0 1
    outer loop
      vertex 22.5 9.52628 4
      vertex 38.5278 23.85 4
      vertex 38.6513 24.0349 4
    endloop
  endfacet
  facet normal 0 0 1
    outer loop
      vertex 38.3579 22.56 4
      vertex 28 11 4
      vertex 29.4358 10.9059 4
    endloop
  endfacet
  facet normal 0 0 1
    outer loop
      vertex 38.3 23 4
      vertex 26.5642 10.9059 4
      vertex 28 11 4
    endloop
  endfacet
  facet normal 0 0 1
    outer loop
      vertex -38.6513 24.0349 4
      vertex 38.6513 24.0349 4
      vertex 38.7979 24.2021 4
    endloop
  endfacet
  facet normal 0 0 1
    outer loop
      vertex 38.3579 23.44 4
      vertex 25.153 10.6252 4
      vertex 26.5642 10.9059 4
    endloop
  endfacet
  facet normal 0 0 1
    outer loop
      vertex 38.4294 23.6506 4
      vertex 23.7905 10.1627 4
      vertex 25.153 10.6252 4
    endloop
  endfacet
  facet normal 0 0 1
    outer loop
      vertex 38.5278 23.85 4
      vertex 22.5 9.52628 4
      vertex 23.7905 10.1627 4
    endloop
  endfacet
  facet normal 0 0 1
    outer loop
      vertex 38.6513 24.0349 4
      vertex -12.3694 6.08533 4
      vertex 22.5 9.52628 4
    endloop
  endfacet
  facet normal 0 -0 1
    outer loop
      vertex -11.5891 5.82044 4
      vertex 22.5 9.52628 4
      vertex -12.3694 6.08533 4
    endloop
  endfacet
  facet normal -0 0 1
    outer loop
      vertex -7.7539 0.822314 4
      vertex 17 0 4
      vertex 17.0941 1.43579 4
    endloop
  endfacet
  facet normal -0 0 1
    outer loop
      vertex -7.91467 1.63056 4
      vertex 17.0941 1.43579 4
      vertex 17.3748 2.84701 4
    endloop
  endfacet
  facet normal 0 0 1
    outer loop
      vertex -8.17956 2.4109 4
      vertex 17.3748 2.84701 4
      vertex 17.8373 4.20952 4
    endloop
  endfacet
  facet normal 0 0 1
    outer loop
      vertex -8.54404 3.15 4
      vertex 17.8373 4.20952 4
      vertex 18.4737 5.5 4
    endloop
  endfacet
  facet normal 0 0 1
    outer loop
      vertex -9.00187 3.8352 4
      vertex 18.4737 5.5 4
      vertex 19.2731 6.69637 4
    endloop
  endfacet
  facet normal 0 0 1
    outer loop
      vertex -10.1648 4.99813 4
      vertex 19.2731 6.69637 4
      vertex 20.2218 7.77817 4
    endloop
  endfacet
  facet normal 0 -0 1
    outer loop
      vertex -10.85 5.45596 4
      vertex 21.3036 8.72689 4
      vertex -11.5891 5.82044 4
    endloop
  endfacet
  facet normal 0 0 1
    outer loop
      vertex -38.7979 24.2021 4
      vertex 38.7979 24.2021 4
      vertex 38.9651 24.3487 4
    endloop
  endfacet
  facet normal 0 0 1
    outer loop
      vertex -38.9651 24.3487 4
      vertex 38.9651 24.3487 4
      vertex 39.15 24.4722 4
    endloop
  endfacet
  facet normal 0 0 1
    outer loop
      vertex -39.15 24.4722 4
      vertex 39.15 24.4722 4
      vertex 46 29 4
    endloop
  endfacet
  facet normal 0 0 1
    outer loop
      vertex 17 0 4
      vertex -7.7539 0.822314 4
      vertex -7.7 0 4
    endloop
  endfacet
  facet normal 0 0 1
    outer loop
      vertex 17.0941 1.43579 4
      vertex -7.91467 1.63056 4
      vertex -7.7539 0.822314 4
    endloop
  endfacet
  facet normal 0 0 1
    outer loop
      vertex 17.3748 2.84701 4
      vertex -8.17956 2.4109 4
      vertex -7.91467 1.63056 4
    endloop
  endfacet
  facet normal 0 0 1
    outer loop
      vertex 17.8373 4.20952 4
      vertex -8.54404 3.15 4
      vertex -8.17956 2.4109 4
    endloop
  endfacet
  facet normal 0 0 1
    outer loop
      vertex 18.4737 5.5 4
      vertex -9.00187 3.8352 4
      vertex -8.54404 3.15 4
    endloop
  endfacet
  facet normal 0 0 1
    outer loop
      vertex 19.2731 6.69637 4
      vertex -9.54523 4.45477 4
      vertex -9.00187 3.8352 4
    endloop
  endfacet
  facet normal 0 0 1
    outer loop
      vertex 19.2731 6.69637 4
      vertex -10.1648 4.99813 4
      vertex -9.54523 4.45477 4
    endloop
  endfacet
  facet normal 0 0 1
    outer loop
      vertex 20.2218 7.77817 4
      vertex -10.85 5.45596 4
      vertex -10.1648 4.99813 4
    endloop
  endfacet
  facet normal 0 0 1
    outer loop
      vertex 21.3036 8.72689 4
      vertex -10.85 5.45596 4
      vertex 20.2218 7.77817 4
    endloop
  endfacet
  facet normal 0 0 1
    outer loop
      vertex 22.5 9.52628 4
      vertex -11.5891 5.82044 4
      vertex 21.3036 8.72689 4
    endloop
  endfacet
  facet normal 0 0 1
    outer loop
      vertex 38.6513 24.0349 4
      vertex -38.6513 24.0349 4
      vertex -12.3694 6.08533 4
    endloop
  endfacet
  facet normal -0 -0 1
    outer loop
      vertex -38.5278 23.85 4
      vertex -12.3694 6.08533 4
      vertex -38.6513 24.0349 4
    endloop
  endfacet
  facet normal 0 0 1
    outer loop
      vertex -12.3694 6.08533 4
      vertex -38.5278 23.85 4
      vertex -13.1777 6.2461 4
    endloop
  endfacet
  facet normal -0 -0 1
    outer loop
      vertex -38.4294 23.6506 4
      vertex -13.1777 6.2461 4
      vertex -38.5278 23.85 4
    endloop
  endfacet
  facet normal 0 0 1
    outer loop
      vertex -13.1777 6.2461 4
      vertex -38.4294 23.6506 4
      vertex -14 6.3 4
    endloop
  endfacet
  facet normal -0 0 1
    outer loop
      vertex -38.7979 21.7979 4
      vertex -18.4548 4.45477 4
      vertex -38.6513 21.9651 4
    endloop
  endfacet
  facet normal -0 0 1
    outer loop
      vertex -38.6513 21.9651 4
      vertex -18.4548 4.45477 4
      vertex -38.5278 22.15 4
    endloop
  endfacet
  facet normal 0 0 1
    outer loop
      vertex -17.8352 4.99813 4
      vertex -38.5278 22.15 4
      vertex -18.4548 4.45477 4
    endloop
  endfacet
  facet normal -0 0 1
    outer loop
      vertex -38.5278 22.15 4
      vertex -17.8352 4.99813 4
      vertex -38.4294 22.3494 4
    endloop
  endfacet
  facet normal 0 0 1
    outer loop
      vertex -17.15 5.45596 4
      vertex -38.4294 22.3494 4
      vertex -17.8352 4.99813 4
    endloop
  endfacet
  facet normal -0 0 1
    outer loop
      vertex -38.4294 22.3494 4
      vertex -17.15 5.45596 4
      vertex -38.3579 22.56 4
    endloop
  endfacet
  facet normal 0 0 1
    outer loop
      vertex -16.4109 5.82044 4
      vertex -38.3579 22.56 4
      vertex -17.15 5.45596 4
    endloop
  endfacet
  facet normal -0 0 1
    outer loop
      vertex -38.3579 22.56 4
      vertex -16.4109 5.82044 4
      vertex -38.3145 22.7781 4
    endloop
  endfacet
  facet normal -0 0 1
    outer loop
      vertex -38.3145 22.7781 4
      vertex -16.4109 5.82044 4
      vertex -38.3 23 4
    endloop
  endfacet
  facet normal 0 0 1
    outer loop
      vertex -14 6.3 4
      vertex -38.3579 23.44 4
      vertex -14.8223 6.2461 4
    endloop
  endfacet
  facet normal 0 0 1
    outer loop
      vertex -15.6306 6.08533 4
      vertex -38.3 23 4
      vertex -16.4109 5.82044 4
    endloop
  endfacet
  facet normal -0 -0 1
    outer loop
      vertex -38.3 23 4
      vertex -15.6306 6.08533 4
      vertex -38.3145 23.2219 4
    endloop
  endfacet
  facet normal 0 0 1
    outer loop
      vertex -14.8223 6.2461 4
      vertex -38.3145 23.2219 4
      vertex -15.6306 6.08533 4
    endloop
  endfacet
  facet normal -0 -0 1
    outer loop
      vertex -38.3145 23.2219 4
      vertex -14.8223 6.2461 4
      vertex -38.3579 23.44 4
    endloop
  endfacet
  facet normal -0 -0 1
    outer loop
      vertex -38.3579 23.44 4
      vertex -14 6.3 4
      vertex -38.4294 23.6506 4
    endloop
  endfacet
  facet normal 0 0 1
    outer loop
      vertex 38.7979 24.2021 4
      vertex -38.7979 24.2021 4
      vertex -38.6513 24.0349 4
    endloop
  endfacet
  facet normal 0 0 1
    outer loop
      vertex 38.9651 24.3487 4
      vertex -38.9651 24.3487 4
      vertex -38.7979 24.2021 4
    endloop
  endfacet
  facet normal 0 0 1
    outer loop
      vertex 39.15 24.4722 4
      vertex -39.15 24.4722 4
      vertex -38.9651 24.3487 4
    endloop
  endfacet
  facet normal -0 0 1
    outer loop
      vertex -46 29 4
      vertex -39.15 24.4722 4
      vertex 46 29 4
    endloop
  endfacet
  facet normal 0 0 1
    outer loop
      vertex -39.15 24.4722 4
      vertex -46 29 4
      vertex -39.3494 24.5706 4
    endloop
  endfacet
  facet normal 0 0 1
    outer loop
      vertex -39.3494 24.5706 4
      vertex -46 29 4
      vertex -39.56 24.6421 4
    endloop
  endfacet
  facet normal 0 0 1
    outer loop
      vertex -39.56 24.6421 4
      vertex -46 29 4
      vertex -39.7781 24.6855 4
    endloop
  endfacet
  facet normal 0 0 1
    outer loop
      vertex -41.6421 -22.56 4
      vertex -46 -29 4
      vertex -41.6855 -22.7781 4
    endloop
  endfacet
  facet normal 0 0 1
    outer loop
      vertex -41.6855 23.2219 4
      vertex -46 29 4
      vertex -41.7 23 4
    endloop
  endfacet
  facet normal 0 0 1
    outer loop
      vertex -41.6421 23.44 4
      vertex -46 29 4
      vertex -41.6855 23.2219 4
    endloop
  endfacet
  facet normal 0 0 1
    outer loop
      vertex -41.5706 23.6506 4
      vertex -46 29 4
      vertex -41.6421 23.44 4
    endloop
  endfacet
  facet normal 0 0 1
    outer loop
      vertex -41.4722 23.85 4
      vertex -46 29 4
      vertex -41.5706 23.6506 4
    endloop
  endfacet
  facet normal 0 0 1
    outer loop
      vertex -41.3487 24.0349 4
      vertex -46 29 4
      vertex -41.4722 23.85 4
    endloop
  endfacet
  facet normal 0 0 1
    outer loop
      vertex -41.2021 24.2021 4
      vertex -46 29 4
      vertex -41.3487 24.0349 4
    endloop
  endfacet
  facet normal 0 0 1
    outer loop
      vertex -41.0349 24.3487 4
      vertex -46 29 4
      vertex -41.2021 24.2021 4
    endloop
  endfacet
  facet normal 0 0 1
    outer loop
      vertex -40.85 24.4722 4
      vertex -46 29 4
      vertex -41.0349 24.3487 4
    endloop
  endfacet
  facet normal 0 0 1
    outer loop
      vertex -40.6506 24.5706 4
      vertex -46 29 4
      vertex -40.85 24.4722 4
    endloop
  endfacet
  facet normal 0 0 1
    outer loop
      vertex -40.44 24.6421 4
      vertex -46 29 4
      vertex -40.6506 24.5706 4
    endloop
  endfacet
  facet normal 0 0 1
    outer loop
      vertex -40.2219 24.6855 4
      vertex -46 29 4
      vertex -40.44 24.6421 4
    endloop
  endfacet
  facet normal 0 0 1
    outer loop
      vertex -40 24.7 4
      vertex -46 29 4
      vertex -40.2219 24.6855 4
    endloop
  endfacet
  facet normal 0 0 1
    outer loop
      vertex -39.7781 24.6855 4
      vertex -46 29 4
      vertex -40 24.7 4
    endloop
  endfacet
  facet normal 0 0 1
    outer loop
      vertex 41.6421 22.56 4
      vertex 46 29 4
      vertex 41.6855 22.7781 4
    endloop
  endfacet
  facet normal -0 0 1
    outer loop
      vertex 41.6855 -23.2219 4
      vertex 46 -29 4
      vertex 41.7 -23 4
    endloop
  endfacet
  facet normal -0 0 1
    outer loop
      vertex 41.6421 -23.44 4
      vertex 46 -29 4
      vertex 41.6855 -23.2219 4
    endloop
  endfacet
  facet normal -0 0 1
    outer loop
      vertex 41.5706 -23.6506 4
      vertex 46 -29 4
      vertex 41.6421 -23.44 4
    endloop
  endfacet
  facet normal -0 0 1
    outer loop
      vertex 41.4722 -23.85 4
      vertex 46 -29 4
      vertex 41.5706 -23.6506 4
    endloop
  endfacet
  facet normal -0 0 1
    outer loop
      vertex 41.3487 -24.0349 4
      vertex 46 -29 4
      vertex 41.4722 -23.85 4
    endloop
  endfacet
  facet normal -0 0 1
    outer loop
      vertex 41.2021 -24.2021 4
      vertex 46 -29 4
      vertex 41.3487 -24.0349 4
    endloop
  endfacet
  facet normal -0 0 1
    outer loop
      vertex 41.0349 -24.3487 4
      vertex 46 -29 4
      vertex 41.2021 -24.2021 4
    endloop
  endfacet
  facet normal -0 0 1
    outer loop
      vertex 40.85 -24.4722 4
      vertex 46 -29 4
      vertex 41.0349 -24.3487 4
    endloop
  endfacet
  facet normal -0 0 1
    outer loop
      vertex 40.6506 -24.5706 4
      vertex 46 -29 4
      vertex 40.85 -24.4722 4
    endloop
  endfacet
  facet normal -0 0 1
    outer loop
      vertex 40.44 -24.6421 4
      vertex 46 -29 4
      vertex 40.6506 -24.5706 4
    endloop
  endfacet
  facet normal -0 0 1
    outer loop
      vertex 40.2219 -24.6855 4
      vertex 46 -29 4
      vertex 40.44 -24.6421 4
    endloop
  endfacet
  facet normal -0 0 1
    outer loop
      vertex 40 -24.7 4
      vertex 46 -29 4
      vertex 40.2219 -24.6855 4
    endloop
  endfacet
  facet normal 0 0 1
    outer loop
      vertex 39.7781 -24.6855 4
      vertex 46 -29 4
      vertex 40 -24.7 4
    endloop
  endfacet
  facet normal 0 0 1
    outer loop
      vertex 39.56 -24.6421 4
      vertex 46 -29 4
      vertex 39.7781 -24.6855 4
    endloop
  endfacet
  facet normal 0 0 1
    outer loop
      vertex 39.3494 -24.5706 4
      vertex 46 -29 4
      vertex 39.56 -24.6421 4
    endloop
  endfacet
  facet normal 0 0 1
    outer loop
      vertex 39.15 -24.4722 4
      vertex 46 -29 4
      vertex 39.3494 -24.5706 4
    endloop
  endfacet
  facet normal -0 0 1
    outer loop
      vertex 30.847 -10.6252 4
      vertex 38.7979 -21.7979 4
      vertex 32.2095 -10.1627 4
    endloop
  endfacet
  facet normal 0 0 1
    outer loop
      vertex 38.7979 -21.7979 4
      vertex 30.847 -10.6252 4
      vertex 38.6513 -21.9651 4
    endloop
  endfacet
  facet normal 0 0 1
    outer loop
      vertex 38.6513 -21.9651 4
      vertex 30.847 -10.6252 4
      vertex 38.5278 -22.15 4
    endloop
  endfacet
  facet normal -0 0 1
    outer loop
      vertex 29.4358 -10.9059 4
      vertex 38.5278 -22.15 4
      vertex 30.847 -10.6252 4
    endloop
  endfacet
  facet normal 0 0 1
    outer loop
      vertex 38.5278 -22.15 4
      vertex 29.4358 -10.9059 4
      vertex 38.4294 -22.3494 4
    endloop
  endfacet
  facet normal 0 0 1
    outer loop
      vertex 38.4294 -22.3494 4
      vertex 29.4358 -10.9059 4
      vertex 38.3579 -22.56 4
    endloop
  endfacet
  facet normal -0 0 1
    outer loop
      vertex 28 -11 4
      vertex 38.3579 -22.56 4
      vertex 29.4358 -10.9059 4
    endloop
  endfacet
  facet normal 0 0 1
    outer loop
      vertex 38.3579 -22.56 4
      vertex 28 -11 4
      vertex 38.3145 -22.7781 4
    endloop
  endfacet
  facet normal 0 0 1
    outer loop
      vertex 38.3145 -22.7781 4
      vertex 28 -11 4
      vertex 38.3 -23 4
    endloop
  endfacet
  facet normal 0 0 1
    outer loop
      vertex 26.5642 -10.9059 4
      vertex 38.3 -23 4
      vertex 28 -11 4
    endloop
  endfacet
  facet normal 0 0 1
    outer loop
      vertex 38.3 -23 4
      vertex 26.5642 -10.9059 4
      vertex 38.3145 -23.2219 4
    endloop
  endfacet
  facet normal 0 0 1
    outer loop
      vertex 38.3145 -23.2219 4
      vertex 26.5642 -10.9059 4
      vertex 38.3579 -23.44 4
    endloop
  endfacet
  facet normal 0 0 1
    outer loop
      vertex 25.153 -10.6252 4
      vertex 38.3579 -23.44 4
      vertex 26.5642 -10.9059 4
    endloop
  endfacet
  facet normal 0 0 1
    outer loop
      vertex 38.3579 -23.44 4
      vertex 25.153 -10.6252 4
      vertex 38.4294 -23.6506 4
    endloop
  endfacet
  facet normal 0 0 1
    outer loop
      vertex 23.7905 -10.1627 4
      vertex 38.4294 -23.6506 4
      vertex 25.153 -10.6252 4
    endloop
  endfacet
  facet normal 0 0 1
    outer loop
      vertex 38.4294 -23.6506 4
      vertex 23.7905 -10.1627 4
      vertex 38.5278 -23.85 4
    endloop
  endfacet
  facet normal 0 0 1
    outer loop
      vertex 22.5 -9.52628 4
      vertex 38.5278 -23.85 4
      vertex 23.7905 -10.1627 4
    endloop
  endfacet
  facet normal 0 0 1
    outer loop
      vertex 38.5278 -23.85 4
      vertex 22.5 -9.52628 4
      vertex 38.6513 -24.0349 4
    endloop
  endfacet
  facet normal 0 0 1
    outer loop
      vertex -12.3694 -6.08533 4
      vertex 38.6513 -24.0349 4
      vertex 22.5 -9.52628 4
    endloop
  endfacet
  facet normal 0 0 1
    outer loop
      vertex -11.5891 -5.82044 4
      vertex 22.5 -9.52628 4
      vertex 21.3036 -8.72689 4
    endloop
  endfacet
  facet normal 0 0 1
    outer loop
      vertex -10.85 -5.45596 4
      vertex 21.3036 -8.72689 4
      vertex 20.2218 -7.77817 4
    endloop
  endfacet
  facet normal 0 0 1
    outer loop
      vertex -7.7539 -0.822314 4
      vertex 17 0 4
      vertex -7.7 0 4
    endloop
  endfacet
  facet normal 0 0 1
    outer loop
      vertex 17 0 4
      vertex -7.7539 -0.822314 4
      vertex 17.0941 -1.43579 4
    endloop
  endfacet
  facet normal 0 0 1
    outer loop
      vertex -7.91467 -1.63056 4
      vertex 17.0941 -1.43579 4
      vertex -7.7539 -0.822314 4
    endloop
  endfacet
  facet normal 0 0 1
    outer loop
      vertex 17.0941 -1.43579 4
      vertex -7.91467 -1.63056 4
      vertex 17.3748 -2.84701 4
    endloop
  endfacet
  facet normal -0 0 1
    outer loop
      vertex -8.17956 -2.4109 4
      vertex 17.3748 -2.84701 4
      vertex -7.91467 -1.63056 4
    endloop
  endfacet
  facet normal 0 0 1
    outer loop
      vertex 17.3748 -2.84701 4
      vertex -8.17956 -2.4109 4
      vertex 17.8373 -4.20952 4
    endloop
  endfacet
  facet normal -0 0 1
    outer loop
      vertex -8.54404 -3.15 4
      vertex 17.8373 -4.20952 4
      vertex -8.17956 -2.4109 4
    endloop
  endfacet
  facet normal 0 0 1
    outer loop
      vertex 17.8373 -4.20952 4
      vertex -8.54404 -3.15 4
      vertex 18.4737 -5.5 4
    endloop
  endfacet
  facet normal -0 0 1
    outer loop
      vertex -9.00187 -3.8352 4
      vertex 18.4737 -5.5 4
      vertex -8.54404 -3.15 4
    endloop
  endfacet
  facet normal 0 0 1
    outer loop
      vertex 18.4737 -5.5 4
      vertex -9.00187 -3.8352 4
      vertex 19.2731 -6.69637 4
    endloop
  endfacet
  facet normal -0 0 1
    outer loop
      vertex -9.54523 -4.45477 4
      vertex 19.2731 -6.69637 4
      vertex -9.00187 -3.8352 4
    endloop
  endfacet
  facet normal -0 0 1
    outer loop
      vertex -10.1648 -4.99813 4
      vertex 19.2731 -6.69637 4
      vertex -9.54523 -4.45477 4
    endloop
  endfacet
  facet normal 0 0 1
    outer loop
      vertex 19.2731 -6.69637 4
      vertex -10.1648 -4.99813 4
      vertex 20.2218 -7.77817 4
    endloop
  endfacet
  facet normal -0 0 1
    outer loop
      vertex -10.85 -5.45596 4
      vertex 20.2218 -7.77817 4
      vertex -10.1648 -4.99813 4
    endloop
  endfacet
  facet normal 0 0 1
    outer loop
      vertex 21.3036 -8.72689 4
      vertex -10.85 -5.45596 4
      vertex -11.5891 -5.82044 4
    endloop
  endfacet
  facet normal 0 0 1
    outer loop
      vertex 22.5 -9.52628 4
      vertex -11.5891 -5.82044 4
      vertex -12.3694 -6.08533 4
    endloop
  endfacet
  facet normal 0 0 1
    outer loop
      vertex -38.6513 -24.0349 4
      vertex 38.6513 -24.0349 4
      vertex -12.3694 -6.08533 4
    endloop
  endfacet
  facet normal 0 0 1
    outer loop
      vertex 38.6513 -24.0349 4
      vertex -38.6513 -24.0349 4
      vertex 38.7979 -24.2021 4
    endloop
  endfacet
  facet normal 0 0 1
    outer loop
      vertex -38.7979 -24.2021 4
      vertex 38.7979 -24.2021 4
      vertex -38.6513 -24.0349 4
    endloop
  endfacet
  facet normal 0 0 1
    outer loop
      vertex 38.7979 -24.2021 4
      vertex -38.7979 -24.2021 4
      vertex 38.9651 -24.3487 4
    endloop
  endfacet
  facet normal 0 0 1
    outer loop
      vertex -38.5278 -23.85 4
      vertex -12.3694 -6.08533 4
      vertex -13.1777 -6.2461 4
    endloop
  endfacet
  facet normal 0 0 1
    outer loop
      vertex -38.4294 -23.6506 4
      vertex -13.1777 -6.2461 4
      vertex -14 -6.3 4
    endloop
  endfacet
  facet normal 0 0 1
    outer loop
      vertex -38.3579 -23.44 4
      vertex -14 -6.3 4
      vertex -14.8223 -6.2461 4
    endloop
  endfacet
  facet normal 0 0 1
    outer loop
      vertex -38.3145 -23.2219 4
      vertex -14.8223 -6.2461 4
      vertex -15.6306 -6.08533 4
    endloop
  endfacet
  facet normal 0 0 1
    outer loop
      vertex -38.3 -23 4
      vertex -15.6306 -6.08533 4
      vertex -16.4109 -5.82044 4
    endloop
  endfacet
  facet normal 0 0 1
    outer loop
      vertex -18.4548 4.45477 4
      vertex -38.7979 21.7979 4
      vertex -18.9981 3.8352 4
    endloop
  endfacet
  facet normal 0 0 1
    outer loop
      vertex -20.3 0 4
      vertex -38.3 -23 4
      vertex -20.2461 -0.822314 4
    endloop
  endfacet
  facet normal 0 0 1
    outer loop
      vertex -20.2461 -0.822314 4
      vertex -38.3 -23 4
      vertex -20.0853 -1.63056 4
    endloop
  endfacet
  facet normal 0 0 1
    outer loop
      vertex -20.0853 -1.63056 4
      vertex -38.3 -23 4
      vertex -19.8204 -2.4109 4
    endloop
  endfacet
  facet normal 0 0 1
    outer loop
      vertex -19.8204 -2.4109 4
      vertex -38.3 -23 4
      vertex -19.456 -3.15 4
    endloop
  endfacet
  facet normal 0 0 1
    outer loop
      vertex -19.456 -3.15 4
      vertex -38.3 -23 4
      vertex -18.9981 -3.8352 4
    endloop
  endfacet
  facet normal 0 0 1
    outer loop
      vertex -38.3 -23 4
      vertex -18.4548 -4.45477 4
      vertex -18.9981 -3.8352 4
    endloop
  endfacet
  facet normal 0 0 1
    outer loop
      vertex -38.3 -23 4
      vertex -17.8352 -4.99813 4
      vertex -18.4548 -4.45477 4
    endloop
  endfacet
  facet normal 0 0 1
    outer loop
      vertex -38.3 -23 4
      vertex -17.15 -5.45596 4
      vertex -17.8352 -4.99813 4
    endloop
  endfacet
  facet normal 0 0 1
    outer loop
      vertex -38.3 -23 4
      vertex -16.4109 -5.82044 4
      vertex -17.15 -5.45596 4
    endloop
  endfacet
  facet normal 0 0 1
    outer loop
      vertex -15.6306 -6.08533 4
      vertex -38.3 -23 4
      vertex -38.3145 -23.2219 4
    endloop
  endfacet
  facet normal 0 0 1
    outer loop
      vertex -14.8223 -6.2461 4
      vertex -38.3145 -23.2219 4
      vertex -38.3579 -23.44 4
    endloop
  endfacet
  facet normal 0 0 1
    outer loop
      vertex -14 -6.3 4
      vertex -38.3579 -23.44 4
      vertex -38.4294 -23.6506 4
    endloop
  endfacet
  facet normal 0 0 1
    outer loop
      vertex -13.1777 -6.2461 4
      vertex -38.4294 -23.6506 4
      vertex -38.5278 -23.85 4
    endloop
  endfacet
  facet normal 0 0 1
    outer loop
      vertex -12.3694 -6.08533 4
      vertex -38.5278 -23.85 4
      vertex -38.6513 -24.0349 4
    endloop
  endfacet
  facet normal 0 0 1
    outer loop
      vertex -38.9651 -24.3487 4
      vertex 38.9651 -24.3487 4
      vertex -38.7979 -24.2021 4
    endloop
  endfacet
  facet normal 0 0 1
    outer loop
      vertex 38.9651 -24.3487 4
      vertex -38.9651 -24.3487 4
      vertex 39.15 -24.4722 4
    endloop
  endfacet
  facet normal 0 0 1
    outer loop
      vertex -39.15 -24.4722 4
      vertex 39.15 -24.4722 4
      vertex -38.9651 -24.3487 4
    endloop
  endfacet
  facet normal 0 0 1
    outer loop
      vertex 39.15 -24.4722 4
      vertex -39.15 -24.4722 4
      vertex 46 -29 4
    endloop
  endfacet
  facet normal 0 0 1
    outer loop
      vertex -46 -29 4
      vertex -39.15 -24.4722 4
      vertex -39.3494 -24.5706 4
    endloop
  endfacet
  facet normal 0 0 1
    outer loop
      vertex -46 -29 4
      vertex -39.3494 -24.5706 4
      vertex -39.56 -24.6421 4
    endloop
  endfacet
  facet normal 0 0 1
    outer loop
      vertex -46 -29 4
      vertex -39.56 -24.6421 4
      vertex -39.7781 -24.6855 4
    endloop
  endfacet
  facet normal 0 0 1
    outer loop
      vertex -46 -29 4
      vertex -39.7781 -24.6855 4
      vertex -40 -24.7 4
    endloop
  endfacet
  facet normal 0 0 1
    outer loop
      vertex -41.6855 -22.7781 4
      vertex -46 -29 4
      vertex -41.7 -23 4
    endloop
  endfacet
  facet normal 0 0 1
    outer loop
      vertex -39.15 -24.4722 4
      vertex -46 -29 4
      vertex 46 -29 4
    endloop
  endfacet
  facet normal 0 0 1
    outer loop
      vertex -40.2219 -24.6855 4
      vertex -46 -29 4
      vertex -40 -24.7 4
    endloop
  endfacet
  facet normal 0 0 1
    outer loop
      vertex -40.44 -24.6421 4
      vertex -46 -29 4
      vertex -40.2219 -24.6855 4
    endloop
  endfacet
  facet normal 0 0 1
    outer loop
      vertex -40.6506 -24.5706 4
      vertex -46 -29 4
      vertex -40.44 -24.6421 4
    endloop
  endfacet
  facet normal 0 0 1
    outer loop
      vertex -40.85 -24.4722 4
      vertex -46 -29 4
      vertex -40.6506 -24.5706 4
    endloop
  endfacet
  facet normal 0 0 1
    outer loop
      vertex -41.0349 -24.3487 4
      vertex -46 -29 4
      vertex -40.85 -24.4722 4
    endloop
  endfacet
  facet normal 0 0 1
    outer loop
      vertex -41.2021 -24.2021 4
      vertex -46 -29 4
      vertex -41.0349 -24.3487 4
    endloop
  endfacet
  facet normal 0 0 1
    outer loop
      vertex -41.3487 -24.0349 4
      vertex -46 -29 4
      vertex -41.2021 -24.2021 4
    endloop
  endfacet
  facet normal 0 0 1
    outer loop
      vertex -41.4722 -23.85 4
      vertex -46 -29 4
      vertex -41.3487 -24.0349 4
    endloop
  endfacet
  facet normal 0 0 1
    outer loop
      vertex -41.5706 -23.6506 4
      vertex -46 -29 4
      vertex -41.4722 -23.85 4
    endloop
  endfacet
  facet normal 0 0 1
    outer loop
      vertex -41.6421 -23.44 4
      vertex -46 -29 4
      vertex -41.5706 -23.6506 4
    endloop
  endfacet
  facet normal 0 0 1
    outer loop
      vertex -41.6855 -23.2219 4
      vertex -46 -29 4
      vertex -41.6421 -23.44 4
    endloop
  endfacet
  facet normal 0 0 1
    outer loop
      vertex -41.7 -23 4
      vertex -46 -29 4
      vertex -41.6855 -23.2219 4
    endloop
  endfacet
  facet normal 0 0 1
    outer loop
      vertex 40.44 -21.3579 4
      vertex 35.7782 -7.77817 4
      vertex 40.2219 -21.3145 4
    endloop
  endfacet
  facet normal 0 0 1
    outer loop
      vertex 40.2219 -21.3145 4
      vertex 35.7782 -7.77817 4
      vertex 40 -21.3 4
    endloop
  endfacet
  facet normal -0 0 1
    outer loop
      vertex 34.6964 -8.72689 4
      vertex 40 -21.3 4
      vertex 35.7782 -7.77817 4
    endloop
  endfacet
  facet normal 0 0 1
    outer loop
      vertex 40 -21.3 4
      vertex 34.6964 -8.72689 4
      vertex 39.7781 -21.3145 4
    endloop
  endfacet
  facet normal 0 0 1
    outer loop
      vertex 39.7781 -21.3145 4
      vertex 34.6964 -8.72689 4
      vertex 39.56 -21.3579 4
    endloop
  endfacet
  facet normal -0 0 1
    outer loop
      vertex 33.5 -9.52628 4
      vertex 39.56 -21.3579 4
      vertex 34.6964 -8.72689 4
    endloop
  endfacet
  facet normal 0 0 1
    outer loop
      vertex 39.56 -21.3579 4
      vertex 33.5 -9.52628 4
      vertex 39.3494 -21.4294 4
    endloop
  endfacet
  facet normal 0 0 1
    outer loop
      vertex 39.3494 -21.4294 4
      vertex 33.5 -9.52628 4
      vertex 39.15 -21.5278 4
    endloop
  endfacet
  facet normal -0 0 1
    outer loop
      vertex 32.2095 -10.1627 4
      vertex 39.15 -21.5278 4
      vertex 33.5 -9.52628 4
    endloop
  endfacet
  facet normal 0 0 1
    outer loop
      vertex 39.15 -21.5278 4
      vertex 32.2095 -10.1627 4
      vertex 38.9651 -21.6513 4
    endloop
  endfacet
  facet normal 0 0 1
    outer loop
      vertex 38.9651 -21.6513 4
      vertex 32.2095 -10.1627 4
      vertex 38.7979 -21.7979 4
    endloop
  endfacet
  facet normal 0.946932 0.321433 0
    outer loop
      vertex 38.6252 2.84701 9
      vertex 38.1627 4.20952 4
      vertex 38.1627 4.20952 9
    endloop
  endfacet
  facet normal 0.946932 0.321433 0
    outer loop
      vertex 38.1627 4.20952 4
      vertex 38.6252 2.84701 9
      vertex 38.6252 2.84701 4
    endloop
  endfacet
  facet normal 0.555561 0.831476 -0
    outer loop
      vertex 34.6964 8.72689 4
      vertex 33.5 9.52628 9
      vertex 34.6964 8.72689 9
    endloop
  endfacet
  facet normal 0.555561 0.831476 0
    outer loop
      vertex 33.5 9.52628 9
      vertex 34.6964 8.72689 4
      vertex 33.5 9.52628 4
    endloop
  endfacet
  facet normal 0.0653981 0.997859 -0
    outer loop
      vertex 29.4358 10.9059 4
      vertex 28 11 9
      vertex 29.4358 10.9059 9
    endloop
  endfacet
  facet normal 0.0653981 0.997859 0
    outer loop
      vertex 28 11 9
      vertex 29.4358 10.9059 4
      vertex 28 11 4
    endloop
  endfacet
  facet normal 0.321435 0.946931 -0
    outer loop
      vertex 32.2095 10.1627 4
      vertex 30.847 10.6252 9
      vertex 32.2095 10.1627 9
    endloop
  endfacet
  facet normal 0.321435 0.946931 0
    outer loop
      vertex 30.847 10.6252 9
      vertex 32.2095 10.1627 4
      vertex 30.847 10.6252 4
    endloop
  endfacet
  facet normal -0.997859 0.0653985 0
    outer loop
      vertex 17 0 4
      vertex 17.0941 1.43579 9
      vertex 17.0941 1.43579 4
    endloop
  endfacet
  facet normal -0.997859 0.0653985 0
    outer loop
      vertex 17.0941 1.43579 9
      vertex 17 0 4
      vertex 17 0 9
    endloop
  endfacet
  facet normal 0 0 1
    outer loop
      vertex 36.5 0 9
      vertex 39 0 9
      vertex 38.9059 1.43579 9
    endloop
  endfacet
  facet normal 0 0 1
    outer loop
      vertex 36.4273 1.10947 9
      vertex 38.9059 1.43579 9
      vertex 38.6252 2.84701 9
    endloop
  endfacet
  facet normal 0 0 1
    outer loop
      vertex 39 0 9
      vertex 36.5 0 9
      vertex 38.9059 -1.43579 9
    endloop
  endfacet
  facet normal 0 0 1
    outer loop
      vertex 36.2104 2.19996 9
      vertex 38.6252 2.84701 9
      vertex 38.1627 4.20952 9
    endloop
  endfacet
  facet normal -0 0 1
    outer loop
      vertex 36.4273 -1.10947 9
      vertex 38.9059 -1.43579 9
      vertex 36.5 0 9
    endloop
  endfacet
  facet normal 0 0 1
    outer loop
      vertex 35.853 3.25281 9
      vertex 38.1627 4.20952 9
      vertex 37.5263 5.5 9
    endloop
  endfacet
  facet normal 0 0 1
    outer loop
      vertex 38.9059 -1.43579 9
      vertex 36.4273 -1.10947 9
      vertex 38.6252 -2.84701 9
    endloop
  endfacet
  facet normal 0 0 1
    outer loop
      vertex 35.3612 4.25 9
      vertex 37.5263 5.5 9
      vertex 36.7269 6.69637 9
    endloop
  endfacet
  facet normal -0 0 1
    outer loop
      vertex 36.2104 -2.19996 9
      vertex 38.6252 -2.84701 9
      vertex 36.4273 -1.10947 9
    endloop
  endfacet
  facet normal 0 0 1
    outer loop
      vertex 38.6252 -2.84701 9
      vertex 36.2104 -2.19996 9
      vertex 38.1627 -4.20952 9
    endloop
  endfacet
  facet normal 0 0 1
    outer loop
      vertex 38.9059 1.43579 9
      vertex 36.4273 1.10947 9
      vertex 36.5 0 9
    endloop
  endfacet
  facet normal 0 0 1
    outer loop
      vertex 38.6252 2.84701 9
      vertex 36.2104 2.19996 9
      vertex 36.4273 1.10947 9
    endloop
  endfacet
  facet normal 0 0 1
    outer loop
      vertex 38.1627 4.20952 9
      vertex 35.853 3.25281 9
      vertex 36.2104 2.19996 9
    endloop
  endfacet
  facet normal 0 0 1
    outer loop
      vertex 34.7435 5.17447 9
      vertex 36.7269 6.69637 9
      vertex 35.7782 7.77817 9
    endloop
  endfacet
  facet normal 0 0 1
    outer loop
      vertex 37.5263 5.5 9
      vertex 35.3612 4.25 9
      vertex 35.853 3.25281 9
    endloop
  endfacet
  facet normal 0 0 1
    outer loop
      vertex 36.7269 6.69637 9
      vertex 34.7435 5.17447 9
      vertex 35.3612 4.25 9
    endloop
  endfacet
  facet normal 0 0 1
    outer loop
      vertex 34.0104 6.01041 9
      vertex 35.7782 7.77817 9
      vertex 34.6964 8.72689 9
    endloop
  endfacet
  facet normal 0 0 1
    outer loop
      vertex 35.7782 7.77817 9
      vertex 34.0104 6.01041 9
      vertex 34.7435 5.17447 9
    endloop
  endfacet
  facet normal 0 0 1
    outer loop
      vertex 33.1745 6.7435 9
      vertex 34.6964 8.72689 9
      vertex 33.5 9.52628 9
    endloop
  endfacet
  facet normal 0 0 1
    outer loop
      vertex 34.6964 8.72689 9
      vertex 33.1745 6.7435 9
      vertex 34.0104 6.01041 9
    endloop
  endfacet
  facet normal 0 0 1
    outer loop
      vertex 33.5 9.52628 9
      vertex 32.25 7.36122 9
      vertex 33.1745 6.7435 9
    endloop
  endfacet
  facet normal 0 0 1
    outer loop
      vertex 32.2095 10.1627 9
      vertex 32.25 7.36122 9
      vertex 33.5 9.52628 9
    endloop
  endfacet
  facet normal 0 0 1
    outer loop
      vertex 32.2095 10.1627 9
      vertex 31.2528 7.85298 9
      vertex 32.25 7.36122 9
    endloop
  endfacet
  facet normal 0 0 1
    outer loop
      vertex 30.847 10.6252 9
      vertex 31.2528 7.85298 9
      vertex 32.2095 10.1627 9
    endloop
  endfacet
  facet normal 0 0 1
    outer loop
      vertex 30.847 10.6252 9
      vertex 30.2 8.21037 9
      vertex 31.2528 7.85298 9
    endloop
  endfacet
  facet normal 0 0 1
    outer loop
      vertex 29.4358 10.9059 9
      vertex 30.2 8.21037 9
      vertex 30.847 10.6252 9
    endloop
  endfacet
  facet normal 0 0 1
    outer loop
      vertex 29.4358 10.9059 9
      vertex 29.1095 8.42728 9
      vertex 30.2 8.21037 9
    endloop
  endfacet
  facet normal 0 0 1
    outer loop
      vertex 28 11 9
      vertex 29.1095 8.42728 9
      vertex 29.4358 10.9059 9
    endloop
  endfacet
  facet normal 0 0 1
    outer loop
      vertex 28 11 9
      vertex 28 8.5 9
      vertex 29.1095 8.42728 9
    endloop
  endfacet
  facet normal 0 0 1
    outer loop
      vertex 28 11 9
      vertex 26.8905 8.42728 9
      vertex 28 8.5 9
    endloop
  endfacet
  facet normal -0 0 1
    outer loop
      vertex 26.5642 10.9059 9
      vertex 26.8905 8.42728 9
      vertex 28 11 9
    endloop
  endfacet
  facet normal 0 0 1
    outer loop
      vertex 26.5642 10.9059 9
      vertex 25.8 8.21037 9
      vertex 26.8905 8.42728 9
    endloop
  endfacet
  facet normal -0 0 1
    outer loop
      vertex 25.153 10.6252 9
      vertex 25.8 8.21037 9
      vertex 26.5642 10.9059 9
    endloop
  endfacet
  facet normal 0 0 1
    outer loop
      vertex 25.153 10.6252 9
      vertex 24.7472 7.85298 9
      vertex 25.8 8.21037 9
    endloop
  endfacet
  facet normal -0 0 1
    outer loop
      vertex 23.7905 10.1627 9
      vertex 24.7472 7.85298 9
      vertex 25.153 10.6252 9
    endloop
  endfacet
  facet normal 0 0 1
    outer loop
      vertex 23.7905 10.1627 9
      vertex 23.75 7.36122 9
      vertex 24.7472 7.85298 9
    endloop
  endfacet
  facet normal -0 0 1
    outer loop
      vertex 22.5 9.52628 9
      vertex 23.75 7.36122 9
      vertex 23.7905 10.1627 9
    endloop
  endfacet
  facet normal 0 0 1
    outer loop
      vertex 23.75 7.36122 9
      vertex 22.5 9.52628 9
      vertex 22.8255 6.7435 9
    endloop
  endfacet
  facet normal -0 0 1
    outer loop
      vertex 21.3036 8.72689 9
      vertex 22.8255 6.7435 9
      vertex 22.5 9.52628 9
    endloop
  endfacet
  facet normal 0 0 1
    outer loop
      vertex 22.8255 6.7435 9
      vertex 21.3036 8.72689 9
      vertex 21.9896 6.01041 9
    endloop
  endfacet
  facet normal -0 0 1
    outer loop
      vertex 20.2218 7.77817 9
      vertex 21.9896 6.01041 9
      vertex 21.3036 8.72689 9
    endloop
  endfacet
  facet normal 0 0 1
    outer loop
      vertex 21.9896 6.01041 9
      vertex 20.2218 7.77817 9
      vertex 21.2565 5.17447 9
    endloop
  endfacet
  facet normal -0 0 1
    outer loop
      vertex 19.2731 6.69637 9
      vertex 21.2565 5.17447 9
      vertex 20.2218 7.77817 9
    endloop
  endfacet
  facet normal 0 0 1
    outer loop
      vertex 21.2565 5.17447 9
      vertex 19.2731 6.69637 9
      vertex 20.6388 4.25 9
    endloop
  endfacet
  facet normal -0 0 1
    outer loop
      vertex 18.4737 5.5 9
      vertex 20.6388 4.25 9
      vertex 19.2731 6.69637 9
    endloop
  endfacet
  facet normal 0 0 1
    outer loop
      vertex 20.6388 4.25 9
      vertex 18.4737 5.5 9
      vertex 20.147 3.25281 9
    endloop
  endfacet
  facet normal 0 0 1
    outer loop
      vertex 20.147 3.25281 9
      vertex 17.8373 4.20952 9
      vertex 19.7896 2.19996 9
    endloop
  endfacet
  facet normal -0 0 1
    outer loop
      vertex 17.8373 4.20952 9
      vertex 20.147 3.25281 9
      vertex 18.4737 5.5 9
    endloop
  endfacet
  facet normal -0 0 1
    outer loop
      vertex 35.853 -3.25281 9
      vertex 38.1627 -4.20952 9
      vertex 36.2104 -2.19996 9
    endloop
  endfacet
  facet normal 0 0 1
    outer loop
      vertex 38.1627 -4.20952 9
      vertex 35.853 -3.25281 9
      vertex 37.5263 -5.5 9
    endloop
  endfacet
  facet normal -0 0 1
    outer loop
      vertex 35.3612 -4.25 9
      vertex 37.5263 -5.5 9
      vertex 35.853 -3.25281 9
    endloop
  endfacet
  facet normal 0 0 1
    outer loop
      vertex 37.5263 -5.5 9
      vertex 35.3612 -4.25 9
      vertex 36.7269 -6.69637 9
    endloop
  endfacet
  facet normal -0 0 1
    outer loop
      vertex 34.7435 -5.17447 9
      vertex 36.7269 -6.69637 9
      vertex 35.3612 -4.25 9
    endloop
  endfacet
  facet normal 0 0 1
    outer loop
      vertex 36.7269 -6.69637 9
      vertex 34.7435 -5.17447 9
      vertex 35.7782 -7.77817 9
    endloop
  endfacet
  facet normal -0 0 1
    outer loop
      vertex 34.0104 -6.01041 9
      vertex 35.7782 -7.77817 9
      vertex 34.7435 -5.17447 9
    endloop
  endfacet
  facet normal 0 0 1
    outer loop
      vertex 35.7782 -7.77817 9
      vertex 34.0104 -6.01041 9
      vertex 34.6964 -8.72689 9
    endloop
  endfacet
  facet normal -0 0 1
    outer loop
      vertex 33.1745 -6.7435 9
      vertex 34.6964 -8.72689 9
      vertex 34.0104 -6.01041 9
    endloop
  endfacet
  facet normal 0 0 1
    outer loop
      vertex 34.6964 -8.72689 9
      vertex 33.1745 -6.7435 9
      vertex 33.5 -9.52628 9
    endloop
  endfacet
  facet normal -0 0 1
    outer loop
      vertex 32.25 -7.36122 9
      vertex 33.5 -9.52628 9
      vertex 33.1745 -6.7435 9
    endloop
  endfacet
  facet normal 0 0 1
    outer loop
      vertex 32.25 -7.36122 9
      vertex 32.2095 -10.1627 9
      vertex 33.5 -9.52628 9
    endloop
  endfacet
  facet normal -0 0 1
    outer loop
      vertex 31.2528 -7.85298 9
      vertex 32.2095 -10.1627 9
      vertex 32.25 -7.36122 9
    endloop
  endfacet
  facet normal 0 0 1
    outer loop
      vertex 31.2528 -7.85298 9
      vertex 30.847 -10.6252 9
      vertex 32.2095 -10.1627 9
    endloop
  endfacet
  facet normal -0 0 1
    outer loop
      vertex 30.2 -8.21037 9
      vertex 30.847 -10.6252 9
      vertex 31.2528 -7.85298 9
    endloop
  endfacet
  facet normal 0 0 1
    outer loop
      vertex 30.2 -8.21037 9
      vertex 29.4358 -10.9059 9
      vertex 30.847 -10.6252 9
    endloop
  endfacet
  facet normal -0 0 1
    outer loop
      vertex 29.1095 -8.42728 9
      vertex 29.4358 -10.9059 9
      vertex 30.2 -8.21037 9
    endloop
  endfacet
  facet normal -0 0 1
    outer loop
      vertex 28 -8.5 9
      vertex 29.4358 -10.9059 9
      vertex 29.1095 -8.42728 9
    endloop
  endfacet
  facet normal 0 0 1
    outer loop
      vertex 28 -8.5 9
      vertex 28 -11 9
      vertex 29.4358 -10.9059 9
    endloop
  endfacet
  facet normal 0 0 1
    outer loop
      vertex 26.8905 -8.42728 9
      vertex 28 -11 9
      vertex 28 -8.5 9
    endloop
  endfacet
  facet normal 0 0 1
    outer loop
      vertex 26.8905 -8.42728 9
      vertex 26.5642 -10.9059 9
      vertex 28 -11 9
    endloop
  endfacet
  facet normal 0 0 1
    outer loop
      vertex 25.8 -8.21037 9
      vertex 26.5642 -10.9059 9
      vertex 26.8905 -8.42728 9
    endloop
  endfacet
  facet normal 0 0 1
    outer loop
      vertex 25.8 -8.21037 9
      vertex 25.153 -10.6252 9
      vertex 26.5642 -10.9059 9
    endloop
  endfacet
  facet normal 0 0 1
    outer loop
      vertex 24.7472 -7.85298 9
      vertex 25.153 -10.6252 9
      vertex 25.8 -8.21037 9
    endloop
  endfacet
  facet normal 0 0 1
    outer loop
      vertex 24.7472 -7.85298 9
      vertex 23.7905 -10.1627 9
      vertex 25.153 -10.6252 9
    endloop
  endfacet
  facet normal 0 0 1
    outer loop
      vertex 23.75 -7.36122 9
      vertex 23.7905 -10.1627 9
      vertex 24.7472 -7.85298 9
    endloop
  endfacet
  facet normal 0 0 1
    outer loop
      vertex 22.5 -9.52628 9
      vertex 23.75 -7.36122 9
      vertex 22.8255 -6.7435 9
    endloop
  endfacet
  facet normal 0 0 1
    outer loop
      vertex 23.75 -7.36122 9
      vertex 22.5 -9.52628 9
      vertex 23.7905 -10.1627 9
    endloop
  endfacet
  facet normal 0 0 1
    outer loop
      vertex 21.3036 -8.72689 9
      vertex 22.8255 -6.7435 9
      vertex 21.9896 -6.01041 9
    endloop
  endfacet
  facet normal 0 0 1
    outer loop
      vertex 22.8255 -6.7435 9
      vertex 21.3036 -8.72689 9
      vertex 22.5 -9.52628 9
    endloop
  endfacet
  facet normal 0 0 1
    outer loop
      vertex 20.2218 -7.77817 9
      vertex 21.9896 -6.01041 9
      vertex 21.2565 -5.17447 9
    endloop
  endfacet
  facet normal 0 0 1
    outer loop
      vertex 19.2731 -6.69637 9
      vertex 21.2565 -5.17447 9
      vertex 20.6388 -4.25 9
    endloop
  endfacet
  facet normal 0 0 1
    outer loop
      vertex 21.9896 -6.01041 9
      vertex 20.2218 -7.77817 9
      vertex 21.3036 -8.72689 9
    endloop
  endfacet
  facet normal 0 0 1
    outer loop
      vertex 18.4737 -5.5 9
      vertex 20.6388 -4.25 9
      vertex 20.147 -3.25281 9
    endloop
  endfacet
  facet normal 0 0 1
    outer loop
      vertex 17.8373 -4.20952 9
      vertex 20.147 -3.25281 9
      vertex 19.7896 -2.19996 9
    endloop
  endfacet
  facet normal 0 0 1
    outer loop
      vertex 17.3748 -2.84701 9
      vertex 19.7896 -2.19996 9
      vertex 19.5727 -1.10947 9
    endloop
  endfacet
  facet normal 0 0 1
    outer loop
      vertex 21.2565 -5.17447 9
      vertex 19.2731 -6.69637 9
      vertex 20.2218 -7.77817 9
    endloop
  endfacet
  facet normal 0 0 1
    outer loop
      vertex 17.0941 -1.43579 9
      vertex 19.5727 -1.10947 9
      vertex 19.5 0 9
    endloop
  endfacet
  facet normal -0 0 1
    outer loop
      vertex 17.3748 2.84701 9
      vertex 19.7896 2.19996 9
      vertex 17.8373 4.20952 9
    endloop
  endfacet
  facet normal 0 0 1
    outer loop
      vertex 19.7896 2.19996 9
      vertex 17.3748 2.84701 9
      vertex 19.5727 1.10947 9
    endloop
  endfacet
  facet normal 0 0 1
    outer loop
      vertex 20.6388 -4.25 9
      vertex 18.4737 -5.5 9
      vertex 19.2731 -6.69637 9
    endloop
  endfacet
  facet normal -0 0 1
    outer loop
      vertex 17.0941 1.43579 9
      vertex 19.5727 1.10947 9
      vertex 17.3748 2.84701 9
    endloop
  endfacet
  facet normal 0 0 1
    outer loop
      vertex 20.147 -3.25281 9
      vertex 17.8373 -4.20952 9
      vertex 18.4737 -5.5 9
    endloop
  endfacet
  facet normal 0 0 1
    outer loop
      vertex 19.5727 1.10947 9
      vertex 17.0941 1.43579 9
      vertex 19.5 0 9
    endloop
  endfacet
  facet normal 0 0 1
    outer loop
      vertex 19.7896 -2.19996 9
      vertex 17.3748 -2.84701 9
      vertex 17.8373 -4.20952 9
    endloop
  endfacet
  facet normal 0 0 1
    outer loop
      vertex 17 0 9
      vertex 19.5 0 9
      vertex 17.0941 1.43579 9
    endloop
  endfacet
  facet normal 0 0 1
    outer loop
      vertex 19.5727 -1.10947 9
      vertex 17.0941 -1.43579 9
      vertex 17.3748 -2.84701 9
    endloop
  endfacet
  facet normal 0 0 1
    outer loop
      vertex 19.5 0 9
      vertex 17 0 9
      vertex 17.0941 -1.43579 9
    endloop
  endfacet
  facet normal -0.946932 0.321433 0
    outer loop
      vertex 17.3748 2.84701 4
      vertex 17.8373 4.20952 9
      vertex 17.8373 4.20952 4
    endloop
  endfacet
  facet normal -0.946932 0.321433 0
    outer loop
      vertex 17.8373 4.20952 9
      vertex 17.3748 2.84701 4
      vertex 17.3748 2.84701 9
    endloop
  endfacet
  facet normal -0.831466 0.555576 0
    outer loop
      vertex 18.4737 5.5 4
      vertex 19.2731 6.69637 9
      vertex 19.2731 6.69637 4
    endloop
  endfacet
  facet normal -0.831466 0.555576 0
    outer loop
      vertex 19.2731 6.69637 9
      vertex 18.4737 5.5 4
      vertex 18.4737 5.5 9
    endloop
  endfacet
  facet normal -0.0653981 0.997859 0
    outer loop
      vertex 28 11 4
      vertex 26.5642 10.9059 9
      vertex 28 11 9
    endloop
  endfacet
  facet normal -0.0653981 0.997859 0
    outer loop
      vertex 26.5642 10.9059 9
      vertex 28 11 4
      vertex 26.5642 10.9059 4
    endloop
  endfacet
  facet normal -0.555561 0.831476 0
    outer loop
      vertex 22.5 9.52628 4
      vertex 21.3036 8.72689 9
      vertex 22.5 9.52628 9
    endloop
  endfacet
  facet normal -0.555561 0.831476 0
    outer loop
      vertex 21.3036 8.72689 9
      vertex 22.5 9.52628 4
      vertex 21.3036 8.72689 4
    endloop
  endfacet
  facet normal -0.659349 0.751837 0
    outer loop
      vertex 21.3036 8.72689 4
      vertex 20.2218 7.77817 9
      vertex 21.3036 8.72689 9
    endloop
  endfacet
  facet normal -0.659349 0.751837 0
    outer loop
      vertex 20.2218 7.77817 9
      vertex 21.3036 8.72689 4
      vertex 20.2218 7.77817 4
    endloop
  endfacet
  facet normal 0.0653981 -0.997859 0
    outer loop
      vertex 28 -11 4
      vertex 29.4358 -10.9059 9
      vertex 28 -11 9
    endloop
  endfacet
  facet normal 0.0653981 -0.997859 0
    outer loop
      vertex 29.4358 -10.9059 9
      vertex 28 -11 4
      vertex 29.4358 -10.9059 4
    endloop
  endfacet
  facet normal 0.896871 -0.442292 0
    outer loop
      vertex 37.5263 -5.5 9
      vertex 38.1627 -4.20952 4
      vertex 38.1627 -4.20952 9
    endloop
  endfacet
  facet normal 0.896871 -0.442292 0
    outer loop
      vertex 38.1627 -4.20952 4
      vertex 37.5263 -5.5 9
      vertex 37.5263 -5.5 4
    endloop
  endfacet
  facet normal 0.555561 -0.831476 0
    outer loop
      vertex 33.5 -9.52628 4
      vertex 34.6964 -8.72689 9
      vertex 33.5 -9.52628 9
    endloop
  endfacet
  facet normal 0.555561 -0.831476 0
    outer loop
      vertex 34.6964 -8.72689 9
      vertex 33.5 -9.52628 4
      vertex 34.6964 -8.72689 4
    endloop
  endfacet
  facet normal -0.442298 -0.896868 0
    outer loop
      vertex 22.5 -9.52628 4
      vertex 23.7905 -10.1627 9
      vertex 22.5 -9.52628 9
    endloop
  endfacet
  facet normal -0.442298 -0.896868 -0
    outer loop
      vertex 23.7905 -10.1627 9
      vertex 22.5 -9.52628 4
      vertex 23.7905 -10.1627 4
    endloop
  endfacet
  facet normal -0.946932 -0.321433 0
    outer loop
      vertex 17.8373 -4.20952 4
      vertex 17.3748 -2.84701 9
      vertex 17.3748 -2.84701 4
    endloop
  endfacet
  facet normal -0.946932 -0.321433 0
    outer loop
      vertex 17.3748 -2.84701 9
      vertex 17.8373 -4.20952 4
      vertex 17.8373 -4.20952 9
    endloop
  endfacet
  facet normal -0.997859 -0.0653985 0
    outer loop
      vertex 17.0941 -1.43579 4
      vertex 17 0 9
      vertex 17 0 4
    endloop
  endfacet
  facet normal -0.997859 -0.0653985 0
    outer loop
      vertex 17 0 9
      vertex 17.0941 -1.43579 4
      vertex 17.0941 -1.43579 9
    endloop
  endfacet
  facet normal -0.831466 -0.555576 0
    outer loop
      vertex 19.2731 -6.69637 4
      vertex 18.4737 -5.5 9
      vertex 18.4737 -5.5 4
    endloop
  endfacet
  facet normal -0.831466 -0.555576 0
    outer loop
      vertex 18.4737 -5.5 9
      vertex 19.2731 -6.69637 4
      vertex 19.2731 -6.69637 9
    endloop
  endfacet
  facet normal 0.997859 -0.0653985 0
    outer loop
      vertex 38.9059 -1.43579 9
      vertex 39 0 4
      vertex 39 0 9
    endloop
  endfacet
  facet normal 0.997859 -0.0653985 0
    outer loop
      vertex 39 0 4
      vertex 38.9059 -1.43579 9
      vertex 38.9059 -1.43579 4
    endloop
  endfacet
  facet normal 0.195087 -0.980786 0
    outer loop
      vertex 29.4358 -10.9059 4
      vertex 30.847 -10.6252 9
      vertex 29.4358 -10.9059 9
    endloop
  endfacet
  facet normal 0.195087 -0.980786 0
    outer loop
      vertex 30.847 -10.6252 9
      vertex 29.4358 -10.9059 4
      vertex 30.847 -10.6252 4
    endloop
  endfacet
  facet normal 0.659349 -0.751837 0
    outer loop
      vertex 34.6964 -8.72689 4
      vertex 35.7782 -7.77817 9
      vertex 34.6964 -8.72689 9
    endloop
  endfacet
  facet normal 0.659349 -0.751837 0
    outer loop
      vertex 35.7782 -7.77817 9
      vertex 34.6964 -8.72689 4
      vertex 35.7782 -7.77817 4
    endloop
  endfacet
  facet normal -0.0653981 -0.997859 0
    outer loop
      vertex 26.5642 -10.9059 4
      vertex 28 -11 9
      vertex 26.5642 -10.9059 9
    endloop
  endfacet
  facet normal -0.0653981 -0.997859 -0
    outer loop
      vertex 28 -11 9
      vertex 26.5642 -10.9059 4
      vertex 28 -11 4
    endloop
  endfacet
  facet normal -0.555561 -0.831476 0
    outer loop
      vertex 21.3036 -8.72689 4
      vertex 22.5 -9.52628 9
      vertex 21.3036 -8.72689 9
    endloop
  endfacet
  facet normal -0.555561 -0.831476 -0
    outer loop
      vertex 22.5 -9.52628 9
      vertex 21.3036 -8.72689 4
      vertex 22.5 -9.52628 4
    endloop
  endfacet
  facet normal -0.980786 -0.195084 0
    outer loop
      vertex 17.3748 -2.84701 4
      vertex 17.0941 -1.43579 9
      vertex 17.0941 -1.43579 4
    endloop
  endfacet
  facet normal -0.980786 -0.195084 0
    outer loop
      vertex 17.0941 -1.43579 9
      vertex 17.3748 -2.84701 4
      vertex 17.3748 -2.84701 9
    endloop
  endfacet
  facet normal -0.751844 -0.659341 0
    outer loop
      vertex 20.2218 -7.77817 4
      vertex 19.2731 -6.69637 9
      vertex 19.2731 -6.69637 4
    endloop
  endfacet
  facet normal -0.751844 -0.659341 0
    outer loop
      vertex 19.2731 -6.69637 9
      vertex 20.2218 -7.77817 4
      vertex 20.2218 -7.77817 9
    endloop
  endfacet
  facet normal 0.831466 -0.555576 0
    outer loop
      vertex 36.7269 -6.69637 9
      vertex 37.5263 -5.5 4
      vertex 37.5263 -5.5 9
    endloop
  endfacet
  facet normal 0.831466 -0.555576 0
    outer loop
      vertex 37.5263 -5.5 4
      vertex 36.7269 -6.69637 9
      vertex 36.7269 -6.69637 4
    endloop
  endfacet
  facet normal 0.751844 -0.659341 0
    outer loop
      vertex 35.7782 -7.77817 9
      vertex 36.7269 -6.69637 4
      vertex 36.7269 -6.69637 9
    endloop
  endfacet
  facet normal 0.751844 -0.659341 0
    outer loop
      vertex 36.7269 -6.69637 4
      vertex 35.7782 -7.77817 9
      vertex 35.7782 -7.77817 4
    endloop
  endfacet
  facet normal 0.946929 -0.321444 0
    outer loop
      vertex 19.7896 2.19996 9
      vertex 20.147 3.25281 7
      vertex 20.147 3.25281 9
    endloop
  endfacet
  facet normal 0.946929 -0.321444 0
    outer loop
      vertex 20.147 3.25281 7
      vertex 19.7896 2.19996 9
      vertex 19.7896 2.19996 7
    endloop
  endfacet
  facet normal 0.32145 0.946927 -0
    outer loop
      vertex 25.8 -8.21037 7
      vertex 24.7472 -7.85298 9
      vertex 25.8 -8.21037 9
    endloop
  endfacet
  facet normal 0.32145 0.946927 0
    outer loop
      vertex 24.7472 -7.85298 9
      vertex 25.8 -8.21037 7
      vertex 24.7472 -7.85298 7
    endloop
  endfacet
  facet normal -0.555563 -0.831474 0
    outer loop
      vertex 32.25 7.36122 -4
      vertex 33.1745 6.7435 9
      vertex 32.25 7.36122 9
    endloop
  endfacet
  facet normal -0.555563 -0.831474 -0
    outer loop
      vertex 33.1745 6.7435 9
      vertex 32.25 7.36122 -4
      vertex 33.1745 6.7435 -4
    endloop
  endfacet
  facet normal 0.32145 -0.946927 0
    outer loop
      vertex 24.7472 7.85298 7
      vertex 25.8 8.21037 9
      vertex 24.7472 7.85298 9
    endloop
  endfacet
  facet normal 0.32145 -0.946927 0
    outer loop
      vertex 25.8 8.21037 9
      vertex 24.7472 7.85298 7
      vertex 25.8 8.21037 7
    endloop
  endfacet
  facet normal 0.896858 -0.442318 0
    outer loop
      vertex 20.147 3.25281 9
      vertex 20.6388 4.25 7
      vertex 20.6388 4.25 9
    endloop
  endfacet
  facet normal 0.896858 -0.442318 0
    outer loop
      vertex 20.6388 4.25 7
      vertex 20.147 3.25281 9
      vertex 20.147 3.25281 7
    endloop
  endfacet
  facet normal 0.896858 0.442318 0
    outer loop
      vertex 20.6388 -4.25 9
      vertex 20.147 -3.25281 7
      vertex 20.147 -3.25281 9
    endloop
  endfacet
  facet normal 0.896858 0.442318 0
    outer loop
      vertex 20.147 -3.25281 7
      vertex 20.6388 -4.25 9
      vertex 20.6388 -4.25 7
    endloop
  endfacet
  facet normal -0.946929 -0.321444 0
    outer loop
      vertex 36.2104 2.19996 -4
      vertex 35.853 3.25281 9
      vertex 35.853 3.25281 -4
    endloop
  endfacet
  facet normal -0.946929 -0.321444 0
    outer loop
      vertex 35.853 3.25281 9
      vertex 36.2104 2.19996 -4
      vertex 36.2104 2.19996 9
    endloop
  endfacet
  facet normal -0.896858 -0.442318 0
    outer loop
      vertex 35.853 3.25281 -4
      vertex 35.3612 4.25 9
      vertex 35.3612 4.25 -4
    endloop
  endfacet
  facet normal -0.896858 -0.442318 0
    outer loop
      vertex 35.3612 4.25 9
      vertex 35.853 3.25281 -4
      vertex 35.853 3.25281 9
    endloop
  endfacet
  facet normal -0.831474 -0.555563 0
    outer loop
      vertex 35.3612 4.25 -4
      vertex 34.7435 5.17447 9
      vertex 34.7435 5.17447 -4
    endloop
  endfacet
  facet normal -0.831474 -0.555563 0
    outer loop
      vertex 34.7435 5.17447 9
      vertex 35.3612 4.25 -4
      vertex 35.3612 4.25 9
    endloop
  endfacet
  facet normal -0.442285 -0.896874 0
    outer loop
      vertex 31.2528 7.85298 -4
      vertex 32.25 7.36122 9
      vertex 31.2528 7.85298 9
    endloop
  endfacet
  facet normal -0.442285 -0.896874 -0
    outer loop
      vertex 32.25 7.36122 9
      vertex 31.2528 7.85298 -4
      vertex 32.25 7.36122 -4
    endloop
  endfacet
  facet normal -0.32145 -0.946927 0
    outer loop
      vertex 30.2 8.21037 -4
      vertex 31.2528 7.85298 9
      vertex 30.2 8.21037 9
    endloop
  endfacet
  facet normal -0.32145 -0.946927 -0
    outer loop
      vertex 31.2528 7.85298 9
      vertex 30.2 8.21037 -4
      vertex 31.2528 7.85298 -4
    endloop
  endfacet
  facet normal 0.75184 -0.659346 0
    outer loop
      vertex 21.2565 5.17447 9
      vertex 21.9896 6.01041 7
      vertex 21.9896 6.01041 9
    endloop
  endfacet
  facet normal 0.75184 -0.659346 0
    outer loop
      vertex 21.9896 6.01041 7
      vertex 21.2565 5.17447 9
      vertex 21.2565 5.17447 7
    endloop
  endfacet
  facet normal 0.442285 -0.896874 0
    outer loop
      vertex 23.75 7.36122 7
      vertex 24.7472 7.85298 9
      vertex 23.75 7.36122 9
    endloop
  endfacet
  facet normal 0.442285 -0.896874 0
    outer loop
      vertex 24.7472 7.85298 9
      vertex 23.75 7.36122 7
      vertex 24.7472 7.85298 7
    endloop
  endfacet
  facet normal 0.555563 -0.831474 0
    outer loop
      vertex 22.8255 6.7435 7
      vertex 23.75 7.36122 9
      vertex 22.8255 6.7435 9
    endloop
  endfacet
  facet normal 0.555563 -0.831474 0
    outer loop
      vertex 23.75 7.36122 9
      vertex 22.8255 6.7435 7
      vertex 23.75 7.36122 7
    endloop
  endfacet
  facet normal -0.32145 0.946927 0
    outer loop
      vertex 31.2528 -7.85298 -4
      vertex 30.2 -8.21037 9
      vertex 31.2528 -7.85298 9
    endloop
  endfacet
  facet normal -0.32145 0.946927 0
    outer loop
      vertex 30.2 -8.21037 9
      vertex 31.2528 -7.85298 -4
      vertex 30.2 -8.21037 -4
    endloop
  endfacet
  facet normal -0.75184 0.659346 0
    outer loop
      vertex 34.0104 -6.01041 -4
      vertex 34.7435 -5.17447 9
      vertex 34.7435 -5.17447 -4
    endloop
  endfacet
  facet normal -0.75184 0.659346 0
    outer loop
      vertex 34.7435 -5.17447 9
      vertex 34.0104 -6.01041 -4
      vertex 34.0104 -6.01041 9
    endloop
  endfacet
  facet normal -0.659359 0.751828 0
    outer loop
      vertex 34.0104 -6.01041 -4
      vertex 33.1745 -6.7435 9
      vertex 34.0104 -6.01041 9
    endloop
  endfacet
  facet normal -0.659359 0.751828 0
    outer loop
      vertex 33.1745 -6.7435 9
      vertex 34.0104 -6.01041 -4
      vertex 33.1745 -6.7435 -4
    endloop
  endfacet
  facet normal -0.442285 0.896874 0
    outer loop
      vertex 32.25 -7.36122 -4
      vertex 31.2528 -7.85298 9
      vertex 32.25 -7.36122 9
    endloop
  endfacet
  facet normal -0.442285 0.896874 0
    outer loop
      vertex 31.2528 -7.85298 9
      vertex 32.25 -7.36122 -4
      vertex 31.2528 -7.85298 -4
    endloop
  endfacet
  facet normal 0.555563 0.831474 -0
    outer loop
      vertex 23.75 -7.36122 7
      vertex 22.8255 -6.7435 9
      vertex 23.75 -7.36122 9
    endloop
  endfacet
  facet normal 0.555563 0.831474 0
    outer loop
      vertex 22.8255 -6.7435 9
      vertex 23.75 -7.36122 7
      vertex 22.8255 -6.7435 7
    endloop
  endfacet
  facet normal -0.980787 -0.19508 0
    outer loop
      vertex 36.4273 1.10947 -4
      vertex 36.2104 2.19996 9
      vertex 36.2104 2.19996 -4
    endloop
  endfacet
  facet normal -0.980787 -0.19508 0
    outer loop
      vertex 36.2104 2.19996 9
      vertex 36.4273 1.10947 -4
      vertex 36.4273 1.10947 9
    endloop
  endfacet
  facet normal -0.75184 -0.659346 0
    outer loop
      vertex 34.7435 5.17447 -4
      vertex 34.0104 6.01041 9
      vertex 34.0104 6.01041 -4
    endloop
  endfacet
  facet normal -0.75184 -0.659346 0
    outer loop
      vertex 34.0104 6.01041 9
      vertex 34.7435 5.17447 -4
      vertex 34.7435 5.17447 9
    endloop
  endfacet
  facet normal -0.0654027 -0.997859 0
    outer loop
      vertex 28 8.5 7
      vertex 29.1095 8.42728 9
      vertex 28 8.5 9
    endloop
  endfacet
  facet normal -0.0654027 -0.997859 0
    outer loop
      vertex 29.1095 8.42728 -4
      vertex 28 8.5 7
      vertex 28 8.5 -4
    endloop
  endfacet
  facet normal -0.0654027 -0.997859 0
    outer loop
      vertex 28 8.5 7
      vertex 29.1095 8.42728 -4
      vertex 29.1095 8.42728 9
    endloop
  endfacet
  facet normal -0.195087 -0.980786 0
    outer loop
      vertex 29.1095 8.42728 -4
      vertex 30.2 8.21037 9
      vertex 29.1095 8.42728 9
    endloop
  endfacet
  facet normal -0.195087 -0.980786 -0
    outer loop
      vertex 30.2 8.21037 9
      vertex 29.1095 8.42728 -4
      vertex 30.2 8.21037 -4
    endloop
  endfacet
  facet normal 0.99786 -0.0653866 0
    outer loop
      vertex 19.5 0 9
      vertex 19.5727 1.10947 7
      vertex 19.5727 1.10947 9
    endloop
  endfacet
  facet normal 0.99786 -0.0653866 0
    outer loop
      vertex 19.5727 1.10947 7
      vertex 19.5 0 9
      vertex 19.5 0 7
    endloop
  endfacet
  facet normal 0.831474 -0.555563 0
    outer loop
      vertex 20.6388 4.25 9
      vertex 21.2565 5.17447 7
      vertex 21.2565 5.17447 9
    endloop
  endfacet
  facet normal 0.831474 -0.555563 0
    outer loop
      vertex 21.2565 5.17447 7
      vertex 20.6388 4.25 9
      vertex 20.6388 4.25 7
    endloop
  endfacet
  facet normal 0.0654027 -0.997859 0
    outer loop
      vertex 26.8905 8.42728 7
      vertex 28 8.5 9
      vertex 26.8905 8.42728 9
    endloop
  endfacet
  facet normal 0.0654027 -0.997859 0
    outer loop
      vertex 28 8.5 9
      vertex 26.8905 8.42728 7
      vertex 28 8.5 7
    endloop
  endfacet
  facet normal 0.195087 -0.980786 0
    outer loop
      vertex 25.8 8.21037 7
      vertex 26.8905 8.42728 9
      vertex 25.8 8.21037 9
    endloop
  endfacet
  facet normal 0.195087 -0.980786 0
    outer loop
      vertex 26.8905 8.42728 9
      vertex 25.8 8.21037 7
      vertex 26.8905 8.42728 7
    endloop
  endfacet
  facet normal 0.659359 -0.751828 0
    outer loop
      vertex 21.9896 6.01041 7
      vertex 22.8255 6.7435 9
      vertex 21.9896 6.01041 9
    endloop
  endfacet
  facet normal 0.659359 -0.751828 0
    outer loop
      vertex 22.8255 6.7435 9
      vertex 21.9896 6.01041 7
      vertex 22.8255 6.7435 7
    endloop
  endfacet
  facet normal -0.99786 -0.0653866 0
    outer loop
      vertex 36.5 0 -4
      vertex 36.4273 1.10947 9
      vertex 36.4273 1.10947 -4
    endloop
  endfacet
  facet normal -0.99786 -0.0653866 0
    outer loop
      vertex 36.4273 1.10947 9
      vertex 36.5 0 -4
      vertex 36.5 0 9
    endloop
  endfacet
  facet normal -0.0654027 0.997859 0
    outer loop
      vertex 29.1095 -8.42728 9
      vertex 28 -8.5 7
      vertex 28 -8.5 9
    endloop
  endfacet
  facet normal -0.0654027 0.997859 0
    outer loop
      vertex 29.1095 -8.42728 -4
      vertex 28 -8.5 7
      vertex 29.1095 -8.42728 9
    endloop
  endfacet
  facet normal -0.0654027 0.997859 0
    outer loop
      vertex 28 -8.5 7
      vertex 29.1095 -8.42728 -4
      vertex 28 -8.5 -4
    endloop
  endfacet
  facet normal -0.946929 0.321444 0
    outer loop
      vertex 35.853 -3.25281 -4
      vertex 36.2104 -2.19996 9
      vertex 36.2104 -2.19996 -4
    endloop
  endfacet
  facet normal -0.946929 0.321444 0
    outer loop
      vertex 36.2104 -2.19996 9
      vertex 35.853 -3.25281 -4
      vertex 35.853 -3.25281 9
    endloop
  endfacet
  facet normal -0.195087 0.980786 0
    outer loop
      vertex 30.2 -8.21037 -4
      vertex 29.1095 -8.42728 9
      vertex 30.2 -8.21037 9
    endloop
  endfacet
  facet normal -0.195087 0.980786 0
    outer loop
      vertex 29.1095 -8.42728 9
      vertex 30.2 -8.21037 -4
      vertex 29.1095 -8.42728 -4
    endloop
  endfacet
  facet normal -0.555563 0.831474 0
    outer loop
      vertex 33.1745 -6.7435 -4
      vertex 32.25 -7.36122 9
      vertex 33.1745 -6.7435 9
    endloop
  endfacet
  facet normal -0.555563 0.831474 0
    outer loop
      vertex 32.25 -7.36122 9
      vertex 33.1745 -6.7435 -4
      vertex 32.25 -7.36122 -4
    endloop
  endfacet
  facet normal -0.896858 0.442318 0
    outer loop
      vertex 35.3612 -4.25 -4
      vertex 35.853 -3.25281 9
      vertex 35.853 -3.25281 -4
    endloop
  endfacet
  facet normal -0.896858 0.442318 0
    outer loop
      vertex 35.853 -3.25281 9
      vertex 35.3612 -4.25 -4
      vertex 35.3612 -4.25 9
    endloop
  endfacet
  facet normal 0.195087 0.980786 -0
    outer loop
      vertex 26.8905 -8.42728 7
      vertex 25.8 -8.21037 9
      vertex 26.8905 -8.42728 9
    endloop
  endfacet
  facet normal 0.195087 0.980786 0
    outer loop
      vertex 25.8 -8.21037 9
      vertex 26.8905 -8.42728 7
      vertex 25.8 -8.21037 7
    endloop
  endfacet
  facet normal 0.0654027 0.997859 -0
    outer loop
      vertex 28 -8.5 7
      vertex 26.8905 -8.42728 9
      vertex 28 -8.5 9
    endloop
  endfacet
  facet normal 0.0654027 0.997859 0
    outer loop
      vertex 26.8905 -8.42728 9
      vertex 28 -8.5 7
      vertex 26.8905 -8.42728 7
    endloop
  endfacet
  facet normal 0.442285 0.896874 -0
    outer loop
      vertex 24.7472 -7.85298 7
      vertex 23.75 -7.36122 9
      vertex 24.7472 -7.85298 9
    endloop
  endfacet
  facet normal 0.442285 0.896874 0
    outer loop
      vertex 23.75 -7.36122 9
      vertex 24.7472 -7.85298 7
      vertex 23.75 -7.36122 7
    endloop
  endfacet
  facet normal 0.659359 0.751828 -0
    outer loop
      vertex 22.8255 -6.7435 7
      vertex 21.9896 -6.01041 9
      vertex 22.8255 -6.7435 9
    endloop
  endfacet
  facet normal 0.659359 0.751828 0
    outer loop
      vertex 21.9896 -6.01041 9
      vertex 22.8255 -6.7435 7
      vertex 21.9896 -6.01041 7
    endloop
  endfacet
  facet normal 0.946929 0.321444 0
    outer loop
      vertex 20.147 -3.25281 9
      vertex 19.7896 -2.19996 7
      vertex 19.7896 -2.19996 9
    endloop
  endfacet
  facet normal 0.946929 0.321444 0
    outer loop
      vertex 19.7896 -2.19996 7
      vertex 20.147 -3.25281 9
      vertex 20.147 -3.25281 7
    endloop
  endfacet
  facet normal 0.99786 0.0653866 0
    outer loop
      vertex 19.5727 -1.10947 9
      vertex 19.5 0 7
      vertex 19.5 0 9
    endloop
  endfacet
  facet normal 0.99786 0.0653866 0
    outer loop
      vertex 19.5 0 7
      vertex 19.5727 -1.10947 9
      vertex 19.5727 -1.10947 7
    endloop
  endfacet
  facet normal 0.831474 0.555563 0
    outer loop
      vertex 21.2565 -5.17447 9
      vertex 20.6388 -4.25 7
      vertex 20.6388 -4.25 9
    endloop
  endfacet
  facet normal 0.831474 0.555563 0
    outer loop
      vertex 20.6388 -4.25 7
      vertex 21.2565 -5.17447 9
      vertex 21.2565 -5.17447 7
    endloop
  endfacet
  facet normal 0.75184 0.659346 0
    outer loop
      vertex 21.9896 -6.01041 9
      vertex 21.2565 -5.17447 7
      vertex 21.2565 -5.17447 9
    endloop
  endfacet
  facet normal 0.75184 0.659346 0
    outer loop
      vertex 21.2565 -5.17447 7
      vertex 21.9896 -6.01041 9
      vertex 21.9896 -6.01041 7
    endloop
  endfacet
  facet normal -0.659359 -0.751828 0
    outer loop
      vertex 33.1745 6.7435 -4
      vertex 34.0104 6.01041 9
      vertex 33.1745 6.7435 9
    endloop
  endfacet
  facet normal -0.659359 -0.751828 -0
    outer loop
      vertex 34.0104 6.01041 9
      vertex 33.1745 6.7435 -4
      vertex 34.0104 6.01041 -4
    endloop
  endfacet
  facet normal 0.980787 -0.19508 0
    outer loop
      vertex 19.5727 1.10947 9
      vertex 19.7896 2.19996 7
      vertex 19.7896 2.19996 9
    endloop
  endfacet
  facet normal 0.980787 -0.19508 0
    outer loop
      vertex 19.7896 2.19996 7
      vertex 19.5727 1.10947 9
      vertex 19.5727 1.10947 7
    endloop
  endfacet
  facet normal -0.980787 0.19508 0
    outer loop
      vertex 36.2104 -2.19996 -4
      vertex 36.4273 -1.10947 9
      vertex 36.4273 -1.10947 -4
    endloop
  endfacet
  facet normal -0.980787 0.19508 0
    outer loop
      vertex 36.4273 -1.10947 9
      vertex 36.2104 -2.19996 -4
      vertex 36.2104 -2.19996 9
    endloop
  endfacet
  facet normal -0.99786 0.0653866 0
    outer loop
      vertex 36.4273 -1.10947 -4
      vertex 36.5 0 9
      vertex 36.5 0 -4
    endloop
  endfacet
  facet normal -0.99786 0.0653866 0
    outer loop
      vertex 36.5 0 9
      vertex 36.4273 -1.10947 -4
      vertex 36.4273 -1.10947 9
    endloop
  endfacet
  facet normal -0.831474 0.555563 0
    outer loop
      vertex 34.7435 -5.17447 -4
      vertex 35.3612 -4.25 9
      vertex 35.3612 -4.25 -4
    endloop
  endfacet
  facet normal -0.831474 0.555563 0
    outer loop
      vertex 35.3612 -4.25 9
      vertex 34.7435 -5.17447 -4
      vertex 34.7435 -5.17447 9
    endloop
  endfacet
  facet normal 0.980787 0.19508 0
    outer loop
      vertex 19.7896 -2.19996 9
      vertex 19.5727 -1.10947 7
      vertex 19.5727 -1.10947 9
    endloop
  endfacet
  facet normal 0.980787 0.19508 0
    outer loop
      vertex 19.5727 -1.10947 7
      vertex 19.7896 -2.19996 9
      vertex 19.7896 -2.19996 7
    endloop
  endfacet
  facet normal -1 0 0
    outer loop
      vertex -46 -29 -4
      vertex -46 29 4
      vertex -46 29 -4
    endloop
  endfacet
  facet normal -1 -0 0
    outer loop
      vertex -46 29 4
      vertex -46 -29 -4
      vertex -46 -29 4
    endloop
  endfacet
  facet normal 1 -0 0
    outer loop
      vertex 46 -29 4
      vertex 46 29 -4
      vertex 46 29 4
    endloop
  endfacet
  facet normal 1 0 0
    outer loop
      vertex 46 29 -4
      vertex 46 -29 4
      vertex 46 -29 -4
    endloop
  endfacet
  facet normal 0 0 -1
    outer loop
      vertex 46 -29 -4
      vertex 43.35 -26.35 -4
      vertex 46 29 -4
    endloop
  endfacet
  facet normal 0 0 -1
    outer loop
      vertex 46 -29 -4
      vertex -43.35 -26.35 -4
      vertex 43.35 -26.35 -4
    endloop
  endfacet
  facet normal -0 0 -1
    outer loop
      vertex -43.35 -26.35 -4
      vertex -46 -29 -4
      vertex -43.35 26.35 -4
    endloop
  endfacet
  facet normal 0 0 -1
    outer loop
      vertex -46 -29 -4
      vertex -43.35 -26.35 -4
      vertex 46 -29 -4
    endloop
  endfacet
  facet normal 0 0 -1
    outer loop
      vertex 43.35 26.35 -4
      vertex 46 29 -4
      vertex 43.35 -26.35 -4
    endloop
  endfacet
  facet normal 0 0 -1
    outer loop
      vertex -43.35 26.35 -4
      vertex 46 29 -4
      vertex 43.35 26.35 -4
    endloop
  endfacet
  facet normal 0 0 -1
    outer loop
      vertex -43.35 26.35 -4
      vertex -46 29 -4
      vertex 46 29 -4
    endloop
  endfacet
  facet normal 0 0 -1
    outer loop
      vertex -46 29 -4
      vertex -43.35 26.35 -4
      vertex -46 -29 -4
    endloop
  endfacet
  facet normal 0 0 -1
    outer loop
      vertex -38.5278 -22.15 -4
      vertex 19.7896 -2.19996 -4
      vertex -38.4294 -22.3494 -4
    endloop
  endfacet
  facet normal 0 0 -1
    outer loop
      vertex 19.5 0 -4
      vertex -38.3145 22.7781 -4
      vertex -38.3 23 -4
    endloop
  endfacet
  facet normal -0 0 -1
    outer loop
      vertex 19.7896 -2.19996 -4
      vertex -38.5278 -22.15 -4
      vertex 19.5727 -1.10947 -4
    endloop
  endfacet
  facet normal 0 0 -1
    outer loop
      vertex 19.5 0 -4
      vertex -38.3579 22.56 -4
      vertex -38.3145 22.7781 -4
    endloop
  endfacet
  facet normal 0 0 -1
    outer loop
      vertex -38.6513 -21.9651 -4
      vertex 19.5727 -1.10947 -4
      vertex -38.5278 -22.15 -4
    endloop
  endfacet
  facet normal 0 0 -1
    outer loop
      vertex 19.5 0 -4
      vertex -38.4294 22.3494 -4
      vertex -38.3579 22.56 -4
    endloop
  endfacet
  facet normal -0 0 -1
    outer loop
      vertex 19.5727 -1.10947 -4
      vertex -38.6513 -21.9651 -4
      vertex 19.5 0 -4
    endloop
  endfacet
  facet normal 0 0 -1
    outer loop
      vertex 19.5 0 -4
      vertex -38.5278 22.15 -4
      vertex -38.4294 22.3494 -4
    endloop
  endfacet
  facet normal 0 0 -1
    outer loop
      vertex -38.6513 21.9651 -4
      vertex 19.5 0 -4
      vertex -38.6513 -21.9651 -4
    endloop
  endfacet
  facet normal 0 0 -1
    outer loop
      vertex 19.5 0 -4
      vertex -38.6513 21.9651 -4
      vertex -38.5278 22.15 -4
    endloop
  endfacet
  facet normal 0 0 -1
    outer loop
      vertex -38.7979 -21.7979 -4
      vertex -38.6513 21.9651 -4
      vertex -38.6513 -21.9651 -4
    endloop
  endfacet
  facet normal 0 0 -1
    outer loop
      vertex -38.7979 -21.7979 -4
      vertex -38.7979 21.7979 -4
      vertex -38.6513 21.9651 -4
    endloop
  endfacet
  facet normal 0 0 -1
    outer loop
      vertex -38.9651 -21.6513 -4
      vertex -38.7979 21.7979 -4
      vertex -38.7979 -21.7979 -4
    endloop
  endfacet
  facet normal 0 0 -1
    outer loop
      vertex -38.9651 -21.6513 -4
      vertex -38.9651 21.6513 -4
      vertex -38.7979 21.7979 -4
    endloop
  endfacet
  facet normal 0 0 -1
    outer loop
      vertex -39.15 -21.5278 -4
      vertex -38.9651 21.6513 -4
      vertex -38.9651 -21.6513 -4
    endloop
  endfacet
  facet normal 0 0 -1
    outer loop
      vertex -39.15 -21.5278 -4
      vertex -39.15 21.5278 -4
      vertex -38.9651 21.6513 -4
    endloop
  endfacet
  facet normal 0 0 -1
    outer loop
      vertex -39.3494 -21.4294 -4
      vertex -39.15 21.5278 -4
      vertex -39.15 -21.5278 -4
    endloop
  endfacet
  facet normal 0 0 -1
    outer loop
      vertex -39.3494 -21.4294 -4
      vertex -39.3494 21.4294 -4
      vertex -39.15 21.5278 -4
    endloop
  endfacet
  facet normal 0 0 -1
    outer loop
      vertex -39.56 -21.3579 -4
      vertex -39.3494 21.4294 -4
      vertex -39.3494 -21.4294 -4
    endloop
  endfacet
  facet normal 0 0 -1
    outer loop
      vertex -39.56 -21.3579 -4
      vertex -39.56 21.3579 -4
      vertex -39.3494 21.4294 -4
    endloop
  endfacet
  facet normal 0 0 -1
    outer loop
      vertex -39.7781 -21.3145 -4
      vertex -39.56 21.3579 -4
      vertex -39.56 -21.3579 -4
    endloop
  endfacet
  facet normal 0 0 -1
    outer loop
      vertex -39.7781 -21.3145 -4
      vertex -39.7781 21.3145 -4
      vertex -39.56 21.3579 -4
    endloop
  endfacet
  facet normal 0 0 -1
    outer loop
      vertex -40 -21.3 -4
      vertex -39.7781 21.3145 -4
      vertex -39.7781 -21.3145 -4
    endloop
  endfacet
  facet normal 0 0 -1
    outer loop
      vertex -40 -21.3 -4
      vertex -40 21.3 -4
      vertex -39.7781 21.3145 -4
    endloop
  endfacet
  facet normal 0 0 -1
    outer loop
      vertex -40.2219 -21.3145 -4
      vertex -40 21.3 -4
      vertex -40 -21.3 -4
    endloop
  endfacet
  facet normal 0 0 -1
    outer loop
      vertex -40.2219 -21.3145 -4
      vertex -40.2219 21.3145 -4
      vertex -40 21.3 -4
    endloop
  endfacet
  facet normal 0 0 -1
    outer loop
      vertex -40.44 -21.3579 -4
      vertex -40.2219 21.3145 -4
      vertex -40.2219 -21.3145 -4
    endloop
  endfacet
  facet normal 0 0 -1
    outer loop
      vertex -40.44 -21.3579 -4
      vertex -40.44 21.3579 -4
      vertex -40.2219 21.3145 -4
    endloop
  endfacet
  facet normal 0 0 -1
    outer loop
      vertex -40.6506 -21.4294 -4
      vertex -40.44 21.3579 -4
      vertex -40.44 -21.3579 -4
    endloop
  endfacet
  facet normal 0 0 -1
    outer loop
      vertex -40.6506 -21.4294 -4
      vertex -40.6506 21.4294 -4
      vertex -40.44 21.3579 -4
    endloop
  endfacet
  facet normal 0 0 -1
    outer loop
      vertex -40.85 -21.5278 -4
      vertex -40.6506 21.4294 -4
      vertex -40.6506 -21.4294 -4
    endloop
  endfacet
  facet normal 0 0 -1
    outer loop
      vertex -40.85 -21.5278 -4
      vertex -40.85 21.5278 -4
      vertex -40.6506 21.4294 -4
    endloop
  endfacet
  facet normal 0 0 -1
    outer loop
      vertex -41.0349 -21.6513 -4
      vertex -40.85 21.5278 -4
      vertex -40.85 -21.5278 -4
    endloop
  endfacet
  facet normal 0 0 -1
    outer loop
      vertex -41.0349 -21.6513 -4
      vertex -41.0349 21.6513 -4
      vertex -40.85 21.5278 -4
    endloop
  endfacet
  facet normal 0 0 -1
    outer loop
      vertex -41.2021 -21.7979 -4
      vertex -41.0349 21.6513 -4
      vertex -41.0349 -21.6513 -4
    endloop
  endfacet
  facet normal 0 0 -1
    outer loop
      vertex -41.2021 -21.7979 -4
      vertex -41.2021 21.7979 -4
      vertex -41.0349 21.6513 -4
    endloop
  endfacet
  facet normal 0 0 -1
    outer loop
      vertex -41.3487 -21.9651 -4
      vertex -41.2021 21.7979 -4
      vertex -41.2021 -21.7979 -4
    endloop
  endfacet
  facet normal 0 0 -1
    outer loop
      vertex -41.3487 -21.9651 -4
      vertex -41.3487 21.9651 -4
      vertex -41.2021 21.7979 -4
    endloop
  endfacet
  facet normal 0 0 -1
    outer loop
      vertex -41.4722 -22.15 -4
      vertex -41.3487 21.9651 -4
      vertex -41.3487 -21.9651 -4
    endloop
  endfacet
  facet normal 0 0 -1
    outer loop
      vertex -41.4722 -22.15 -4
      vertex -41.4722 22.15 -4
      vertex -41.3487 21.9651 -4
    endloop
  endfacet
  facet normal 0 0 -1
    outer loop
      vertex -41.5706 -22.3494 -4
      vertex -41.4722 22.15 -4
      vertex -41.4722 -22.15 -4
    endloop
  endfacet
  facet normal 0 0 -1
    outer loop
      vertex -41.5706 -22.3494 -4
      vertex -41.5706 22.3494 -4
      vertex -41.4722 22.15 -4
    endloop
  endfacet
  facet normal 0 0 -1
    outer loop
      vertex -41.6421 -22.56 -4
      vertex -41.5706 22.3494 -4
      vertex -41.5706 -22.3494 -4
    endloop
  endfacet
  facet normal 0 0 -1
    outer loop
      vertex -41.6421 -22.56 -4
      vertex -41.6421 22.56 -4
      vertex -41.5706 22.3494 -4
    endloop
  endfacet
  facet normal 0 0 -1
    outer loop
      vertex -41.6855 -22.7781 -4
      vertex -41.6421 22.56 -4
      vertex -41.6421 -22.56 -4
    endloop
  endfacet
  facet normal 0 0 -1
    outer loop
      vertex -41.6855 -22.7781 -4
      vertex -41.6855 22.7781 -4
      vertex -41.6421 22.56 -4
    endloop
  endfacet
  facet normal 0 0 -1
    outer loop
      vertex -42.15 -25.15 -4
      vertex -41.6855 -22.7781 -4
      vertex -41.7 -23 -4
    endloop
  endfacet
  facet normal -0 0 -1
    outer loop
      vertex -41.6855 -22.7781 -4
      vertex -42.15 -25.15 -4
      vertex -41.6855 22.7781 -4
    endloop
  endfacet
  facet normal 0 0 -1
    outer loop
      vertex 41.6855 22.7781 -4
      vertex 42.15 25.15 -4
      vertex 41.6855 -22.7781 -4
    endloop
  endfacet
  facet normal 0 0 -1
    outer loop
      vertex 42.15 25.15 -4
      vertex 41.6855 22.7781 -4
      vertex 41.7 23 -4
    endloop
  endfacet
  facet normal 0 0 -1
    outer loop
      vertex 41.6421 -22.56 -4
      vertex 41.6855 22.7781 -4
      vertex 41.6855 -22.7781 -4
    endloop
  endfacet
  facet normal 0 0 -1
    outer loop
      vertex 41.6421 -22.56 -4
      vertex 41.6421 22.56 -4
      vertex 41.6855 22.7781 -4
    endloop
  endfacet
  facet normal 0 0 -1
    outer loop
      vertex 41.5706 -22.3494 -4
      vertex 41.6421 22.56 -4
      vertex 41.6421 -22.56 -4
    endloop
  endfacet
  facet normal 0 0 -1
    outer loop
      vertex 41.5706 -22.3494 -4
      vertex 41.5706 22.3494 -4
      vertex 41.6421 22.56 -4
    endloop
  endfacet
  facet normal 0 0 -1
    outer loop
      vertex 36.5 0 -4
      vertex 41.5706 -22.3494 -4
      vertex 41.4722 -22.15 -4
    endloop
  endfacet
  facet normal 0 0 -1
    outer loop
      vertex 41.5706 -22.3494 -4
      vertex 36.5 0 -4
      vertex 41.5706 22.3494 -4
    endloop
  endfacet
  facet normal 0 0 -1
    outer loop
      vertex 36.4273 -1.10947 -4
      vertex 41.4722 -22.15 -4
      vertex 41.3487 -21.9651 -4
    endloop
  endfacet
  facet normal 0 0 -1
    outer loop
      vertex 41.5706 22.3494 -4
      vertex 36.5 0 -4
      vertex 41.4722 22.15 -4
    endloop
  endfacet
  facet normal 0 0 -1
    outer loop
      vertex 36.2104 -2.19996 -4
      vertex 41.3487 -21.9651 -4
      vertex 41.2021 -21.7979 -4
    endloop
  endfacet
  facet normal 0 0 -1
    outer loop
      vertex 36.4273 1.10947 -4
      vertex 41.4722 22.15 -4
      vertex 36.5 0 -4
    endloop
  endfacet
  facet normal 0 0 -1
    outer loop
      vertex 36.2104 -2.19996 -4
      vertex 41.2021 -21.7979 -4
      vertex 41.0349 -21.6513 -4
    endloop
  endfacet
  facet normal 0 0 -1
    outer loop
      vertex 41.4722 22.15 -4
      vertex 36.4273 1.10947 -4
      vertex 41.3487 21.9651 -4
    endloop
  endfacet
  facet normal 0 0 -1
    outer loop
      vertex 35.853 -3.25281 -4
      vertex 41.0349 -21.6513 -4
      vertex 40.85 -21.5278 -4
    endloop
  endfacet
  facet normal 0 0 -1
    outer loop
      vertex 36.2104 2.19996 -4
      vertex 41.3487 21.9651 -4
      vertex 36.4273 1.10947 -4
    endloop
  endfacet
  facet normal 0 0 -1
    outer loop
      vertex 35.3612 -4.25 -4
      vertex 40.85 -21.5278 -4
      vertex 40.6506 -21.4294 -4
    endloop
  endfacet
  facet normal 0 0 -1
    outer loop
      vertex 41.3487 21.9651 -4
      vertex 36.2104 2.19996 -4
      vertex 41.2021 21.7979 -4
    endloop
  endfacet
  facet normal 0 0 -1
    outer loop
      vertex 34.7435 -5.17447 -4
      vertex 40.6506 -21.4294 -4
      vertex 40.44 -21.3579 -4
    endloop
  endfacet
  facet normal 0 0 -1
    outer loop
      vertex 41.2021 21.7979 -4
      vertex 36.2104 2.19996 -4
      vertex 41.0349 21.6513 -4
    endloop
  endfacet
  facet normal 0 0 -1
    outer loop
      vertex 34.7435 -5.17447 -4
      vertex 40.44 -21.3579 -4
      vertex 40.2219 -21.3145 -4
    endloop
  endfacet
  facet normal 0 0 -1
    outer loop
      vertex 35.853 3.25281 -4
      vertex 41.0349 21.6513 -4
      vertex 36.2104 2.19996 -4
    endloop
  endfacet
  facet normal 0 0 -1
    outer loop
      vertex 34.0104 -6.01041 -4
      vertex 40.2219 -21.3145 -4
      vertex 40 -21.3 -4
    endloop
  endfacet
  facet normal 0 0 -1
    outer loop
      vertex 41.0349 21.6513 -4
      vertex 35.853 3.25281 -4
      vertex 40.85 21.5278 -4
    endloop
  endfacet
  facet normal 0 0 -1
    outer loop
      vertex 34.0104 -6.01041 -4
      vertex 40 -21.3 -4
      vertex 39.7781 -21.3145 -4
    endloop
  endfacet
  facet normal 0 0 -1
    outer loop
      vertex 35.3612 4.25 -4
      vertex 40.85 21.5278 -4
      vertex 35.853 3.25281 -4
    endloop
  endfacet
  facet normal 0 0 -1
    outer loop
      vertex 33.1745 -6.7435 -4
      vertex 39.7781 -21.3145 -4
      vertex 39.56 -21.3579 -4
    endloop
  endfacet
  facet normal 0 0 -1
    outer loop
      vertex 40.85 21.5278 -4
      vertex 35.3612 4.25 -4
      vertex 40.6506 21.4294 -4
    endloop
  endfacet
  facet normal 0 0 -1
    outer loop
      vertex 32.25 -7.36122 -4
      vertex 39.56 -21.3579 -4
      vertex 39.3494 -21.4294 -4
    endloop
  endfacet
  facet normal 0 0 -1
    outer loop
      vertex 34.7435 5.17447 -4
      vertex 40.6506 21.4294 -4
      vertex 35.3612 4.25 -4
    endloop
  endfacet
  facet normal 0 0 -1
    outer loop
      vertex 32.25 -7.36122 -4
      vertex 39.3494 -21.4294 -4
      vertex 39.15 -21.5278 -4
    endloop
  endfacet
  facet normal 0 0 -1
    outer loop
      vertex 40.6506 21.4294 -4
      vertex 34.7435 5.17447 -4
      vertex 40.44 21.3579 -4
    endloop
  endfacet
  facet normal 0 0 -1
    outer loop
      vertex 31.2528 -7.85298 -4
      vertex 39.15 -21.5278 -4
      vertex 38.9651 -21.6513 -4
    endloop
  endfacet
  facet normal 0 0 -1
    outer loop
      vertex 40.44 21.3579 -4
      vertex 34.7435 5.17447 -4
      vertex 40.2219 21.3145 -4
    endloop
  endfacet
  facet normal 0 0 -1
    outer loop
      vertex 31.2528 -7.85298 -4
      vertex 38.9651 -21.6513 -4
      vertex 38.7979 -21.7979 -4
    endloop
  endfacet
  facet normal 0 0 -1
    outer loop
      vertex 34.0104 6.01041 -4
      vertex 40.2219 21.3145 -4
      vertex 34.7435 5.17447 -4
    endloop
  endfacet
  facet normal 0 0 -1
    outer loop
      vertex 30.2 -8.21037 -4
      vertex 38.7979 -21.7979 -4
      vertex 38.6513 -21.9651 -4
    endloop
  endfacet
  facet normal 0 0 -1
    outer loop
      vertex 40.2219 21.3145 -4
      vertex 34.0104 6.01041 -4
      vertex 40 21.3 -4
    endloop
  endfacet
  facet normal 0 0 -1
    outer loop
      vertex 29.1095 -8.42728 -4
      vertex 38.6513 -21.9651 -4
      vertex 38.5278 -22.15 -4
    endloop
  endfacet
  facet normal -0 0 -1
    outer loop
      vertex 40 21.3 -4
      vertex 34.0104 6.01041 -4
      vertex 39.7781 21.3145 -4
    endloop
  endfacet
  facet normal 0 0 -1
    outer loop
      vertex 29.1095 -8.42728 -4
      vertex 38.5278 -22.15 -4
      vertex 38.4294 -22.3494 -4
    endloop
  endfacet
  facet normal 0 0 -1
    outer loop
      vertex 33.1745 6.7435 -4
      vertex 39.7781 21.3145 -4
      vertex 34.0104 6.01041 -4
    endloop
  endfacet
  facet normal 0 0 -1
    outer loop
      vertex 28 -8.5 -4
      vertex 38.4294 -22.3494 -4
      vertex 38.3579 -22.56 -4
    endloop
  endfacet
  facet normal -0 0 -1
    outer loop
      vertex 39.7781 21.3145 -4
      vertex 33.1745 6.7435 -4
      vertex 39.56 21.3579 -4
    endloop
  endfacet
  facet normal 0 0 -1
    outer loop
      vertex 28 -8.5 -4
      vertex 38.3579 -22.56 -4
      vertex 38.3145 -22.7781 -4
    endloop
  endfacet
  facet normal 0 0 -1
    outer loop
      vertex 32.25 7.36122 -4
      vertex 39.56 21.3579 -4
      vertex 33.1745 6.7435 -4
    endloop
  endfacet
  facet normal 0 0 -1
    outer loop
      vertex 26.8905 -8.42728 -4
      vertex 38.3145 -22.7781 -4
      vertex 38.3 -23 -4
    endloop
  endfacet
  facet normal -0 0 -1
    outer loop
      vertex 39.56 21.3579 -4
      vertex 32.25 7.36122 -4
      vertex 39.3494 21.4294 -4
    endloop
  endfacet
  facet normal 0 0 -1
    outer loop
      vertex 41.6855 -22.7781 -4
      vertex 42.15 -25.15 -4
      vertex 41.7 -23 -4
    endloop
  endfacet
  facet normal 0 0 -1
    outer loop
      vertex 42.15 -25.15 -4
      vertex 41.6855 -23.2219 -4
      vertex 41.7 -23 -4
    endloop
  endfacet
  facet normal 0 0 -1
    outer loop
      vertex 42.15 -25.15 -4
      vertex 41.6421 -23.44 -4
      vertex 41.6855 -23.2219 -4
    endloop
  endfacet
  facet normal 0 0 -1
    outer loop
      vertex 42.15 -25.15 -4
      vertex 41.5706 -23.6506 -4
      vertex 41.6421 -23.44 -4
    endloop
  endfacet
  facet normal 0 0 -1
    outer loop
      vertex 42.15 -25.15 -4
      vertex 41.4722 -23.85 -4
      vertex 41.5706 -23.6506 -4
    endloop
  endfacet
  facet normal 0 0 -1
    outer loop
      vertex 42.15 -25.15 -4
      vertex 41.3487 -24.0349 -4
      vertex 41.4722 -23.85 -4
    endloop
  endfacet
  facet normal 0 0 -1
    outer loop
      vertex 42.15 -25.15 -4
      vertex 41.2021 -24.2021 -4
      vertex 41.3487 -24.0349 -4
    endloop
  endfacet
  facet normal 0 0 -1
    outer loop
      vertex 42.15 -25.15 -4
      vertex 41.0349 -24.3487 -4
      vertex 41.2021 -24.2021 -4
    endloop
  endfacet
  facet normal 0 0 -1
    outer loop
      vertex 42.15 -25.15 -4
      vertex 40.85 -24.4722 -4
      vertex 41.0349 -24.3487 -4
    endloop
  endfacet
  facet normal 0 0 -1
    outer loop
      vertex 42.15 -25.15 -4
      vertex 40.6506 -24.5706 -4
      vertex 40.85 -24.4722 -4
    endloop
  endfacet
  facet normal 0 0 -1
    outer loop
      vertex 42.15 -25.15 -4
      vertex 40.44 -24.6421 -4
      vertex 40.6506 -24.5706 -4
    endloop
  endfacet
  facet normal 0 0 -1
    outer loop
      vertex 42.15 -25.15 -4
      vertex 40.2219 -24.6855 -4
      vertex 40.44 -24.6421 -4
    endloop
  endfacet
  facet normal 0 0 -1
    outer loop
      vertex 42.15 -25.15 -4
      vertex 40 -24.7 -4
      vertex 40.2219 -24.6855 -4
    endloop
  endfacet
  facet normal 0 0 -1
    outer loop
      vertex 42.15 -25.15 -4
      vertex 39.7781 -24.6855 -4
      vertex 40 -24.7 -4
    endloop
  endfacet
  facet normal -0 0 -1
    outer loop
      vertex 39.3494 21.4294 -4
      vertex 32.25 7.36122 -4
      vertex 39.15 21.5278 -4
    endloop
  endfacet
  facet normal 0 0 -1
    outer loop
      vertex 25.8 -8.21037 -4
      vertex 38.3 -23 -4
      vertex 38.3145 -23.2219 -4
    endloop
  endfacet
  facet normal 0 0 -1
    outer loop
      vertex 41.4722 -22.15 -4
      vertex 36.4273 -1.10947 -4
      vertex 36.5 0 -4
    endloop
  endfacet
  facet normal 0 0 -1
    outer loop
      vertex 41.3487 -21.9651 -4
      vertex 36.2104 -2.19996 -4
      vertex 36.4273 -1.10947 -4
    endloop
  endfacet
  facet normal 0 0 -1
    outer loop
      vertex 41.0349 -21.6513 -4
      vertex 35.853 -3.25281 -4
      vertex 36.2104 -2.19996 -4
    endloop
  endfacet
  facet normal 0 0 -1
    outer loop
      vertex 40.85 -21.5278 -4
      vertex 35.3612 -4.25 -4
      vertex 35.853 -3.25281 -4
    endloop
  endfacet
  facet normal 0 0 -1
    outer loop
      vertex 40.6506 -21.4294 -4
      vertex 34.7435 -5.17447 -4
      vertex 35.3612 -4.25 -4
    endloop
  endfacet
  facet normal 0 0 -1
    outer loop
      vertex 40.2219 -21.3145 -4
      vertex 34.0104 -6.01041 -4
      vertex 34.7435 -5.17447 -4
    endloop
  endfacet
  facet normal 0 0 -1
    outer loop
      vertex 24.7472 -7.85298 -4
      vertex 38.3145 -23.2219 -4
      vertex 38.3579 -23.44 -4
    endloop
  endfacet
  facet normal 0 0 -1
    outer loop
      vertex 39.7781 -21.3145 -4
      vertex 33.1745 -6.7435 -4
      vertex 34.0104 -6.01041 -4
    endloop
  endfacet
  facet normal 0 0 -1
    outer loop
      vertex 39.56 -21.3579 -4
      vertex 32.25 -7.36122 -4
      vertex 33.1745 -6.7435 -4
    endloop
  endfacet
  facet normal 0 0 -1
    outer loop
      vertex 24.7472 -7.85298 -4
      vertex 38.3579 -23.44 -4
      vertex 38.4294 -23.6506 -4
    endloop
  endfacet
  facet normal 0 0 -1
    outer loop
      vertex 39.15 -21.5278 -4
      vertex 31.2528 -7.85298 -4
      vertex 32.25 -7.36122 -4
    endloop
  endfacet
  facet normal 0 0 -1
    outer loop
      vertex 38.7979 -21.7979 -4
      vertex 30.2 -8.21037 -4
      vertex 31.2528 -7.85298 -4
    endloop
  endfacet
  facet normal 0 0 -1
    outer loop
      vertex 23.75 -7.36122 -4
      vertex 38.4294 -23.6506 -4
      vertex 38.5278 -23.85 -4
    endloop
  endfacet
  facet normal 0 0 -1
    outer loop
      vertex 38.6513 -21.9651 -4
      vertex 29.1095 -8.42728 -4
      vertex 30.2 -8.21037 -4
    endloop
  endfacet
  facet normal 0 0 -1
    outer loop
      vertex 38.4294 -22.3494 -4
      vertex 28 -8.5 -4
      vertex 29.1095 -8.42728 -4
    endloop
  endfacet
  facet normal 0 0 -1
    outer loop
      vertex -38.5278 -23.85 -4
      vertex 38.5278 -23.85 -4
      vertex 38.6513 -24.0349 -4
    endloop
  endfacet
  facet normal 0 0 -1
    outer loop
      vertex 38.3145 -22.7781 -4
      vertex 26.8905 -8.42728 -4
      vertex 28 -8.5 -4
    endloop
  endfacet
  facet normal 0 0 -1
    outer loop
      vertex 38.3 -23 -4
      vertex 25.8 -8.21037 -4
      vertex 26.8905 -8.42728 -4
    endloop
  endfacet
  facet normal 0 0 -1
    outer loop
      vertex 38.3145 -23.2219 -4
      vertex 24.7472 -7.85298 -4
      vertex 25.8 -8.21037 -4
    endloop
  endfacet
  facet normal 0 0 -1
    outer loop
      vertex 38.4294 -23.6506 -4
      vertex 23.75 -7.36122 -4
      vertex 24.7472 -7.85298 -4
    endloop
  endfacet
  facet normal 0 0 -1
    outer loop
      vertex -38.6513 -24.0349 -4
      vertex 38.6513 -24.0349 -4
      vertex 38.7979 -24.2021 -4
    endloop
  endfacet
  facet normal 0 0 -1
    outer loop
      vertex 38.5278 -23.85 -4
      vertex -38.5278 -23.85 -4
      vertex 23.75 -7.36122 -4
    endloop
  endfacet
  facet normal -0 0 -1
    outer loop
      vertex 23.75 -7.36122 -4
      vertex -38.5278 -23.85 -4
      vertex 22.8255 -6.7435 -4
    endloop
  endfacet
  facet normal -0 0 -1
    outer loop
      vertex 20.147 -3.25281 -4
      vertex -38.3579 -22.56 -4
      vertex 19.7896 -2.19996 -4
    endloop
  endfacet
  facet normal 0 0 -1
    outer loop
      vertex -38.3579 -22.56 -4
      vertex 20.147 -3.25281 -4
      vertex -38.3145 -22.7781 -4
    endloop
  endfacet
  facet normal -0 0 -1
    outer loop
      vertex 20.6388 -4.25 -4
      vertex -38.3145 -22.7781 -4
      vertex 20.147 -3.25281 -4
    endloop
  endfacet
  facet normal 0 0 -1
    outer loop
      vertex -38.3145 -22.7781 -4
      vertex 20.6388 -4.25 -4
      vertex -38.3 -23 -4
    endloop
  endfacet
  facet normal -0 0 -1
    outer loop
      vertex 21.2565 -5.17447 -4
      vertex -38.3 -23 -4
      vertex 20.6388 -4.25 -4
    endloop
  endfacet
  facet normal 0 0 -1
    outer loop
      vertex -38.3145 -23.2219 -4
      vertex 21.2565 -5.17447 -4
      vertex 21.9896 -6.01041 -4
    endloop
  endfacet
  facet normal 0 -0 -1
    outer loop
      vertex -38.3579 -23.44 -4
      vertex 22.8255 -6.7435 -4
      vertex -38.4294 -23.6506 -4
    endloop
  endfacet
  facet normal 0 0 -1
    outer loop
      vertex -38.7979 -24.2021 -4
      vertex 38.7979 -24.2021 -4
      vertex 38.9651 -24.3487 -4
    endloop
  endfacet
  facet normal 0 0 -1
    outer loop
      vertex -38.9651 -24.3487 -4
      vertex 38.9651 -24.3487 -4
      vertex 39.15 -24.4722 -4
    endloop
  endfacet
  facet normal 0 0 -1
    outer loop
      vertex -39.15 -24.4722 -4
      vertex 39.15 -24.4722 -4
      vertex 39.3494 -24.5706 -4
    endloop
  endfacet
  facet normal 0 0 -1
    outer loop
      vertex -39.3494 -24.5706 -4
      vertex 39.3494 -24.5706 -4
      vertex 39.56 -24.6421 -4
    endloop
  endfacet
  facet normal 0 0 -1
    outer loop
      vertex -39.56 -24.6421 -4
      vertex 39.56 -24.6421 -4
      vertex 39.7781 -24.6855 -4
    endloop
  endfacet
  facet normal 0 0 -1
    outer loop
      vertex -39.56 -24.6421 -4
      vertex 39.7781 -24.6855 -4
      vertex 42.15 -25.15 -4
    endloop
  endfacet
  facet normal 0 0 -1
    outer loop
      vertex 21.2565 -5.17447 -4
      vertex -38.3145 -23.2219 -4
      vertex -38.3 -23 -4
    endloop
  endfacet
  facet normal 0 0 -1
    outer loop
      vertex 21.9896 -6.01041 -4
      vertex -38.3579 -23.44 -4
      vertex -38.3145 -23.2219 -4
    endloop
  endfacet
  facet normal -0 0 -1
    outer loop
      vertex 22.8255 -6.7435 -4
      vertex -38.3579 -23.44 -4
      vertex 21.9896 -6.01041 -4
    endloop
  endfacet
  facet normal 0 0 -1
    outer loop
      vertex 22.8255 -6.7435 -4
      vertex -38.5278 -23.85 -4
      vertex -38.4294 -23.6506 -4
    endloop
  endfacet
  facet normal 0 0 -1
    outer loop
      vertex 38.6513 -24.0349 -4
      vertex -38.6513 -24.0349 -4
      vertex -38.5278 -23.85 -4
    endloop
  endfacet
  facet normal 0 0 -1
    outer loop
      vertex 38.7979 -24.2021 -4
      vertex -38.7979 -24.2021 -4
      vertex -38.6513 -24.0349 -4
    endloop
  endfacet
  facet normal 0 0 -1
    outer loop
      vertex 38.9651 -24.3487 -4
      vertex -38.9651 -24.3487 -4
      vertex -38.7979 -24.2021 -4
    endloop
  endfacet
  facet normal 0 0 -1
    outer loop
      vertex 39.15 -24.4722 -4
      vertex -39.15 -24.4722 -4
      vertex -38.9651 -24.3487 -4
    endloop
  endfacet
  facet normal 0 0 -1
    outer loop
      vertex 39.3494 -24.5706 -4
      vertex -39.3494 -24.5706 -4
      vertex -39.15 -24.4722 -4
    endloop
  endfacet
  facet normal 0 0 -1
    outer loop
      vertex 39.56 -24.6421 -4
      vertex -39.56 -24.6421 -4
      vertex -39.3494 -24.5706 -4
    endloop
  endfacet
  facet normal 0 0 -1
    outer loop
      vertex 42.15 -25.15 -4
      vertex -39.7781 -24.6855 -4
      vertex -39.56 -24.6421 -4
    endloop
  endfacet
  facet normal 0 0 -1
    outer loop
      vertex -42.15 -25.15 -4
      vertex -39.7781 -24.6855 -4
      vertex 42.15 -25.15 -4
    endloop
  endfacet
  facet normal 0 0 -1
    outer loop
      vertex -42.15 25.15 -4
      vertex -41.6855 22.7781 -4
      vertex -42.15 -25.15 -4
    endloop
  endfacet
  facet normal -0 0 -1
    outer loop
      vertex -41.6855 -23.2219 -4
      vertex -42.15 -25.15 -4
      vertex -41.7 -23 -4
    endloop
  endfacet
  facet normal -0 0 -1
    outer loop
      vertex -41.6421 -23.44 -4
      vertex -42.15 -25.15 -4
      vertex -41.6855 -23.2219 -4
    endloop
  endfacet
  facet normal -0 0 -1
    outer loop
      vertex -41.5706 -23.6506 -4
      vertex -42.15 -25.15 -4
      vertex -41.6421 -23.44 -4
    endloop
  endfacet
  facet normal -0 0 -1
    outer loop
      vertex -41.4722 -23.85 -4
      vertex -42.15 -25.15 -4
      vertex -41.5706 -23.6506 -4
    endloop
  endfacet
  facet normal -0 0 -1
    outer loop
      vertex -41.3487 -24.0349 -4
      vertex -42.15 -25.15 -4
      vertex -41.4722 -23.85 -4
    endloop
  endfacet
  facet normal -0 0 -1
    outer loop
      vertex -41.2021 -24.2021 -4
      vertex -42.15 -25.15 -4
      vertex -41.3487 -24.0349 -4
    endloop
  endfacet
  facet normal -0 0 -1
    outer loop
      vertex -41.0349 -24.3487 -4
      vertex -42.15 -25.15 -4
      vertex -41.2021 -24.2021 -4
    endloop
  endfacet
  facet normal -0 0 -1
    outer loop
      vertex -40.85 -24.4722 -4
      vertex -42.15 -25.15 -4
      vertex -41.0349 -24.3487 -4
    endloop
  endfacet
  facet normal -0 0 -1
    outer loop
      vertex -40.6506 -24.5706 -4
      vertex -42.15 -25.15 -4
      vertex -40.85 -24.4722 -4
    endloop
  endfacet
  facet normal -0 0 -1
    outer loop
      vertex -40.44 -24.6421 -4
      vertex -42.15 -25.15 -4
      vertex -40.6506 -24.5706 -4
    endloop
  endfacet
  facet normal -0 0 -1
    outer loop
      vertex -40.2219 -24.6855 -4
      vertex -42.15 -25.15 -4
      vertex -40.44 -24.6421 -4
    endloop
  endfacet
  facet normal -0 0 -1
    outer loop
      vertex -40 -24.7 -4
      vertex -42.15 -25.15 -4
      vertex -40.2219 -24.6855 -4
    endloop
  endfacet
  facet normal 0 0 -1
    outer loop
      vertex -39.7781 -24.6855 -4
      vertex -42.15 -25.15 -4
      vertex -40 -24.7 -4
    endloop
  endfacet
  facet normal 0 0 -1
    outer loop
      vertex 42.15 -25.15 -4
      vertex 41.6855 -22.7781 -4
      vertex 42.15 25.15 -4
    endloop
  endfacet
  facet normal 0 0 -1
    outer loop
      vertex 41.6855 23.2219 -4
      vertex 42.15 25.15 -4
      vertex 41.7 23 -4
    endloop
  endfacet
  facet normal 0 0 -1
    outer loop
      vertex 41.6421 23.44 -4
      vertex 42.15 25.15 -4
      vertex 41.6855 23.2219 -4
    endloop
  endfacet
  facet normal 0 0 -1
    outer loop
      vertex 41.5706 23.6506 -4
      vertex 42.15 25.15 -4
      vertex 41.6421 23.44 -4
    endloop
  endfacet
  facet normal 0 0 -1
    outer loop
      vertex 41.4722 23.85 -4
      vertex 42.15 25.15 -4
      vertex 41.5706 23.6506 -4
    endloop
  endfacet
  facet normal 0 0 -1
    outer loop
      vertex 41.3487 24.0349 -4
      vertex 42.15 25.15 -4
      vertex 41.4722 23.85 -4
    endloop
  endfacet
  facet normal 0 0 -1
    outer loop
      vertex 41.2021 24.2021 -4
      vertex 42.15 25.15 -4
      vertex 41.3487 24.0349 -4
    endloop
  endfacet
  facet normal 0 0 -1
    outer loop
      vertex 41.0349 24.3487 -4
      vertex 42.15 25.15 -4
      vertex 41.2021 24.2021 -4
    endloop
  endfacet
  facet normal 0 0 -1
    outer loop
      vertex 40.85 24.4722 -4
      vertex 42.15 25.15 -4
      vertex 41.0349 24.3487 -4
    endloop
  endfacet
  facet normal 0 0 -1
    outer loop
      vertex 40.6506 24.5706 -4
      vertex 42.15 25.15 -4
      vertex 40.85 24.4722 -4
    endloop
  endfacet
  facet normal 0 0 -1
    outer loop
      vertex 40.44 24.6421 -4
      vertex 42.15 25.15 -4
      vertex 40.6506 24.5706 -4
    endloop
  endfacet
  facet normal 0 0 -1
    outer loop
      vertex 40.2219 24.6855 -4
      vertex 42.15 25.15 -4
      vertex 40.44 24.6421 -4
    endloop
  endfacet
  facet normal 0 0 -1
    outer loop
      vertex 40 24.7 -4
      vertex 42.15 25.15 -4
      vertex 40.2219 24.6855 -4
    endloop
  endfacet
  facet normal 0 0 -1
    outer loop
      vertex 39.7781 24.6855 -4
      vertex 42.15 25.15 -4
      vertex 40 24.7 -4
    endloop
  endfacet
  facet normal 0 0 -1
    outer loop
      vertex 31.2528 7.85298 -4
      vertex 39.15 21.5278 -4
      vertex 32.25 7.36122 -4
    endloop
  endfacet
  facet normal -0 0 -1
    outer loop
      vertex 39.15 21.5278 -4
      vertex 31.2528 7.85298 -4
      vertex 38.9651 21.6513 -4
    endloop
  endfacet
  facet normal -0 0 -1
    outer loop
      vertex 38.9651 21.6513 -4
      vertex 31.2528 7.85298 -4
      vertex 38.7979 21.7979 -4
    endloop
  endfacet
  facet normal 0 0 -1
    outer loop
      vertex 30.2 8.21037 -4
      vertex 38.7979 21.7979 -4
      vertex 31.2528 7.85298 -4
    endloop
  endfacet
  facet normal -0 0 -1
    outer loop
      vertex 38.7979 21.7979 -4
      vertex 30.2 8.21037 -4
      vertex 38.6513 21.9651 -4
    endloop
  endfacet
  facet normal 0 0 -1
    outer loop
      vertex 29.1095 8.42728 -4
      vertex 38.6513 21.9651 -4
      vertex 30.2 8.21037 -4
    endloop
  endfacet
  facet normal -0 0 -1
    outer loop
      vertex 38.6513 21.9651 -4
      vertex 29.1095 8.42728 -4
      vertex 38.5278 22.15 -4
    endloop
  endfacet
  facet normal -0 0 -1
    outer loop
      vertex 38.5278 22.15 -4
      vertex 29.1095 8.42728 -4
      vertex 38.4294 22.3494 -4
    endloop
  endfacet
  facet normal 0 0 -1
    outer loop
      vertex 28 8.5 -4
      vertex 38.4294 22.3494 -4
      vertex 29.1095 8.42728 -4
    endloop
  endfacet
  facet normal -0 0 -1
    outer loop
      vertex 38.4294 22.3494 -4
      vertex 28 8.5 -4
      vertex 38.3579 22.56 -4
    endloop
  endfacet
  facet normal -0 0 -1
    outer loop
      vertex 38.3579 22.56 -4
      vertex 28 8.5 -4
      vertex 38.3145 22.7781 -4
    endloop
  endfacet
  facet normal 0 0 -1
    outer loop
      vertex 26.8905 8.42728 -4
      vertex 38.3145 22.7781 -4
      vertex 28 8.5 -4
    endloop
  endfacet
  facet normal -0 0 -1
    outer loop
      vertex 38.3145 22.7781 -4
      vertex 26.8905 8.42728 -4
      vertex 38.3 23 -4
    endloop
  endfacet
  facet normal 0 0 -1
    outer loop
      vertex 25.8 8.21037 -4
      vertex 38.3 23 -4
      vertex 26.8905 8.42728 -4
    endloop
  endfacet
  facet normal -0 0 -1
    outer loop
      vertex 38.3 23 -4
      vertex 25.8 8.21037 -4
      vertex 38.3145 23.2219 -4
    endloop
  endfacet
  facet normal 0 0 -1
    outer loop
      vertex 24.7472 7.85298 -4
      vertex 38.3145 23.2219 -4
      vertex 25.8 8.21037 -4
    endloop
  endfacet
  facet normal -0 0 -1
    outer loop
      vertex 38.3145 23.2219 -4
      vertex 24.7472 7.85298 -4
      vertex 38.3579 23.44 -4
    endloop
  endfacet
  facet normal -0 0 -1
    outer loop
      vertex 38.3579 23.44 -4
      vertex 24.7472 7.85298 -4
      vertex 38.4294 23.6506 -4
    endloop
  endfacet
  facet normal 0 0 -1
    outer loop
      vertex 23.75 7.36122 -4
      vertex 38.4294 23.6506 -4
      vertex 24.7472 7.85298 -4
    endloop
  endfacet
  facet normal -0 0 -1
    outer loop
      vertex 38.4294 23.6506 -4
      vertex 23.75 7.36122 -4
      vertex 38.5278 23.85 -4
    endloop
  endfacet
  facet normal 0 0 -1
    outer loop
      vertex -38.5278 23.85 -4
      vertex 38.5278 23.85 -4
      vertex 23.75 7.36122 -4
    endloop
  endfacet
  facet normal 0 0 -1
    outer loop
      vertex 38.5278 23.85 -4
      vertex -38.5278 23.85 -4
      vertex 38.6513 24.0349 -4
    endloop
  endfacet
  facet normal 0 0 -1
    outer loop
      vertex -38.5278 23.85 -4
      vertex 23.75 7.36122 -4
      vertex 22.8255 6.7435 -4
    endloop
  endfacet
  facet normal 0 0 -1
    outer loop
      vertex -38.3579 23.44 -4
      vertex 22.8255 6.7435 -4
      vertex 21.9896 6.01041 -4
    endloop
  endfacet
  facet normal 0 0 -1
    outer loop
      vertex -38.4294 -22.3494 -4
      vertex 19.7896 -2.19996 -4
      vertex -38.3579 -22.56 -4
    endloop
  endfacet
  facet normal 0 0 -1
    outer loop
      vertex 19.5 0 -4
      vertex -38.3 23 -4
      vertex 19.5727 1.10947 -4
    endloop
  endfacet
  facet normal 0 0 -1
    outer loop
      vertex 19.5727 1.10947 -4
      vertex -38.3 23 -4
      vertex 19.7896 2.19996 -4
    endloop
  endfacet
  facet normal 0 0 -1
    outer loop
      vertex 19.7896 2.19996 -4
      vertex -38.3 23 -4
      vertex 20.147 3.25281 -4
    endloop
  endfacet
  facet normal 0 0 -1
    outer loop
      vertex 20.147 3.25281 -4
      vertex -38.3 23 -4
      vertex 20.6388 4.25 -4
    endloop
  endfacet
  facet normal 0 0 -1
    outer loop
      vertex 20.6388 4.25 -4
      vertex -38.3 23 -4
      vertex 21.2565 5.17447 -4
    endloop
  endfacet
  facet normal 0 0 -1
    outer loop
      vertex -38.3145 23.2219 -4
      vertex 21.2565 5.17447 -4
      vertex -38.3 23 -4
    endloop
  endfacet
  facet normal 0 0 -1
    outer loop
      vertex 21.2565 5.17447 -4
      vertex -38.3145 23.2219 -4
      vertex 21.9896 6.01041 -4
    endloop
  endfacet
  facet normal 0 0 -1
    outer loop
      vertex -38.3579 23.44 -4
      vertex 21.9896 6.01041 -4
      vertex -38.3145 23.2219 -4
    endloop
  endfacet
  facet normal 0 0 -1
    outer loop
      vertex 22.8255 6.7435 -4
      vertex -38.3579 23.44 -4
      vertex -38.4294 23.6506 -4
    endloop
  endfacet
  facet normal 0 0 -1
    outer loop
      vertex -38.5278 23.85 -4
      vertex 22.8255 6.7435 -4
      vertex -38.4294 23.6506 -4
    endloop
  endfacet
  facet normal 0 0 -1
    outer loop
      vertex -38.6513 24.0349 -4
      vertex 38.6513 24.0349 -4
      vertex -38.5278 23.85 -4
    endloop
  endfacet
  facet normal 0 0 -1
    outer loop
      vertex 38.6513 24.0349 -4
      vertex -38.6513 24.0349 -4
      vertex 38.7979 24.2021 -4
    endloop
  endfacet
  facet normal 0 0 -1
    outer loop
      vertex -38.7979 24.2021 -4
      vertex 38.7979 24.2021 -4
      vertex -38.6513 24.0349 -4
    endloop
  endfacet
  facet normal 0 0 -1
    outer loop
      vertex 38.7979 24.2021 -4
      vertex -38.7979 24.2021 -4
      vertex 38.9651 24.3487 -4
    endloop
  endfacet
  facet normal 0 0 -1
    outer loop
      vertex -38.9651 24.3487 -4
      vertex 38.9651 24.3487 -4
      vertex -38.7979 24.2021 -4
    endloop
  endfacet
  facet normal 0 0 -1
    outer loop
      vertex 38.9651 24.3487 -4
      vertex -38.9651 24.3487 -4
      vertex 39.15 24.4722 -4
    endloop
  endfacet
  facet normal 0 0 -1
    outer loop
      vertex -39.15 24.4722 -4
      vertex 39.15 24.4722 -4
      vertex -38.9651 24.3487 -4
    endloop
  endfacet
  facet normal 0 0 -1
    outer loop
      vertex 39.15 24.4722 -4
      vertex -39.15 24.4722 -4
      vertex 39.3494 24.5706 -4
    endloop
  endfacet
  facet normal 0 0 -1
    outer loop
      vertex -39.3494 24.5706 -4
      vertex 39.3494 24.5706 -4
      vertex -39.15 24.4722 -4
    endloop
  endfacet
  facet normal 0 0 -1
    outer loop
      vertex 39.3494 24.5706 -4
      vertex -39.3494 24.5706 -4
      vertex 39.56 24.6421 -4
    endloop
  endfacet
  facet normal 0 0 -1
    outer loop
      vertex -39.56 24.6421 -4
      vertex 39.56 24.6421 -4
      vertex -39.3494 24.5706 -4
    endloop
  endfacet
  facet normal 0 0 -1
    outer loop
      vertex 39.56 24.6421 -4
      vertex -39.56 24.6421 -4
      vertex 39.7781 24.6855 -4
    endloop
  endfacet
  facet normal -0 0 -1
    outer loop
      vertex 39.7781 24.6855 -4
      vertex -39.56 24.6421 -4
      vertex 42.15 25.15 -4
    endloop
  endfacet
  facet normal 0 0 -1
    outer loop
      vertex -39.7781 24.6855 -4
      vertex 42.15 25.15 -4
      vertex -39.56 24.6421 -4
    endloop
  endfacet
  facet normal 0 0 -1
    outer loop
      vertex -42.15 25.15 -4
      vertex -39.7781 24.6855 -4
      vertex -40 24.7 -4
    endloop
  endfacet
  facet normal 0 0 -1
    outer loop
      vertex -39.7781 24.6855 -4
      vertex -42.15 25.15 -4
      vertex 42.15 25.15 -4
    endloop
  endfacet
  facet normal 0 0 -1
    outer loop
      vertex -40.2219 24.6855 -4
      vertex -42.15 25.15 -4
      vertex -40 24.7 -4
    endloop
  endfacet
  facet normal 0 0 -1
    outer loop
      vertex -40.44 24.6421 -4
      vertex -42.15 25.15 -4
      vertex -40.2219 24.6855 -4
    endloop
  endfacet
  facet normal 0 0 -1
    outer loop
      vertex -40.6506 24.5706 -4
      vertex -42.15 25.15 -4
      vertex -40.44 24.6421 -4
    endloop
  endfacet
  facet normal 0 0 -1
    outer loop
      vertex -40.85 24.4722 -4
      vertex -42.15 25.15 -4
      vertex -40.6506 24.5706 -4
    endloop
  endfacet
  facet normal 0 0 -1
    outer loop
      vertex -41.0349 24.3487 -4
      vertex -42.15 25.15 -4
      vertex -40.85 24.4722 -4
    endloop
  endfacet
  facet normal 0 0 -1
    outer loop
      vertex -41.2021 24.2021 -4
      vertex -42.15 25.15 -4
      vertex -41.0349 24.3487 -4
    endloop
  endfacet
  facet normal 0 0 -1
    outer loop
      vertex -41.3487 24.0349 -4
      vertex -42.15 25.15 -4
      vertex -41.2021 24.2021 -4
    endloop
  endfacet
  facet normal 0 0 -1
    outer loop
      vertex -41.4722 23.85 -4
      vertex -42.15 25.15 -4
      vertex -41.3487 24.0349 -4
    endloop
  endfacet
  facet normal 0 0 -1
    outer loop
      vertex -41.5706 23.6506 -4
      vertex -42.15 25.15 -4
      vertex -41.4722 23.85 -4
    endloop
  endfacet
  facet normal 0 0 -1
    outer loop
      vertex -41.6421 23.44 -4
      vertex -42.15 25.15 -4
      vertex -41.5706 23.6506 -4
    endloop
  endfacet
  facet normal 0 0 -1
    outer loop
      vertex -41.6855 23.2219 -4
      vertex -42.15 25.15 -4
      vertex -41.6421 23.44 -4
    endloop
  endfacet
  facet normal 0 0 -1
    outer loop
      vertex -41.7 23 -4
      vertex -42.15 25.15 -4
      vertex -41.6855 23.2219 -4
    endloop
  endfacet
  facet normal 0 0 -1
    outer loop
      vertex -41.6855 22.7781 -4
      vertex -42.15 25.15 -4
      vertex -41.7 23 -4
    endloop
  endfacet
  facet normal 0 -1 0
    outer loop
      vertex -46 -29 -4
      vertex 46 -29 4
      vertex -46 -29 4
    endloop
  endfacet
  facet normal 0 -1 -0
    outer loop
      vertex 46 -29 4
      vertex -46 -29 -4
      vertex 46 -29 -4
    endloop
  endfacet
  facet normal 0 1 -0
    outer loop
      vertex 46 29 -4
      vertex -46 29 4
      vertex 46 29 4
    endloop
  endfacet
  facet normal 0 1 0
    outer loop
      vertex -46 29 4
      vertex 46 29 -4
      vertex -46 29 -4
    endloop
  endfacet
  facet normal -0.831566 -0.555426 0
    outer loop
      vertex 41.4722 23.85 -4
      vertex 41.3487 24.0349 4
      vertex 41.3487 24.0349 -4
    endloop
  endfacet
  facet normal -0.831566 -0.555426 0
    outer loop
      vertex 41.3487 24.0349 4
      vertex 41.4722 23.85 -4
      vertex 41.4722 23.85 4
    endloop
  endfacet
  facet normal -0.321484 -0.946915 0
    outer loop
      vertex 40.44 24.6421 -4
      vertex 40.6506 24.5706 4
      vertex 40.44 24.6421 4
    endloop
  endfacet
  facet normal -0.321484 -0.946915 -0
    outer loop
      vertex 40.6506 24.5706 4
      vertex 40.44 24.6421 -4
      vertex 40.6506 24.5706 -4
    endloop
  endfacet
  facet normal 0.44253 -0.896754 0
    outer loop
      vertex 39.15 24.4722 -4
      vertex 39.3494 24.5706 4
      vertex 39.15 24.4722 4
    endloop
  endfacet
  facet normal 0.44253 -0.896754 0
    outer loop
      vertex 39.3494 24.5706 4
      vertex 39.15 24.4722 -4
      vertex 39.3494 24.5706 -4
    endloop
  endfacet
  facet normal 0.946915 -0.321484 0
    outer loop
      vertex 38.3579 23.44 4
      vertex 38.4294 23.6506 -4
      vertex 38.4294 23.6506 4
    endloop
  endfacet
  facet normal 0.946915 -0.321484 0
    outer loop
      vertex 38.4294 23.6506 -4
      vertex 38.3579 23.44 4
      vertex 38.3579 23.44 -4
    endloop
  endfacet
  facet normal -0.98077 0.195165 0
    outer loop
      vertex 41.6421 22.56 -4
      vertex 41.6855 22.7781 4
      vertex 41.6855 22.7781 -4
    endloop
  endfacet
  facet normal -0.98077 0.195165 0
    outer loop
      vertex 41.6855 22.7781 4
      vertex 41.6421 22.56 -4
      vertex 41.6421 22.56 4
    endloop
  endfacet
  facet normal 0.0652057 -0.997872 0
    outer loop
      vertex 39.7781 24.6855 -4
      vertex 40 24.7 4
      vertex 39.7781 24.6855 4
    endloop
  endfacet
  facet normal 0.0652057 -0.997872 0
    outer loop
      vertex 40 24.7 4
      vertex 39.7781 24.6855 -4
      vertex 40 24.7 -4
    endloop
  endfacet
  facet normal -0.44253 -0.896754 0
    outer loop
      vertex 40.6506 24.5706 -4
      vertex 40.85 24.4722 4
      vertex 40.6506 24.5706 4
    endloop
  endfacet
  facet normal -0.44253 -0.896754 -0
    outer loop
      vertex 40.85 24.4722 4
      vertex 40.6506 24.5706 -4
      vertex 40.85 24.4722 -4
    endloop
  endfacet
  facet normal 0.997872 0.0652057 0
    outer loop
      vertex 38.3145 22.7781 4
      vertex 38.3 23 -4
      vertex 38.3 23 4
    endloop
  endfacet
  facet normal 0.997872 0.0652057 0
    outer loop
      vertex 38.3 23 -4
      vertex 38.3145 22.7781 4
      vertex 38.3145 22.7781 -4
    endloop
  endfacet
  facet normal 0.831566 -0.555426 0
    outer loop
      vertex 38.5278 23.85 4
      vertex 38.6513 24.0349 -4
      vertex 38.6513 24.0349 4
    endloop
  endfacet
  facet normal 0.831566 -0.555426 0
    outer loop
      vertex 38.6513 24.0349 -4
      vertex 38.5278 23.85 4
      vertex 38.5278 23.85 -4
    endloop
  endfacet
  facet normal 0.555426 -0.831566 0
    outer loop
      vertex 38.9651 24.3487 -4
      vertex 39.15 24.4722 4
      vertex 38.9651 24.3487 4
    endloop
  endfacet
  facet normal 0.555426 -0.831566 0
    outer loop
      vertex 39.15 24.4722 4
      vertex 38.9651 24.3487 -4
      vertex 39.15 24.4722 -4
    endloop
  endfacet
  facet normal 0.195165 -0.98077 0
    outer loop
      vertex 39.56 24.6421 -4
      vertex 39.7781 24.6855 4
      vertex 39.56 24.6421 4
    endloop
  endfacet
  facet normal 0.195165 -0.98077 0
    outer loop
      vertex 39.7781 24.6855 4
      vertex 39.56 24.6421 -4
      vertex 39.7781 24.6855 -4
    endloop
  endfacet
  facet normal -0.997872 -0.0652057 0
    outer loop
      vertex 41.7 23 -4
      vertex 41.6855 23.2219 4
      vertex 41.6855 23.2219 -4
    endloop
  endfacet
  facet normal -0.997872 -0.0652057 0
    outer loop
      vertex 41.6855 23.2219 4
      vertex 41.7 23 -4
      vertex 41.7 23 4
    endloop
  endfacet
  facet normal -0.946915 0.321484 0
    outer loop
      vertex 41.5706 22.3494 -4
      vertex 41.6421 22.56 4
      vertex 41.6421 22.56 -4
    endloop
  endfacet
  facet normal -0.946915 0.321484 0
    outer loop
      vertex 41.6421 22.56 4
      vertex 41.5706 22.3494 -4
      vertex 41.5706 22.3494 4
    endloop
  endfacet
  facet normal 0.555426 0.831566 -0
    outer loop
      vertex 39.15 21.5278 -4
      vertex 38.9651 21.6513 4
      vertex 39.15 21.5278 4
    endloop
  endfacet
  facet normal 0.555426 0.831566 0
    outer loop
      vertex 38.9651 21.6513 4
      vertex 39.15 21.5278 -4
      vertex 38.9651 21.6513 -4
    endloop
  endfacet
  facet normal 0.831566 0.555426 0
    outer loop
      vertex 38.6513 21.9651 4
      vertex 38.5278 22.15 -4
      vertex 38.5278 22.15 4
    endloop
  endfacet
  facet normal 0.831566 0.555426 0
    outer loop
      vertex 38.5278 22.15 -4
      vertex 38.6513 21.9651 4
      vertex 38.6513 21.9651 -4
    endloop
  endfacet
  facet normal -0.555426 0.831566 0
    outer loop
      vertex 41.0349 21.6513 -4
      vertex 40.85 21.5278 4
      vertex 41.0349 21.6513 4
    endloop
  endfacet
  facet normal -0.555426 0.831566 0
    outer loop
      vertex 40.85 21.5278 4
      vertex 41.0349 21.6513 -4
      vertex 40.85 21.5278 -4
    endloop
  endfacet
  facet normal -0.659268 -0.751908 0
    outer loop
      vertex 41.0349 24.3487 -4
      vertex 41.2021 24.2021 4
      vertex 41.0349 24.3487 4
    endloop
  endfacet
  facet normal -0.659268 -0.751908 -0
    outer loop
      vertex 41.2021 24.2021 4
      vertex 41.0349 24.3487 -4
      vertex 41.2021 24.2021 -4
    endloop
  endfacet
  facet normal -0.195165 -0.98077 0
    outer loop
      vertex 40.2219 24.6855 -4
      vertex 40.44 24.6421 4
      vertex 40.2219 24.6855 4
    endloop
  endfacet
  facet normal -0.195165 -0.98077 -0
    outer loop
      vertex 40.44 24.6421 4
      vertex 40.2219 24.6855 -4
      vertex 40.44 24.6421 -4
    endloop
  endfacet
  facet normal -0.0652057 -0.997872 0
    outer loop
      vertex 40 24.7 -4
      vertex 40.2219 24.6855 4
      vertex 40 24.7 4
    endloop
  endfacet
  facet normal -0.0652057 -0.997872 -0
    outer loop
      vertex 40.2219 24.6855 4
      vertex 40 24.7 -4
      vertex 40.2219 24.6855 -4
    endloop
  endfacet
  facet normal -0.555426 -0.831566 0
    outer loop
      vertex 40.85 24.4722 -4
      vertex 41.0349 24.3487 4
      vertex 40.85 24.4722 4
    endloop
  endfacet
  facet normal -0.555426 -0.831566 -0
    outer loop
      vertex 41.0349 24.3487 4
      vertex 40.85 24.4722 -4
      vertex 41.0349 24.3487 -4
    endloop
  endfacet
  facet normal 0.98077 -0.195165 0
    outer loop
      vertex 38.3145 23.2219 4
      vertex 38.3579 23.44 -4
      vertex 38.3579 23.44 4
    endloop
  endfacet
  facet normal 0.98077 -0.195165 0
    outer loop
      vertex 38.3579 23.44 -4
      vertex 38.3145 23.2219 4
      vertex 38.3145 23.2219 -4
    endloop
  endfacet
  facet normal 0.997872 -0.0652057 0
    outer loop
      vertex 38.3 23 4
      vertex 38.3145 23.2219 -4
      vertex 38.3145 23.2219 4
    endloop
  endfacet
  facet normal 0.997872 -0.0652057 0
    outer loop
      vertex 38.3145 23.2219 -4
      vertex 38.3 23 4
      vertex 38.3 23 -4
    endloop
  endfacet
  facet normal 0.896754 -0.44253 0
    outer loop
      vertex 38.4294 23.6506 4
      vertex 38.5278 23.85 -4
      vertex 38.5278 23.85 4
    endloop
  endfacet
  facet normal 0.896754 -0.44253 0
    outer loop
      vertex 38.5278 23.85 -4
      vertex 38.4294 23.6506 4
      vertex 38.4294 23.6506 -4
    endloop
  endfacet
  facet normal 0.321484 -0.946915 0
    outer loop
      vertex 39.3494 24.5706 -4
      vertex 39.56 24.6421 4
      vertex 39.3494 24.5706 4
    endloop
  endfacet
  facet normal 0.321484 -0.946915 0
    outer loop
      vertex 39.56 24.6421 4
      vertex 39.3494 24.5706 -4
      vertex 39.56 24.6421 -4
    endloop
  endfacet
  facet normal 0.659268 -0.751908 0
    outer loop
      vertex 38.7979 24.2021 -4
      vertex 38.9651 24.3487 4
      vertex 38.7979 24.2021 4
    endloop
  endfacet
  facet normal 0.659268 -0.751908 0
    outer loop
      vertex 38.9651 24.3487 4
      vertex 38.7979 24.2021 -4
      vertex 38.9651 24.3487 -4
    endloop
  endfacet
  facet normal 0.751908 -0.659268 0
    outer loop
      vertex 38.6513 24.0349 4
      vertex 38.7979 24.2021 -4
      vertex 38.7979 24.2021 4
    endloop
  endfacet
  facet normal 0.751908 -0.659268 0
    outer loop
      vertex 38.7979 24.2021 -4
      vertex 38.6513 24.0349 4
      vertex 38.6513 24.0349 -4
    endloop
  endfacet
  facet normal -0.997872 0.0652057 0
    outer loop
      vertex 41.6855 22.7781 -4
      vertex 41.7 23 4
      vertex 41.7 23 -4
    endloop
  endfacet
  facet normal -0.997872 0.0652057 0
    outer loop
      vertex 41.7 23 4
      vertex 41.6855 22.7781 -4
      vertex 41.6855 22.7781 4
    endloop
  endfacet
  facet normal -0.831566 0.555426 0
    outer loop
      vertex 41.3487 21.9651 -4
      vertex 41.4722 22.15 4
      vertex 41.4722 22.15 -4
    endloop
  endfacet
  facet normal -0.831566 0.555426 0
    outer loop
      vertex 41.4722 22.15 4
      vertex 41.3487 21.9651 -4
      vertex 41.3487 21.9651 4
    endloop
  endfacet
  facet normal 0.98077 0.195165 0
    outer loop
      vertex 38.3579 22.56 4
      vertex 38.3145 22.7781 -4
      vertex 38.3145 22.7781 4
    endloop
  endfacet
  facet normal 0.98077 0.195165 0
    outer loop
      vertex 38.3145 22.7781 -4
      vertex 38.3579 22.56 4
      vertex 38.3579 22.56 -4
    endloop
  endfacet
  facet normal 0.751908 0.659268 0
    outer loop
      vertex 38.7979 21.7979 4
      vertex 38.6513 21.9651 -4
      vertex 38.6513 21.9651 4
    endloop
  endfacet
  facet normal 0.751908 0.659268 0
    outer loop
      vertex 38.6513 21.9651 -4
      vertex 38.7979 21.7979 4
      vertex 38.7979 21.7979 -4
    endloop
  endfacet
  facet normal -0.195165 0.98077 0
    outer loop
      vertex 40.44 21.3579 -4
      vertex 40.2219 21.3145 4
      vertex 40.44 21.3579 4
    endloop
  endfacet
  facet normal -0.195165 0.98077 0
    outer loop
      vertex 40.2219 21.3145 4
      vertex 40.44 21.3579 -4
      vertex 40.2219 21.3145 -4
    endloop
  endfacet
  facet normal -0.659268 0.751908 0
    outer loop
      vertex 41.2021 21.7979 -4
      vertex 41.0349 21.6513 4
      vertex 41.2021 21.7979 4
    endloop
  endfacet
  facet normal -0.659268 0.751908 0
    outer loop
      vertex 41.0349 21.6513 4
      vertex 41.2021 21.7979 -4
      vertex 41.0349 21.6513 -4
    endloop
  endfacet
  facet normal -0.896754 -0.44253 0
    outer loop
      vertex 41.5706 23.6506 -4
      vertex 41.4722 23.85 4
      vertex 41.4722 23.85 -4
    endloop
  endfacet
  facet normal -0.896754 -0.44253 0
    outer loop
      vertex 41.4722 23.85 4
      vertex 41.5706 23.6506 -4
      vertex 41.5706 23.6506 4
    endloop
  endfacet
  facet normal -0.946915 -0.321484 0
    outer loop
      vertex 41.6421 23.44 -4
      vertex 41.5706 23.6506 4
      vertex 41.5706 23.6506 -4
    endloop
  endfacet
  facet normal -0.946915 -0.321484 0
    outer loop
      vertex 41.5706 23.6506 4
      vertex 41.6421 23.44 -4
      vertex 41.6421 23.44 4
    endloop
  endfacet
  facet normal -0.98077 -0.195165 0
    outer loop
      vertex 41.6855 23.2219 -4
      vertex 41.6421 23.44 4
      vertex 41.6421 23.44 -4
    endloop
  endfacet
  facet normal -0.98077 -0.195165 0
    outer loop
      vertex 41.6421 23.44 4
      vertex 41.6855 23.2219 -4
      vertex 41.6855 23.2219 4
    endloop
  endfacet
  facet normal -0.751908 -0.659268 0
    outer loop
      vertex 41.3487 24.0349 -4
      vertex 41.2021 24.2021 4
      vertex 41.2021 24.2021 -4
    endloop
  endfacet
  facet normal -0.751908 -0.659268 0
    outer loop
      vertex 41.2021 24.2021 4
      vertex 41.3487 24.0349 -4
      vertex 41.3487 24.0349 4
    endloop
  endfacet
  facet normal -0.896754 0.44253 0
    outer loop
      vertex 41.4722 22.15 -4
      vertex 41.5706 22.3494 4
      vertex 41.5706 22.3494 -4
    endloop
  endfacet
  facet normal -0.896754 0.44253 0
    outer loop
      vertex 41.5706 22.3494 4
      vertex 41.4722 22.15 -4
      vertex 41.4722 22.15 4
    endloop
  endfacet
  facet normal -0.0652057 0.997872 0
    outer loop
      vertex 40.2219 21.3145 -4
      vertex 40 21.3 4
      vertex 40.2219 21.3145 4
    endloop
  endfacet
  facet normal -0.0652057 0.997872 0
    outer loop
      vertex 40 21.3 4
      vertex 40.2219 21.3145 -4
      vertex 40 21.3 -4
    endloop
  endfacet
  facet normal 0.896754 0.44253 0
    outer loop
      vertex 38.5278 22.15 4
      vertex 38.4294 22.3494 -4
      vertex 38.4294 22.3494 4
    endloop
  endfacet
  facet normal 0.896754 0.44253 0
    outer loop
      vertex 38.4294 22.3494 -4
      vertex 38.5278 22.15 4
      vertex 38.5278 22.15 -4
    endloop
  endfacet
  facet normal 0.946915 0.321484 0
    outer loop
      vertex 38.4294 22.3494 4
      vertex 38.3579 22.56 -4
      vertex 38.3579 22.56 4
    endloop
  endfacet
  facet normal 0.946915 0.321484 0
    outer loop
      vertex 38.3579 22.56 -4
      vertex 38.4294 22.3494 4
      vertex 38.4294 22.3494 -4
    endloop
  endfacet
  facet normal 0.659268 0.751908 -0
    outer loop
      vertex 38.9651 21.6513 -4
      vertex 38.7979 21.7979 4
      vertex 38.9651 21.6513 4
    endloop
  endfacet
  facet normal 0.659268 0.751908 0
    outer loop
      vertex 38.7979 21.7979 4
      vertex 38.9651 21.6513 -4
      vertex 38.7979 21.7979 -4
    endloop
  endfacet
  facet normal -0.44253 0.896754 0
    outer loop
      vertex 40.85 21.5278 -4
      vertex 40.6506 21.4294 4
      vertex 40.85 21.5278 4
    endloop
  endfacet
  facet normal -0.44253 0.896754 0
    outer loop
      vertex 40.6506 21.4294 4
      vertex 40.85 21.5278 -4
      vertex 40.6506 21.4294 -4
    endloop
  endfacet
  facet normal -0.321484 0.946915 0
    outer loop
      vertex 40.6506 21.4294 -4
      vertex 40.44 21.3579 4
      vertex 40.6506 21.4294 4
    endloop
  endfacet
  facet normal -0.321484 0.946915 0
    outer loop
      vertex 40.44 21.3579 4
      vertex 40.6506 21.4294 -4
      vertex 40.44 21.3579 -4
    endloop
  endfacet
  facet normal 0.195165 0.98077 -0
    outer loop
      vertex 39.7781 21.3145 -4
      vertex 39.56 21.3579 4
      vertex 39.7781 21.3145 4
    endloop
  endfacet
  facet normal 0.195165 0.98077 0
    outer loop
      vertex 39.56 21.3579 4
      vertex 39.7781 21.3145 -4
      vertex 39.56 21.3579 -4
    endloop
  endfacet
  facet normal 0.321484 0.946915 -0
    outer loop
      vertex 39.56 21.3579 -4
      vertex 39.3494 21.4294 4
      vertex 39.56 21.3579 4
    endloop
  endfacet
  facet normal 0.321484 0.946915 0
    outer loop
      vertex 39.3494 21.4294 4
      vertex 39.56 21.3579 -4
      vertex 39.3494 21.4294 -4
    endloop
  endfacet
  facet normal -0.751908 0.659268 0
    outer loop
      vertex 41.2021 21.7979 -4
      vertex 41.3487 21.9651 4
      vertex 41.3487 21.9651 -4
    endloop
  endfacet
  facet normal -0.751908 0.659268 0
    outer loop
      vertex 41.3487 21.9651 4
      vertex 41.2021 21.7979 -4
      vertex 41.2021 21.7979 4
    endloop
  endfacet
  facet normal 0.0652057 0.997872 -0
    outer loop
      vertex 40 21.3 -4
      vertex 39.7781 21.3145 4
      vertex 40 21.3 4
    endloop
  endfacet
  facet normal 0.0652057 0.997872 0
    outer loop
      vertex 39.7781 21.3145 4
      vertex 40 21.3 -4
      vertex 39.7781 21.3145 -4
    endloop
  endfacet
  facet normal 0.44253 0.896754 -0
    outer loop
      vertex 39.3494 21.4294 -4
      vertex 39.15 21.5278 4
      vertex 39.3494 21.4294 4
    endloop
  endfacet
  facet normal 0.44253 0.896754 0
    outer loop
      vertex 39.15 21.5278 4
      vertex 39.3494 21.4294 -4
      vertex 39.15 21.5278 -4
    endloop
  endfacet
  facet normal -0.831566 -0.555426 0
    outer loop
      vertex -38.5278 23.85 -4
      vertex -38.6513 24.0349 4
      vertex -38.6513 24.0349 -4
    endloop
  endfacet
  facet normal -0.831566 -0.555426 0
    outer loop
      vertex -38.6513 24.0349 4
      vertex -38.5278 23.85 -4
      vertex -38.5278 23.85 4
    endloop
  endfacet
  facet normal -0.321484 -0.946915 0
    outer loop
      vertex -39.56 24.6421 -4
      vertex -39.3494 24.5706 4
      vertex -39.56 24.6421 4
    endloop
  endfacet
  facet normal -0.321484 -0.946915 -0
    outer loop
      vertex -39.3494 24.5706 4
      vertex -39.56 24.6421 -4
      vertex -39.3494 24.5706 -4
    endloop
  endfacet
  facet normal 0.44253 -0.896754 0
    outer loop
      vertex -40.85 24.4722 -4
      vertex -40.6506 24.5706 4
      vertex -40.85 24.4722 4
    endloop
  endfacet
  facet normal 0.44253 -0.896754 0
    outer loop
      vertex -40.6506 24.5706 4
      vertex -40.85 24.4722 -4
      vertex -40.6506 24.5706 -4
    endloop
  endfacet
  facet normal 0.946915 -0.321484 0
    outer loop
      vertex -41.6421 23.44 4
      vertex -41.5706 23.6506 -4
      vertex -41.5706 23.6506 4
    endloop
  endfacet
  facet normal 0.946915 -0.321484 0
    outer loop
      vertex -41.5706 23.6506 -4
      vertex -41.6421 23.44 4
      vertex -41.6421 23.44 -4
    endloop
  endfacet
  facet normal -0.997872 0.0652057 0
    outer loop
      vertex -38.3145 22.7781 -4
      vertex -38.3 23 4
      vertex -38.3 23 -4
    endloop
  endfacet
  facet normal -0.997872 0.0652057 0
    outer loop
      vertex -38.3 23 4
      vertex -38.3145 22.7781 -4
      vertex -38.3145 22.7781 4
    endloop
  endfacet
  facet normal -0.44253 0.896754 0
    outer loop
      vertex -39.15 21.5278 -4
      vertex -39.3494 21.4294 4
      vertex -39.15 21.5278 4
    endloop
  endfacet
  facet normal -0.44253 0.896754 0
    outer loop
      vertex -39.3494 21.4294 4
      vertex -39.15 21.5278 -4
      vertex -39.3494 21.4294 -4
    endloop
  endfacet
  facet normal -0.98077 -0.195165 0
    outer loop
      vertex -38.3145 23.2219 -4
      vertex -38.3579 23.44 4
      vertex -38.3579 23.44 -4
    endloop
  endfacet
  facet normal -0.98077 -0.195165 0
    outer loop
      vertex -38.3579 23.44 4
      vertex -38.3145 23.2219 -4
      vertex -38.3145 23.2219 4
    endloop
  endfacet
  facet normal 0.0652057 -0.997872 0
    outer loop
      vertex -40.2219 24.6855 -4
      vertex -40 24.7 4
      vertex -40.2219 24.6855 4
    endloop
  endfacet
  facet normal 0.0652057 -0.997872 0
    outer loop
      vertex -40 24.7 4
      vertex -40.2219 24.6855 -4
      vertex -40 24.7 -4
    endloop
  endfacet
  facet normal 0.997872 -0.0652057 0
    outer loop
      vertex -41.7 23 4
      vertex -41.6855 23.2219 -4
      vertex -41.6855 23.2219 4
    endloop
  endfacet
  facet normal 0.997872 -0.0652057 0
    outer loop
      vertex -41.6855 23.2219 -4
      vertex -41.7 23 4
      vertex -41.7 23 -4
    endloop
  endfacet
  facet normal 0.831566 -0.555426 0
    outer loop
      vertex -41.4722 23.85 4
      vertex -41.3487 24.0349 -4
      vertex -41.3487 24.0349 4
    endloop
  endfacet
  facet normal 0.831566 -0.555426 0
    outer loop
      vertex -41.3487 24.0349 -4
      vertex -41.4722 23.85 4
      vertex -41.4722 23.85 -4
    endloop
  endfacet
  facet normal 0.555426 -0.831566 0
    outer loop
      vertex -41.0349 24.3487 -4
      vertex -40.85 24.4722 4
      vertex -41.0349 24.3487 4
    endloop
  endfacet
  facet normal 0.555426 -0.831566 0
    outer loop
      vertex -40.85 24.4722 4
      vertex -41.0349 24.3487 -4
      vertex -40.85 24.4722 -4
    endloop
  endfacet
  facet normal 0.195165 -0.98077 0
    outer loop
      vertex -40.44 24.6421 -4
      vertex -40.2219 24.6855 4
      vertex -40.44 24.6421 4
    endloop
  endfacet
  facet normal 0.195165 -0.98077 0
    outer loop
      vertex -40.2219 24.6855 4
      vertex -40.44 24.6421 -4
      vertex -40.2219 24.6855 -4
    endloop
  endfacet
  facet normal 0.659268 -0.751908 0
    outer loop
      vertex -41.2021 24.2021 -4
      vertex -41.0349 24.3487 4
      vertex -41.2021 24.2021 4
    endloop
  endfacet
  facet normal 0.659268 -0.751908 0
    outer loop
      vertex -41.0349 24.3487 4
      vertex -41.2021 24.2021 -4
      vertex -41.0349 24.3487 -4
    endloop
  endfacet
  facet normal -0.997872 -0.0652057 0
    outer loop
      vertex -38.3 23 -4
      vertex -38.3145 23.2219 4
      vertex -38.3145 23.2219 -4
    endloop
  endfacet
  facet normal -0.997872 -0.0652057 0
    outer loop
      vertex -38.3145 23.2219 4
      vertex -38.3 23 -4
      vertex -38.3 23 4
    endloop
  endfacet
  facet normal -0.555426 0.831566 0
    outer loop
      vertex -38.9651 21.6513 -4
      vertex -39.15 21.5278 4
      vertex -38.9651 21.6513 4
    endloop
  endfacet
  facet normal -0.555426 0.831566 0
    outer loop
      vertex -39.15 21.5278 4
      vertex -38.9651 21.6513 -4
      vertex -39.15 21.5278 -4
    endloop
  endfacet
  facet normal -0.946915 0.321484 0
    outer loop
      vertex -38.4294 22.3494 -4
      vertex -38.3579 22.56 4
      vertex -38.3579 22.56 -4
    endloop
  endfacet
  facet normal -0.946915 0.321484 0
    outer loop
      vertex -38.3579 22.56 4
      vertex -38.4294 22.3494 -4
      vertex -38.4294 22.3494 4
    endloop
  endfacet
  facet normal -0.321484 0.946915 0
    outer loop
      vertex -39.3494 21.4294 -4
      vertex -39.56 21.3579 4
      vertex -39.3494 21.4294 4
    endloop
  endfacet
  facet normal -0.321484 0.946915 0
    outer loop
      vertex -39.56 21.3579 4
      vertex -39.3494 21.4294 -4
      vertex -39.56 21.3579 -4
    endloop
  endfacet
  facet normal -0.659268 -0.751908 0
    outer loop
      vertex -38.9651 24.3487 -4
      vertex -38.7979 24.2021 4
      vertex -38.9651 24.3487 4
    endloop
  endfacet
  facet normal -0.659268 -0.751908 -0
    outer loop
      vertex -38.7979 24.2021 4
      vertex -38.9651 24.3487 -4
      vertex -38.7979 24.2021 -4
    endloop
  endfacet
  facet normal -0.751908 -0.659268 0
    outer loop
      vertex -38.6513 24.0349 -4
      vertex -38.7979 24.2021 4
      vertex -38.7979 24.2021 -4
    endloop
  endfacet
  facet normal -0.751908 -0.659268 0
    outer loop
      vertex -38.7979 24.2021 4
      vertex -38.6513 24.0349 -4
      vertex -38.6513 24.0349 4
    endloop
  endfacet
  facet normal -0.195165 -0.98077 0
    outer loop
      vertex -39.7781 24.6855 -4
      vertex -39.56 24.6421 4
      vertex -39.7781 24.6855 4
    endloop
  endfacet
  facet normal -0.195165 -0.98077 -0
    outer loop
      vertex -39.56 24.6421 4
      vertex -39.7781 24.6855 -4
      vertex -39.56 24.6421 -4
    endloop
  endfacet
  facet normal -0.0652057 -0.997872 0
    outer loop
      vertex -40 24.7 -4
      vertex -39.7781 24.6855 4
      vertex -40 24.7 4
    endloop
  endfacet
  facet normal -0.0652057 -0.997872 -0
    outer loop
      vertex -39.7781 24.6855 4
      vertex -40 24.7 -4
      vertex -39.7781 24.6855 -4
    endloop
  endfacet
  facet normal -0.555426 -0.831566 0
    outer loop
      vertex -39.15 24.4722 -4
      vertex -38.9651 24.3487 4
      vertex -39.15 24.4722 4
    endloop
  endfacet
  facet normal -0.555426 -0.831566 -0
    outer loop
      vertex -38.9651 24.3487 4
      vertex -39.15 24.4722 -4
      vertex -38.9651 24.3487 -4
    endloop
  endfacet
  facet normal -0.44253 -0.896754 0
    outer loop
      vertex -39.3494 24.5706 -4
      vertex -39.15 24.4722 4
      vertex -39.3494 24.5706 4
    endloop
  endfacet
  facet normal -0.44253 -0.896754 -0
    outer loop
      vertex -39.15 24.4722 4
      vertex -39.3494 24.5706 -4
      vertex -39.15 24.4722 -4
    endloop
  endfacet
  facet normal 0.997872 0.0652057 0
    outer loop
      vertex -41.6855 22.7781 4
      vertex -41.7 23 -4
      vertex -41.7 23 4
    endloop
  endfacet
  facet normal 0.997872 0.0652057 0
    outer loop
      vertex -41.7 23 -4
      vertex -41.6855 22.7781 4
      vertex -41.6855 22.7781 -4
    endloop
  endfacet
  facet normal 0.896754 -0.44253 0
    outer loop
      vertex -41.5706 23.6506 4
      vertex -41.4722 23.85 -4
      vertex -41.4722 23.85 4
    endloop
  endfacet
  facet normal 0.896754 -0.44253 0
    outer loop
      vertex -41.4722 23.85 -4
      vertex -41.5706 23.6506 4
      vertex -41.5706 23.6506 -4
    endloop
  endfacet
  facet normal 0.321484 -0.946915 0
    outer loop
      vertex -40.6506 24.5706 -4
      vertex -40.44 24.6421 4
      vertex -40.6506 24.5706 4
    endloop
  endfacet
  facet normal 0.321484 -0.946915 0
    outer loop
      vertex -40.44 24.6421 4
      vertex -40.6506 24.5706 -4
      vertex -40.44 24.6421 -4
    endloop
  endfacet
  facet normal 0.751908 -0.659268 0
    outer loop
      vertex -41.3487 24.0349 4
      vertex -41.2021 24.2021 -4
      vertex -41.2021 24.2021 4
    endloop
  endfacet
  facet normal 0.751908 -0.659268 0
    outer loop
      vertex -41.2021 24.2021 -4
      vertex -41.3487 24.0349 4
      vertex -41.3487 24.0349 -4
    endloop
  endfacet
  facet normal -0.98077 0.195165 0
    outer loop
      vertex -38.3579 22.56 -4
      vertex -38.3145 22.7781 4
      vertex -38.3145 22.7781 -4
    endloop
  endfacet
  facet normal -0.98077 0.195165 0
    outer loop
      vertex -38.3145 22.7781 4
      vertex -38.3579 22.56 -4
      vertex -38.3579 22.56 4
    endloop
  endfacet
  facet normal -0.831566 0.555426 0
    outer loop
      vertex -38.6513 21.9651 -4
      vertex -38.5278 22.15 4
      vertex -38.5278 22.15 -4
    endloop
  endfacet
  facet normal -0.831566 0.555426 0
    outer loop
      vertex -38.5278 22.15 4
      vertex -38.6513 21.9651 -4
      vertex -38.6513 21.9651 4
    endloop
  endfacet
  facet normal -0.896754 0.44253 0
    outer loop
      vertex -38.5278 22.15 -4
      vertex -38.4294 22.3494 4
      vertex -38.4294 22.3494 -4
    endloop
  endfacet
  facet normal -0.896754 0.44253 0
    outer loop
      vertex -38.4294 22.3494 4
      vertex -38.5278 22.15 -4
      vertex -38.5278 22.15 4
    endloop
  endfacet
  facet normal 0.98077 0.195165 0
    outer loop
      vertex -41.6421 22.56 4
      vertex -41.6855 22.7781 -4
      vertex -41.6855 22.7781 4
    endloop
  endfacet
  facet normal 0.98077 0.195165 0
    outer loop
      vertex -41.6855 22.7781 -4
      vertex -41.6421 22.56 4
      vertex -41.6421 22.56 -4
    endloop
  endfacet
  facet normal 0.946915 0.321484 0
    outer loop
      vertex -41.5706 22.3494 4
      vertex -41.6421 22.56 -4
      vertex -41.6421 22.56 4
    endloop
  endfacet
  facet normal 0.946915 0.321484 0
    outer loop
      vertex -41.6421 22.56 -4
      vertex -41.5706 22.3494 4
      vertex -41.5706 22.3494 -4
    endloop
  endfacet
  facet normal 0.831566 0.555426 0
    outer loop
      vertex -41.3487 21.9651 4
      vertex -41.4722 22.15 -4
      vertex -41.4722 22.15 4
    endloop
  endfacet
  facet normal 0.831566 0.555426 0
    outer loop
      vertex -41.4722 22.15 -4
      vertex -41.3487 21.9651 4
      vertex -41.3487 21.9651 -4
    endloop
  endfacet
  facet normal -0.195165 0.98077 0
    outer loop
      vertex -39.56 21.3579 -4
      vertex -39.7781 21.3145 4
      vertex -39.56 21.3579 4
    endloop
  endfacet
  facet normal -0.195165 0.98077 0
    outer loop
      vertex -39.7781 21.3145 4
      vertex -39.56 21.3579 -4
      vertex -39.7781 21.3145 -4
    endloop
  endfacet
  facet normal -0.896754 -0.44253 0
    outer loop
      vertex -38.4294 23.6506 -4
      vertex -38.5278 23.85 4
      vertex -38.5278 23.85 -4
    endloop
  endfacet
  facet normal -0.896754 -0.44253 0
    outer loop
      vertex -38.5278 23.85 4
      vertex -38.4294 23.6506 -4
      vertex -38.4294 23.6506 4
    endloop
  endfacet
  facet normal -0.946915 -0.321484 0
    outer loop
      vertex -38.3579 23.44 -4
      vertex -38.4294 23.6506 4
      vertex -38.4294 23.6506 -4
    endloop
  endfacet
  facet normal -0.946915 -0.321484 0
    outer loop
      vertex -38.4294 23.6506 4
      vertex -38.3579 23.44 -4
      vertex -38.3579 23.44 4
    endloop
  endfacet
  facet normal 0.98077 -0.195165 0
    outer loop
      vertex -41.6855 23.2219 4
      vertex -41.6421 23.44 -4
      vertex -41.6421 23.44 4
    endloop
  endfacet
  facet normal 0.98077 -0.195165 0
    outer loop
      vertex -41.6421 23.44 -4
      vertex -41.6855 23.2219 4
      vertex -41.6855 23.2219 -4
    endloop
  endfacet
  facet normal -0.0652057 0.997872 0
    outer loop
      vertex -39.7781 21.3145 -4
      vertex -40 21.3 4
      vertex -39.7781 21.3145 4
    endloop
  endfacet
  facet normal -0.0652057 0.997872 0
    outer loop
      vertex -40 21.3 4
      vertex -39.7781 21.3145 -4
      vertex -40 21.3 -4
    endloop
  endfacet
  facet normal 0.321484 0.946915 -0
    outer loop
      vertex -40.44 21.3579 -4
      vertex -40.6506 21.4294 4
      vertex -40.44 21.3579 4
    endloop
  endfacet
  facet normal 0.321484 0.946915 0
    outer loop
      vertex -40.6506 21.4294 4
      vertex -40.44 21.3579 -4
      vertex -40.6506 21.4294 -4
    endloop
  endfacet
  facet normal 0.896754 0.44253 0
    outer loop
      vertex -41.4722 22.15 4
      vertex -41.5706 22.3494 -4
      vertex -41.5706 22.3494 4
    endloop
  endfacet
  facet normal 0.896754 0.44253 0
    outer loop
      vertex -41.5706 22.3494 -4
      vertex -41.4722 22.15 4
      vertex -41.4722 22.15 -4
    endloop
  endfacet
  facet normal -0.659268 0.751908 0
    outer loop
      vertex -38.7979 21.7979 -4
      vertex -38.9651 21.6513 4
      vertex -38.7979 21.7979 4
    endloop
  endfacet
  facet normal -0.659268 0.751908 0
    outer loop
      vertex -38.9651 21.6513 4
      vertex -38.7979 21.7979 -4
      vertex -38.9651 21.6513 -4
    endloop
  endfacet
  facet normal 0.555426 0.831566 -0
    outer loop
      vertex -40.85 21.5278 -4
      vertex -41.0349 21.6513 4
      vertex -40.85 21.5278 4
    endloop
  endfacet
  facet normal 0.555426 0.831566 0
    outer loop
      vertex -41.0349 21.6513 4
      vertex -40.85 21.5278 -4
      vertex -41.0349 21.6513 -4
    endloop
  endfacet
  facet normal 0.195165 0.98077 -0
    outer loop
      vertex -40.2219 21.3145 -4
      vertex -40.44 21.3579 4
      vertex -40.2219 21.3145 4
    endloop
  endfacet
  facet normal 0.195165 0.98077 0
    outer loop
      vertex -40.44 21.3579 4
      vertex -40.2219 21.3145 -4
      vertex -40.44 21.3579 -4
    endloop
  endfacet
  facet normal 0.659268 0.751908 -0
    outer loop
      vertex -41.0349 21.6513 -4
      vertex -41.2021 21.7979 4
      vertex -41.0349 21.6513 4
    endloop
  endfacet
  facet normal 0.659268 0.751908 0
    outer loop
      vertex -41.2021 21.7979 4
      vertex -41.0349 21.6513 -4
      vertex -41.2021 21.7979 -4
    endloop
  endfacet
  facet normal 0.751908 0.659268 0
    outer loop
      vertex -41.2021 21.7979 4
      vertex -41.3487 21.9651 -4
      vertex -41.3487 21.9651 4
    endloop
  endfacet
  facet normal 0.751908 0.659268 0
    outer loop
      vertex -41.3487 21.9651 -4
      vertex -41.2021 21.7979 4
      vertex -41.2021 21.7979 -4
    endloop
  endfacet
  facet normal -0.751908 0.659268 0
    outer loop
      vertex -38.7979 21.7979 -4
      vertex -38.6513 21.9651 4
      vertex -38.6513 21.9651 -4
    endloop
  endfacet
  facet normal -0.751908 0.659268 0
    outer loop
      vertex -38.6513 21.9651 4
      vertex -38.7979 21.7979 -4
      vertex -38.7979 21.7979 4
    endloop
  endfacet
  facet normal 0.0652057 0.997872 -0
    outer loop
      vertex -40 21.3 -4
      vertex -40.2219 21.3145 4
      vertex -40 21.3 4
    endloop
  endfacet
  facet normal 0.0652057 0.997872 0
    outer loop
      vertex -40.2219 21.3145 4
      vertex -40 21.3 -4
      vertex -40.2219 21.3145 -4
    endloop
  endfacet
  facet normal 0.44253 0.896754 -0
    outer loop
      vertex -40.6506 21.4294 -4
      vertex -40.85 21.5278 4
      vertex -40.6506 21.4294 4
    endloop
  endfacet
  facet normal 0.44253 0.896754 0
    outer loop
      vertex -40.85 21.5278 4
      vertex -40.6506 21.4294 -4
      vertex -40.85 21.5278 -4
    endloop
  endfacet
  facet normal -0.997872 -0.0652057 0
    outer loop
      vertex 41.7 -23 -4
      vertex 41.6855 -22.7781 4
      vertex 41.6855 -22.7781 -4
    endloop
  endfacet
  facet normal -0.997872 -0.0652057 0
    outer loop
      vertex 41.6855 -22.7781 4
      vertex 41.7 -23 -4
      vertex 41.7 -23 4
    endloop
  endfacet
  facet normal 0.997872 -0.0652057 0
    outer loop
      vertex 38.3 -23 4
      vertex 38.3145 -22.7781 -4
      vertex 38.3145 -22.7781 4
    endloop
  endfacet
  facet normal 0.997872 -0.0652057 0
    outer loop
      vertex 38.3145 -22.7781 -4
      vertex 38.3 -23 4
      vertex 38.3 -23 -4
    endloop
  endfacet
  facet normal -0.0652057 -0.997872 0
    outer loop
      vertex 40 -21.3 -4
      vertex 40.2219 -21.3145 4
      vertex 40 -21.3 4
    endloop
  endfacet
  facet normal -0.0652057 -0.997872 -0
    outer loop
      vertex 40.2219 -21.3145 4
      vertex 40 -21.3 -4
      vertex 40.2219 -21.3145 -4
    endloop
  endfacet
  facet normal 0.0652057 0.997872 -0
    outer loop
      vertex 40 -24.7 -4
      vertex 39.7781 -24.6855 4
      vertex 40 -24.7 4
    endloop
  endfacet
  facet normal 0.0652057 0.997872 0
    outer loop
      vertex 39.7781 -24.6855 4
      vertex 40 -24.7 -4
      vertex 39.7781 -24.6855 -4
    endloop
  endfacet
  facet normal 0.751908 0.659268 0
    outer loop
      vertex 38.7979 -24.2021 4
      vertex 38.6513 -24.0349 -4
      vertex 38.6513 -24.0349 4
    endloop
  endfacet
  facet normal 0.751908 0.659268 0
    outer loop
      vertex 38.6513 -24.0349 -4
      vertex 38.7979 -24.2021 4
      vertex 38.7979 -24.2021 -4
    endloop
  endfacet
  facet normal -0.659268 -0.751908 0
    outer loop
      vertex 41.0349 -21.6513 -4
      vertex 41.2021 -21.7979 4
      vertex 41.0349 -21.6513 4
    endloop
  endfacet
  facet normal -0.659268 -0.751908 -0
    outer loop
      vertex 41.2021 -21.7979 4
      vertex 41.0349 -21.6513 -4
      vertex 41.2021 -21.7979 -4
    endloop
  endfacet
  facet normal 0.659268 -0.751908 0
    outer loop
      vertex 38.7979 -21.7979 -4
      vertex 38.9651 -21.6513 4
      vertex 38.7979 -21.7979 4
    endloop
  endfacet
  facet normal 0.659268 -0.751908 0
    outer loop
      vertex 38.9651 -21.6513 4
      vertex 38.7979 -21.7979 -4
      vertex 38.9651 -21.6513 -4
    endloop
  endfacet
  facet normal 0.321484 -0.946915 0
    outer loop
      vertex 39.3494 -21.4294 -4
      vertex 39.56 -21.3579 4
      vertex 39.3494 -21.4294 4
    endloop
  endfacet
  facet normal 0.321484 -0.946915 0
    outer loop
      vertex 39.56 -21.3579 4
      vertex 39.3494 -21.4294 -4
      vertex 39.56 -21.3579 -4
    endloop
  endfacet
  facet normal -0.896754 -0.44253 0
    outer loop
      vertex 41.5706 -22.3494 -4
      vertex 41.4722 -22.15 4
      vertex 41.4722 -22.15 -4
    endloop
  endfacet
  facet normal -0.896754 -0.44253 0
    outer loop
      vertex 41.4722 -22.15 4
      vertex 41.5706 -22.3494 -4
      vertex 41.5706 -22.3494 4
    endloop
  endfacet
  facet normal -0.98077 -0.195165 0
    outer loop
      vertex 41.6855 -22.7781 -4
      vertex 41.6421 -22.56 4
      vertex 41.6421 -22.56 -4
    endloop
  endfacet
  facet normal -0.98077 -0.195165 0
    outer loop
      vertex 41.6421 -22.56 4
      vertex 41.6855 -22.7781 -4
      vertex 41.6855 -22.7781 4
    endloop
  endfacet
  facet normal -0.831566 -0.555426 0
    outer loop
      vertex 41.4722 -22.15 -4
      vertex 41.3487 -21.9651 4
      vertex 41.3487 -21.9651 -4
    endloop
  endfacet
  facet normal -0.831566 -0.555426 0
    outer loop
      vertex 41.3487 -21.9651 4
      vertex 41.4722 -22.15 -4
      vertex 41.4722 -22.15 4
    endloop
  endfacet
  facet normal -0.321484 -0.946915 0
    outer loop
      vertex 40.44 -21.3579 -4
      vertex 40.6506 -21.4294 4
      vertex 40.44 -21.3579 4
    endloop
  endfacet
  facet normal -0.321484 -0.946915 -0
    outer loop
      vertex 40.6506 -21.4294 4
      vertex 40.44 -21.3579 -4
      vertex 40.6506 -21.4294 -4
    endloop
  endfacet
  facet normal -0.195165 -0.98077 0
    outer loop
      vertex 40.2219 -21.3145 -4
      vertex 40.44 -21.3579 4
      vertex 40.2219 -21.3145 4
    endloop
  endfacet
  facet normal -0.195165 -0.98077 -0
    outer loop
      vertex 40.44 -21.3579 4
      vertex 40.2219 -21.3145 -4
      vertex 40.44 -21.3579 -4
    endloop
  endfacet
  facet normal -0.44253 -0.896754 0
    outer loop
      vertex 40.6506 -21.4294 -4
      vertex 40.85 -21.5278 4
      vertex 40.6506 -21.4294 4
    endloop
  endfacet
  facet normal -0.44253 -0.896754 -0
    outer loop
      vertex 40.85 -21.5278 4
      vertex 40.6506 -21.4294 -4
      vertex 40.85 -21.5278 -4
    endloop
  endfacet
  facet normal 0.896754 -0.44253 0
    outer loop
      vertex 38.4294 -22.3494 4
      vertex 38.5278 -22.15 -4
      vertex 38.5278 -22.15 4
    endloop
  endfacet
  facet normal 0.896754 -0.44253 0
    outer loop
      vertex 38.5278 -22.15 -4
      vertex 38.4294 -22.3494 4
      vertex 38.4294 -22.3494 -4
    endloop
  endfacet
  facet normal 0.751908 -0.659268 0
    outer loop
      vertex 38.6513 -21.9651 4
      vertex 38.7979 -21.7979 -4
      vertex 38.7979 -21.7979 4
    endloop
  endfacet
  facet normal 0.751908 -0.659268 0
    outer loop
      vertex 38.7979 -21.7979 -4
      vertex 38.6513 -21.9651 4
      vertex 38.6513 -21.9651 -4
    endloop
  endfacet
  facet normal 0.946915 -0.321484 0
    outer loop
      vertex 38.3579 -22.56 4
      vertex 38.4294 -22.3494 -4
      vertex 38.4294 -22.3494 4
    endloop
  endfacet
  facet normal 0.946915 -0.321484 0
    outer loop
      vertex 38.4294 -22.3494 -4
      vertex 38.3579 -22.56 4
      vertex 38.3579 -22.56 -4
    endloop
  endfacet
  facet normal 0.195165 -0.98077 0
    outer loop
      vertex 39.56 -21.3579 -4
      vertex 39.7781 -21.3145 4
      vertex 39.56 -21.3579 4
    endloop
  endfacet
  facet normal 0.195165 -0.98077 0
    outer loop
      vertex 39.7781 -21.3145 4
      vertex 39.56 -21.3579 -4
      vertex 39.7781 -21.3145 -4
    endloop
  endfacet
  facet normal -0.98077 0.195165 0
    outer loop
      vertex 41.6421 -23.44 -4
      vertex 41.6855 -23.2219 4
      vertex 41.6855 -23.2219 -4
    endloop
  endfacet
  facet normal -0.98077 0.195165 0
    outer loop
      vertex 41.6855 -23.2219 4
      vertex 41.6421 -23.44 -4
      vertex 41.6421 -23.44 4
    endloop
  endfacet
  facet normal 0.44253 0.896754 -0
    outer loop
      vertex 39.3494 -24.5706 -4
      vertex 39.15 -24.4722 4
      vertex 39.3494 -24.5706 4
    endloop
  endfacet
  facet normal 0.44253 0.896754 0
    outer loop
      vertex 39.15 -24.4722 4
      vertex 39.3494 -24.5706 -4
      vertex 39.15 -24.4722 -4
    endloop
  endfacet
  facet normal 0.659268 0.751908 -0
    outer loop
      vertex 38.9651 -24.3487 -4
      vertex 38.7979 -24.2021 4
      vertex 38.9651 -24.3487 4
    endloop
  endfacet
  facet normal 0.659268 0.751908 0
    outer loop
      vertex 38.7979 -24.2021 4
      vertex 38.9651 -24.3487 -4
      vertex 38.7979 -24.2021 -4
    endloop
  endfacet
  facet normal 0.321484 0.946915 -0
    outer loop
      vertex 39.56 -24.6421 -4
      vertex 39.3494 -24.5706 4
      vertex 39.56 -24.6421 4
    endloop
  endfacet
  facet normal 0.321484 0.946915 0
    outer loop
      vertex 39.3494 -24.5706 4
      vertex 39.56 -24.6421 -4
      vertex 39.3494 -24.5706 -4
    endloop
  endfacet
  facet normal -0.946915 -0.321484 0
    outer loop
      vertex 41.6421 -22.56 -4
      vertex 41.5706 -22.3494 4
      vertex 41.5706 -22.3494 -4
    endloop
  endfacet
  facet normal -0.946915 -0.321484 0
    outer loop
      vertex 41.5706 -22.3494 4
      vertex 41.6421 -22.56 -4
      vertex 41.6421 -22.56 4
    endloop
  endfacet
  facet normal -0.751908 -0.659268 0
    outer loop
      vertex 41.3487 -21.9651 -4
      vertex 41.2021 -21.7979 4
      vertex 41.2021 -21.7979 -4
    endloop
  endfacet
  facet normal -0.751908 -0.659268 0
    outer loop
      vertex 41.2021 -21.7979 4
      vertex 41.3487 -21.9651 -4
      vertex 41.3487 -21.9651 4
    endloop
  endfacet
  facet normal -0.555426 -0.831566 0
    outer loop
      vertex 40.85 -21.5278 -4
      vertex 41.0349 -21.6513 4
      vertex 40.85 -21.5278 4
    endloop
  endfacet
  facet normal -0.555426 -0.831566 -0
    outer loop
      vertex 41.0349 -21.6513 4
      vertex 40.85 -21.5278 -4
      vertex 41.0349 -21.6513 -4
    endloop
  endfacet
  facet normal 0.831566 -0.555426 0
    outer loop
      vertex 38.5278 -22.15 4
      vertex 38.6513 -21.9651 -4
      vertex 38.6513 -21.9651 4
    endloop
  endfacet
  facet normal 0.831566 -0.555426 0
    outer loop
      vertex 38.6513 -21.9651 -4
      vertex 38.5278 -22.15 4
      vertex 38.5278 -22.15 -4
    endloop
  endfacet
  facet normal 0.98077 -0.195165 0
    outer loop
      vertex 38.3145 -22.7781 4
      vertex 38.3579 -22.56 -4
      vertex 38.3579 -22.56 4
    endloop
  endfacet
  facet normal 0.98077 -0.195165 0
    outer loop
      vertex 38.3579 -22.56 -4
      vertex 38.3145 -22.7781 4
      vertex 38.3145 -22.7781 -4
    endloop
  endfacet
  facet normal 0.44253 -0.896754 0
    outer loop
      vertex 39.15 -21.5278 -4
      vertex 39.3494 -21.4294 4
      vertex 39.15 -21.5278 4
    endloop
  endfacet
  facet normal 0.44253 -0.896754 0
    outer loop
      vertex 39.3494 -21.4294 4
      vertex 39.15 -21.5278 -4
      vertex 39.3494 -21.4294 -4
    endloop
  endfacet
  facet normal 0.555426 -0.831566 0
    outer loop
      vertex 38.9651 -21.6513 -4
      vertex 39.15 -21.5278 4
      vertex 38.9651 -21.6513 4
    endloop
  endfacet
  facet normal 0.555426 -0.831566 0
    outer loop
      vertex 39.15 -21.5278 4
      vertex 38.9651 -21.6513 -4
      vertex 39.15 -21.5278 -4
    endloop
  endfacet
  facet normal 0.0652057 -0.997872 0
    outer loop
      vertex 39.7781 -21.3145 -4
      vertex 40 -21.3 4
      vertex 39.7781 -21.3145 4
    endloop
  endfacet
  facet normal 0.0652057 -0.997872 0
    outer loop
      vertex 40 -21.3 4
      vertex 39.7781 -21.3145 -4
      vertex 40 -21.3 -4
    endloop
  endfacet
  facet normal -0.997872 0.0652057 0
    outer loop
      vertex 41.6855 -23.2219 -4
      vertex 41.7 -23 4
      vertex 41.7 -23 -4
    endloop
  endfacet
  facet normal -0.997872 0.0652057 0
    outer loop
      vertex 41.7 -23 4
      vertex 41.6855 -23.2219 -4
      vertex 41.6855 -23.2219 4
    endloop
  endfacet
  facet normal -0.0652057 0.997872 0
    outer loop
      vertex 40.2219 -24.6855 -4
      vertex 40 -24.7 4
      vertex 40.2219 -24.6855 4
    endloop
  endfacet
  facet normal -0.0652057 0.997872 0
    outer loop
      vertex 40 -24.7 4
      vertex 40.2219 -24.6855 -4
      vertex 40 -24.7 -4
    endloop
  endfacet
  facet normal -0.321484 0.946915 0
    outer loop
      vertex 40.6506 -24.5706 -4
      vertex 40.44 -24.6421 4
      vertex 40.6506 -24.5706 4
    endloop
  endfacet
  facet normal -0.321484 0.946915 0
    outer loop
      vertex 40.44 -24.6421 4
      vertex 40.6506 -24.5706 -4
      vertex 40.44 -24.6421 -4
    endloop
  endfacet
  facet normal -0.659268 0.751908 0
    outer loop
      vertex 41.2021 -24.2021 -4
      vertex 41.0349 -24.3487 4
      vertex 41.2021 -24.2021 4
    endloop
  endfacet
  facet normal -0.659268 0.751908 0
    outer loop
      vertex 41.0349 -24.3487 4
      vertex 41.2021 -24.2021 -4
      vertex 41.0349 -24.3487 -4
    endloop
  endfacet
  facet normal -0.44253 0.896754 0
    outer loop
      vertex 40.85 -24.4722 -4
      vertex 40.6506 -24.5706 4
      vertex 40.85 -24.4722 4
    endloop
  endfacet
  facet normal -0.44253 0.896754 0
    outer loop
      vertex 40.6506 -24.5706 4
      vertex 40.85 -24.4722 -4
      vertex 40.6506 -24.5706 -4
    endloop
  endfacet
  facet normal -0.831566 0.555426 0
    outer loop
      vertex 41.3487 -24.0349 -4
      vertex 41.4722 -23.85 4
      vertex 41.4722 -23.85 -4
    endloop
  endfacet
  facet normal -0.831566 0.555426 0
    outer loop
      vertex 41.4722 -23.85 4
      vertex 41.3487 -24.0349 -4
      vertex 41.3487 -24.0349 4
    endloop
  endfacet
  facet normal -0.946915 0.321484 0
    outer loop
      vertex 41.5706 -23.6506 -4
      vertex 41.6421 -23.44 4
      vertex 41.6421 -23.44 -4
    endloop
  endfacet
  facet normal -0.946915 0.321484 0
    outer loop
      vertex 41.6421 -23.44 4
      vertex 41.5706 -23.6506 -4
      vertex 41.5706 -23.6506 4
    endloop
  endfacet
  facet normal 0.555426 0.831566 -0
    outer loop
      vertex 39.15 -24.4722 -4
      vertex 38.9651 -24.3487 4
      vertex 39.15 -24.4722 4
    endloop
  endfacet
  facet normal 0.555426 0.831566 0
    outer loop
      vertex 38.9651 -24.3487 4
      vertex 39.15 -24.4722 -4
      vertex 38.9651 -24.3487 -4
    endloop
  endfacet
  facet normal 0.195165 0.98077 -0
    outer loop
      vertex 39.7781 -24.6855 -4
      vertex 39.56 -24.6421 4
      vertex 39.7781 -24.6855 4
    endloop
  endfacet
  facet normal 0.195165 0.98077 0
    outer loop
      vertex 39.56 -24.6421 4
      vertex 39.7781 -24.6855 -4
      vertex 39.56 -24.6421 -4
    endloop
  endfacet
  facet normal 0.896754 0.44253 0
    outer loop
      vertex 38.5278 -23.85 4
      vertex 38.4294 -23.6506 -4
      vertex 38.4294 -23.6506 4
    endloop
  endfacet
  facet normal 0.896754 0.44253 0
    outer loop
      vertex 38.4294 -23.6506 -4
      vertex 38.5278 -23.85 4
      vertex 38.5278 -23.85 -4
    endloop
  endfacet
  facet normal 0.946915 0.321484 0
    outer loop
      vertex 38.4294 -23.6506 4
      vertex 38.3579 -23.44 -4
      vertex 38.3579 -23.44 4
    endloop
  endfacet
  facet normal 0.946915 0.321484 0
    outer loop
      vertex 38.3579 -23.44 -4
      vertex 38.4294 -23.6506 4
      vertex 38.4294 -23.6506 -4
    endloop
  endfacet
  facet normal 0.997872 0.0652057 0
    outer loop
      vertex 38.3145 -23.2219 4
      vertex 38.3 -23 -4
      vertex 38.3 -23 4
    endloop
  endfacet
  facet normal 0.997872 0.0652057 0
    outer loop
      vertex 38.3 -23 -4
      vertex 38.3145 -23.2219 4
      vertex 38.3145 -23.2219 -4
    endloop
  endfacet
  facet normal -0.195165 0.98077 0
    outer loop
      vertex 40.44 -24.6421 -4
      vertex 40.2219 -24.6855 4
      vertex 40.44 -24.6421 4
    endloop
  endfacet
  facet normal -0.195165 0.98077 0
    outer loop
      vertex 40.2219 -24.6855 4
      vertex 40.44 -24.6421 -4
      vertex 40.2219 -24.6855 -4
    endloop
  endfacet
  facet normal -0.751908 0.659268 0
    outer loop
      vertex 41.2021 -24.2021 -4
      vertex 41.3487 -24.0349 4
      vertex 41.3487 -24.0349 -4
    endloop
  endfacet
  facet normal -0.751908 0.659268 0
    outer loop
      vertex 41.3487 -24.0349 4
      vertex 41.2021 -24.2021 -4
      vertex 41.2021 -24.2021 4
    endloop
  endfacet
  facet normal -0.555426 0.831566 0
    outer loop
      vertex 41.0349 -24.3487 -4
      vertex 40.85 -24.4722 4
      vertex 41.0349 -24.3487 4
    endloop
  endfacet
  facet normal -0.555426 0.831566 0
    outer loop
      vertex 40.85 -24.4722 4
      vertex 41.0349 -24.3487 -4
      vertex 40.85 -24.4722 -4
    endloop
  endfacet
  facet normal -0.896754 0.44253 0
    outer loop
      vertex 41.4722 -23.85 -4
      vertex 41.5706 -23.6506 4
      vertex 41.5706 -23.6506 -4
    endloop
  endfacet
  facet normal -0.896754 0.44253 0
    outer loop
      vertex 41.5706 -23.6506 4
      vertex 41.4722 -23.85 -4
      vertex 41.4722 -23.85 4
    endloop
  endfacet
  facet normal 0.831566 0.555426 0
    outer loop
      vertex 38.6513 -24.0349 4
      vertex 38.5278 -23.85 -4
      vertex 38.5278 -23.85 4
    endloop
  endfacet
  facet normal 0.831566 0.555426 0
    outer loop
      vertex 38.5278 -23.85 -4
      vertex 38.6513 -24.0349 4
      vertex 38.6513 -24.0349 -4
    endloop
  endfacet
  facet normal 0.98077 0.195165 0
    outer loop
      vertex 38.3579 -23.44 4
      vertex 38.3145 -23.2219 -4
      vertex 38.3145 -23.2219 4
    endloop
  endfacet
  facet normal 0.98077 0.195165 0
    outer loop
      vertex 38.3145 -23.2219 -4
      vertex 38.3579 -23.44 4
      vertex 38.3579 -23.44 -4
    endloop
  endfacet
  facet normal -0.997872 -0.0652057 0
    outer loop
      vertex -38.3 -23 -4
      vertex -38.3145 -22.7781 4
      vertex -38.3145 -22.7781 -4
    endloop
  endfacet
  facet normal -0.997872 -0.0652057 0
    outer loop
      vertex -38.3145 -22.7781 4
      vertex -38.3 -23 -4
      vertex -38.3 -23 4
    endloop
  endfacet
  facet normal 0.997872 -0.0652057 0
    outer loop
      vertex -41.7 -23 4
      vertex -41.6855 -22.7781 -4
      vertex -41.6855 -22.7781 4
    endloop
  endfacet
  facet normal 0.997872 -0.0652057 0
    outer loop
      vertex -41.6855 -22.7781 -4
      vertex -41.7 -23 4
      vertex -41.7 -23 -4
    endloop
  endfacet
  facet normal -0.0652057 -0.997872 0
    outer loop
      vertex -40 -21.3 -4
      vertex -39.7781 -21.3145 4
      vertex -40 -21.3 4
    endloop
  endfacet
  facet normal -0.0652057 -0.997872 -0
    outer loop
      vertex -39.7781 -21.3145 4
      vertex -40 -21.3 -4
      vertex -39.7781 -21.3145 -4
    endloop
  endfacet
  facet normal -0.659268 -0.751908 0
    outer loop
      vertex -38.9651 -21.6513 -4
      vertex -38.7979 -21.7979 4
      vertex -38.9651 -21.6513 4
    endloop
  endfacet
  facet normal -0.659268 -0.751908 -0
    outer loop
      vertex -38.7979 -21.7979 4
      vertex -38.9651 -21.6513 -4
      vertex -38.7979 -21.7979 -4
    endloop
  endfacet
  facet normal 0.659268 -0.751908 0
    outer loop
      vertex -41.2021 -21.7979 -4
      vertex -41.0349 -21.6513 4
      vertex -41.2021 -21.7979 4
    endloop
  endfacet
  facet normal 0.659268 -0.751908 0
    outer loop
      vertex -41.0349 -21.6513 4
      vertex -41.2021 -21.7979 -4
      vertex -41.0349 -21.6513 -4
    endloop
  endfacet
  facet normal 0.321484 -0.946915 0
    outer loop
      vertex -40.6506 -21.4294 -4
      vertex -40.44 -21.3579 4
      vertex -40.6506 -21.4294 4
    endloop
  endfacet
  facet normal 0.321484 -0.946915 0
    outer loop
      vertex -40.44 -21.3579 4
      vertex -40.6506 -21.4294 -4
      vertex -40.44 -21.3579 -4
    endloop
  endfacet
  facet normal 0.751908 0.659268 0
    outer loop
      vertex -41.2021 -24.2021 4
      vertex -41.3487 -24.0349 -4
      vertex -41.3487 -24.0349 4
    endloop
  endfacet
  facet normal 0.751908 0.659268 0
    outer loop
      vertex -41.3487 -24.0349 -4
      vertex -41.2021 -24.2021 4
      vertex -41.2021 -24.2021 -4
    endloop
  endfacet
  facet normal -0.946915 -0.321484 0
    outer loop
      vertex -38.3579 -22.56 -4
      vertex -38.4294 -22.3494 4
      vertex -38.4294 -22.3494 -4
    endloop
  endfacet
  facet normal -0.946915 -0.321484 0
    outer loop
      vertex -38.4294 -22.3494 4
      vertex -38.3579 -22.56 -4
      vertex -38.3579 -22.56 4
    endloop
  endfacet
  facet normal -0.98077 -0.195165 0
    outer loop
      vertex -38.3145 -22.7781 -4
      vertex -38.3579 -22.56 4
      vertex -38.3579 -22.56 -4
    endloop
  endfacet
  facet normal -0.98077 -0.195165 0
    outer loop
      vertex -38.3579 -22.56 4
      vertex -38.3145 -22.7781 -4
      vertex -38.3145 -22.7781 4
    endloop
  endfacet
  facet normal -0.831566 -0.555426 0
    outer loop
      vertex -38.5278 -22.15 -4
      vertex -38.6513 -21.9651 4
      vertex -38.6513 -21.9651 -4
    endloop
  endfacet
  facet normal -0.831566 -0.555426 0
    outer loop
      vertex -38.6513 -21.9651 4
      vertex -38.5278 -22.15 -4
      vertex -38.5278 -22.15 4
    endloop
  endfacet
  facet normal -0.321484 -0.946915 0
    outer loop
      vertex -39.56 -21.3579 -4
      vertex -39.3494 -21.4294 4
      vertex -39.56 -21.3579 4
    endloop
  endfacet
  facet normal -0.321484 -0.946915 -0
    outer loop
      vertex -39.3494 -21.4294 4
      vertex -39.56 -21.3579 -4
      vertex -39.3494 -21.4294 -4
    endloop
  endfacet
  facet normal -0.195165 -0.98077 0
    outer loop
      vertex -39.7781 -21.3145 -4
      vertex -39.56 -21.3579 4
      vertex -39.7781 -21.3145 4
    endloop
  endfacet
  facet normal -0.195165 -0.98077 -0
    outer loop
      vertex -39.56 -21.3579 4
      vertex -39.7781 -21.3145 -4
      vertex -39.56 -21.3579 -4
    endloop
  endfacet
  facet normal -0.555426 -0.831566 0
    outer loop
      vertex -39.15 -21.5278 -4
      vertex -38.9651 -21.6513 4
      vertex -39.15 -21.5278 4
    endloop
  endfacet
  facet normal -0.555426 -0.831566 -0
    outer loop
      vertex -38.9651 -21.6513 4
      vertex -39.15 -21.5278 -4
      vertex -38.9651 -21.6513 -4
    endloop
  endfacet
  facet normal 0.831566 -0.555426 0
    outer loop
      vertex -41.4722 -22.15 4
      vertex -41.3487 -21.9651 -4
      vertex -41.3487 -21.9651 4
    endloop
  endfacet
  facet normal 0.831566 -0.555426 0
    outer loop
      vertex -41.3487 -21.9651 -4
      vertex -41.4722 -22.15 4
      vertex -41.4722 -22.15 -4
    endloop
  endfacet
  facet normal 0.751908 -0.659268 0
    outer loop
      vertex -41.3487 -21.9651 4
      vertex -41.2021 -21.7979 -4
      vertex -41.2021 -21.7979 4
    endloop
  endfacet
  facet normal 0.751908 -0.659268 0
    outer loop
      vertex -41.2021 -21.7979 -4
      vertex -41.3487 -21.9651 4
      vertex -41.3487 -21.9651 -4
    endloop
  endfacet
  facet normal 0.946915 -0.321484 0
    outer loop
      vertex -41.6421 -22.56 4
      vertex -41.5706 -22.3494 -4
      vertex -41.5706 -22.3494 4
    endloop
  endfacet
  facet normal 0.946915 -0.321484 0
    outer loop
      vertex -41.5706 -22.3494 -4
      vertex -41.6421 -22.56 4
      vertex -41.6421 -22.56 -4
    endloop
  endfacet
  facet normal 0.555426 -0.831566 0
    outer loop
      vertex -41.0349 -21.6513 -4
      vertex -40.85 -21.5278 4
      vertex -41.0349 -21.6513 4
    endloop
  endfacet
  facet normal 0.555426 -0.831566 0
    outer loop
      vertex -40.85 -21.5278 4
      vertex -41.0349 -21.6513 -4
      vertex -40.85 -21.5278 -4
    endloop
  endfacet
  facet normal 0.0652057 -0.997872 0
    outer loop
      vertex -40.2219 -21.3145 -4
      vertex -40 -21.3 4
      vertex -40.2219 -21.3145 4
    endloop
  endfacet
  facet normal 0.0652057 -0.997872 0
    outer loop
      vertex -40 -21.3 4
      vertex -40.2219 -21.3145 -4
      vertex -40 -21.3 -4
    endloop
  endfacet
  facet normal -0.997872 0.0652057 0
    outer loop
      vertex -38.3145 -23.2219 -4
      vertex -38.3 -23 4
      vertex -38.3 -23 -4
    endloop
  endfacet
  facet normal -0.997872 0.0652057 0
    outer loop
      vertex -38.3 -23 4
      vertex -38.3145 -23.2219 -4
      vertex -38.3145 -23.2219 4
    endloop
  endfacet
  facet normal -0.751908 0.659268 0
    outer loop
      vertex -38.7979 -24.2021 -4
      vertex -38.6513 -24.0349 4
      vertex -38.6513 -24.0349 -4
    endloop
  endfacet
  facet normal -0.751908 0.659268 0
    outer loop
      vertex -38.6513 -24.0349 4
      vertex -38.7979 -24.2021 -4
      vertex -38.7979 -24.2021 4
    endloop
  endfacet
  facet normal -0.98077 0.195165 0
    outer loop
      vertex -38.3579 -23.44 -4
      vertex -38.3145 -23.2219 4
      vertex -38.3145 -23.2219 -4
    endloop
  endfacet
  facet normal -0.98077 0.195165 0
    outer loop
      vertex -38.3145 -23.2219 4
      vertex -38.3579 -23.44 -4
      vertex -38.3579 -23.44 4
    endloop
  endfacet
  facet normal 0.321484 0.946915 -0
    outer loop
      vertex -40.44 -24.6421 -4
      vertex -40.6506 -24.5706 4
      vertex -40.44 -24.6421 4
    endloop
  endfacet
  facet normal 0.321484 0.946915 0
    outer loop
      vertex -40.6506 -24.5706 4
      vertex -40.44 -24.6421 -4
      vertex -40.6506 -24.5706 -4
    endloop
  endfacet
  facet normal 0.659268 0.751908 -0
    outer loop
      vertex -41.0349 -24.3487 -4
      vertex -41.2021 -24.2021 4
      vertex -41.0349 -24.3487 4
    endloop
  endfacet
  facet normal 0.659268 0.751908 0
    outer loop
      vertex -41.2021 -24.2021 4
      vertex -41.0349 -24.3487 -4
      vertex -41.2021 -24.2021 -4
    endloop
  endfacet
  facet normal 0.555426 0.831566 -0
    outer loop
      vertex -40.85 -24.4722 -4
      vertex -41.0349 -24.3487 4
      vertex -40.85 -24.4722 4
    endloop
  endfacet
  facet normal 0.555426 0.831566 0
    outer loop
      vertex -41.0349 -24.3487 4
      vertex -40.85 -24.4722 -4
      vertex -41.0349 -24.3487 -4
    endloop
  endfacet
  facet normal 0.98077 0.195165 0
    outer loop
      vertex -41.6421 -23.44 4
      vertex -41.6855 -23.2219 -4
      vertex -41.6855 -23.2219 4
    endloop
  endfacet
  facet normal 0.98077 0.195165 0
    outer loop
      vertex -41.6855 -23.2219 -4
      vertex -41.6421 -23.44 4
      vertex -41.6421 -23.44 -4
    endloop
  endfacet
  facet normal -0.896754 -0.44253 0
    outer loop
      vertex -38.4294 -22.3494 -4
      vertex -38.5278 -22.15 4
      vertex -38.5278 -22.15 -4
    endloop
  endfacet
  facet normal -0.896754 -0.44253 0
    outer loop
      vertex -38.5278 -22.15 4
      vertex -38.4294 -22.3494 -4
      vertex -38.4294 -22.3494 4
    endloop
  endfacet
  facet normal -0.44253 -0.896754 0
    outer loop
      vertex -39.3494 -21.4294 -4
      vertex -39.15 -21.5278 4
      vertex -39.3494 -21.4294 4
    endloop
  endfacet
  facet normal -0.44253 -0.896754 -0
    outer loop
      vertex -39.15 -21.5278 4
      vertex -39.3494 -21.4294 -4
      vertex -39.15 -21.5278 -4
    endloop
  endfacet
  facet normal 0.896754 -0.44253 0
    outer loop
      vertex -41.5706 -22.3494 4
      vertex -41.4722 -22.15 -4
      vertex -41.4722 -22.15 4
    endloop
  endfacet
  facet normal 0.896754 -0.44253 0
    outer loop
      vertex -41.4722 -22.15 -4
      vertex -41.5706 -22.3494 4
      vertex -41.5706 -22.3494 -4
    endloop
  endfacet
  facet normal 0.44253 -0.896754 0
    outer loop
      vertex -40.85 -21.5278 -4
      vertex -40.6506 -21.4294 4
      vertex -40.85 -21.5278 4
    endloop
  endfacet
  facet normal 0.44253 -0.896754 0
    outer loop
      vertex -40.6506 -21.4294 4
      vertex -40.85 -21.5278 -4
      vertex -40.6506 -21.4294 -4
    endloop
  endfacet
  facet normal 0.195165 -0.98077 0
    outer loop
      vertex -40.44 -21.3579 -4
      vertex -40.2219 -21.3145 4
      vertex -40.44 -21.3579 4
    endloop
  endfacet
  facet normal 0.195165 -0.98077 0
    outer loop
      vertex -40.2219 -21.3145 4
      vertex -40.44 -21.3579 -4
      vertex -40.2219 -21.3145 -4
    endloop
  endfacet
  facet normal -0.321484 0.946915 0
    outer loop
      vertex -39.3494 -24.5706 -4
      vertex -39.56 -24.6421 4
      vertex -39.3494 -24.5706 4
    endloop
  endfacet
  facet normal -0.321484 0.946915 0
    outer loop
      vertex -39.56 -24.6421 4
      vertex -39.3494 -24.5706 -4
      vertex -39.56 -24.6421 -4
    endloop
  endfacet
  facet normal -0.0652057 0.997872 0
    outer loop
      vertex -39.7781 -24.6855 -4
      vertex -40 -24.7 4
      vertex -39.7781 -24.6855 4
    endloop
  endfacet
  facet normal -0.0652057 0.997872 0
    outer loop
      vertex -40 -24.7 4
      vertex -39.7781 -24.6855 -4
      vertex -40 -24.7 -4
    endloop
  endfacet
  facet normal -0.195165 0.98077 0
    outer loop
      vertex -39.56 -24.6421 -4
      vertex -39.7781 -24.6855 4
      vertex -39.56 -24.6421 4
    endloop
  endfacet
  facet normal -0.195165 0.98077 0
    outer loop
      vertex -39.7781 -24.6855 4
      vertex -39.56 -24.6421 -4
      vertex -39.7781 -24.6855 -4
    endloop
  endfacet
  facet normal -0.44253 0.896754 0
    outer loop
      vertex -39.15 -24.4722 -4
      vertex -39.3494 -24.5706 4
      vertex -39.15 -24.4722 4
    endloop
  endfacet
  facet normal -0.44253 0.896754 0
    outer loop
      vertex -39.3494 -24.5706 4
      vertex -39.15 -24.4722 -4
      vertex -39.3494 -24.5706 -4
    endloop
  endfacet
  facet normal -0.659268 0.751908 0
    outer loop
      vertex -38.7979 -24.2021 -4
      vertex -38.9651 -24.3487 4
      vertex -38.7979 -24.2021 4
    endloop
  endfacet
  facet normal -0.659268 0.751908 0
    outer loop
      vertex -38.9651 -24.3487 4
      vertex -38.7979 -24.2021 -4
      vertex -38.9651 -24.3487 -4
    endloop
  endfacet
  facet normal -0.555426 0.831566 0
    outer loop
      vertex -38.9651 -24.3487 -4
      vertex -39.15 -24.4722 4
      vertex -38.9651 -24.3487 4
    endloop
  endfacet
  facet normal -0.555426 0.831566 0
    outer loop
      vertex -39.15 -24.4722 4
      vertex -38.9651 -24.3487 -4
      vertex -39.15 -24.4722 -4
    endloop
  endfacet
  facet normal -0.946915 0.321484 0
    outer loop
      vertex -38.4294 -23.6506 -4
      vertex -38.3579 -23.44 4
      vertex -38.3579 -23.44 -4
    endloop
  endfacet
  facet normal -0.946915 0.321484 0
    outer loop
      vertex -38.3579 -23.44 4
      vertex -38.4294 -23.6506 -4
      vertex -38.4294 -23.6506 4
    endloop
  endfacet
  facet normal -0.831566 0.555426 0
    outer loop
      vertex -38.6513 -24.0349 -4
      vertex -38.5278 -23.85 4
      vertex -38.5278 -23.85 -4
    endloop
  endfacet
  facet normal -0.831566 0.555426 0
    outer loop
      vertex -38.5278 -23.85 4
      vertex -38.6513 -24.0349 -4
      vertex -38.6513 -24.0349 4
    endloop
  endfacet
  facet normal -0.896754 0.44253 0
    outer loop
      vertex -38.5278 -23.85 -4
      vertex -38.4294 -23.6506 4
      vertex -38.4294 -23.6506 -4
    endloop
  endfacet
  facet normal -0.896754 0.44253 0
    outer loop
      vertex -38.4294 -23.6506 4
      vertex -38.5278 -23.85 -4
      vertex -38.5278 -23.85 4
    endloop
  endfacet
  facet normal 0.195165 0.98077 -0
    outer loop
      vertex -40.2219 -24.6855 -4
      vertex -40.44 -24.6421 4
      vertex -40.2219 -24.6855 4
    endloop
  endfacet
  facet normal 0.195165 0.98077 0
    outer loop
      vertex -40.44 -24.6421 4
      vertex -40.2219 -24.6855 -4
      vertex -40.44 -24.6421 -4
    endloop
  endfacet
  facet normal 0.0652057 0.997872 -0
    outer loop
      vertex -40 -24.7 -4
      vertex -40.2219 -24.6855 4
      vertex -40 -24.7 4
    endloop
  endfacet
  facet normal 0.0652057 0.997872 0
    outer loop
      vertex -40.2219 -24.6855 4
      vertex -40 -24.7 -4
      vertex -40.2219 -24.6855 -4
    endloop
  endfacet
  facet normal 0.896754 0.44253 0
    outer loop
      vertex -41.4722 -23.85 4
      vertex -41.5706 -23.6506 -4
      vertex -41.5706 -23.6506 4
    endloop
  endfacet
  facet normal 0.896754 0.44253 0
    outer loop
      vertex -41.5706 -23.6506 -4
      vertex -41.4722 -23.85 4
      vertex -41.4722 -23.85 -4
    endloop
  endfacet
  facet normal 0.946915 0.321484 0
    outer loop
      vertex -41.5706 -23.6506 4
      vertex -41.6421 -23.44 -4
      vertex -41.6421 -23.44 4
    endloop
  endfacet
  facet normal 0.946915 0.321484 0
    outer loop
      vertex -41.6421 -23.44 -4
      vertex -41.5706 -23.6506 4
      vertex -41.5706 -23.6506 -4
    endloop
  endfacet
  facet normal 0.997872 0.0652057 0
    outer loop
      vertex -41.6855 -23.2219 4
      vertex -41.7 -23 -4
      vertex -41.7 -23 4
    endloop
  endfacet
  facet normal 0.997872 0.0652057 0
    outer loop
      vertex -41.7 -23 -4
      vertex -41.6855 -23.2219 4
      vertex -41.6855 -23.2219 -4
    endloop
  endfacet
  facet normal -0.751908 -0.659268 0
    outer loop
      vertex -38.6513 -21.9651 -4
      vertex -38.7979 -21.7979 4
      vertex -38.7979 -21.7979 -4
    endloop
  endfacet
  facet normal -0.751908 -0.659268 0
    outer loop
      vertex -38.7979 -21.7979 4
      vertex -38.6513 -21.9651 -4
      vertex -38.6513 -21.9651 4
    endloop
  endfacet
  facet normal 0.98077 -0.195165 0
    outer loop
      vertex -41.6855 -22.7781 4
      vertex -41.6421 -22.56 -4
      vertex -41.6421 -22.56 4
    endloop
  endfacet
  facet normal 0.98077 -0.195165 0
    outer loop
      vertex -41.6421 -22.56 -4
      vertex -41.6855 -22.7781 4
      vertex -41.6855 -22.7781 -4
    endloop
  endfacet
  facet normal 0.44253 0.896754 -0
    outer loop
      vertex -40.6506 -24.5706 -4
      vertex -40.85 -24.4722 4
      vertex -40.6506 -24.5706 4
    endloop
  endfacet
  facet normal 0.44253 0.896754 0
    outer loop
      vertex -40.85 -24.4722 4
      vertex -40.6506 -24.5706 -4
      vertex -40.85 -24.4722 -4
    endloop
  endfacet
  facet normal 0.831566 0.555426 0
    outer loop
      vertex -41.3487 -24.0349 4
      vertex -41.4722 -23.85 -4
      vertex -41.4722 -23.85 4
    endloop
  endfacet
  facet normal 0.831566 0.555426 0
    outer loop
      vertex -41.4722 -23.85 -4
      vertex -41.3487 -24.0349 4
      vertex -41.3487 -24.0349 -4
    endloop
  endfacet
  facet normal 0.442285 -0.896874 0
    outer loop
      vertex 23.75 7.36122 -4
      vertex 24.7472 7.85298 7
      vertex 23.75 7.36122 7
    endloop
  endfacet
  facet normal 0.442285 -0.896874 0
    outer loop
      vertex 24.7472 7.85298 7
      vertex 23.75 7.36122 -4
      vertex 24.7472 7.85298 -4
    endloop
  endfacet
  facet normal 0.946929 -0.321444 0
    outer loop
      vertex 19.7896 2.19996 7
      vertex 20.147 3.25281 -4
      vertex 20.147 3.25281 7
    endloop
  endfacet
  facet normal 0.946929 -0.321444 0
    outer loop
      vertex 20.147 3.25281 -4
      vertex 19.7896 2.19996 7
      vertex 19.7896 2.19996 -4
    endloop
  endfacet
  facet normal 0.0654027 -0.997859 0
    outer loop
      vertex 26.8905 8.42728 -4
      vertex 28 8.5 7
      vertex 26.8905 8.42728 7
    endloop
  endfacet
  facet normal 0.0654027 -0.997859 0
    outer loop
      vertex 28 8.5 7
      vertex 26.8905 8.42728 -4
      vertex 28 8.5 -4
    endloop
  endfacet
  facet normal 0.99786 -0.0653866 0
    outer loop
      vertex 19.5 0 7
      vertex 19.5727 1.10947 -4
      vertex 19.5727 1.10947 7
    endloop
  endfacet
  facet normal 0.99786 -0.0653866 0
    outer loop
      vertex 19.5727 1.10947 -4
      vertex 19.5 0 7
      vertex 19.5 0 -4
    endloop
  endfacet
  facet normal 0.831474 -0.555563 0
    outer loop
      vertex 20.6388 4.25 7
      vertex 21.2565 5.17447 -4
      vertex 21.2565 5.17447 7
    endloop
  endfacet
  facet normal 0.831474 -0.555563 0
    outer loop
      vertex 21.2565 5.17447 -4
      vertex 20.6388 4.25 7
      vertex 20.6388 4.25 -4
    endloop
  endfacet
  facet normal 0.195087 -0.980786 0
    outer loop
      vertex 25.8 8.21037 -4
      vertex 26.8905 8.42728 7
      vertex 25.8 8.21037 7
    endloop
  endfacet
  facet normal 0.195087 -0.980786 0
    outer loop
      vertex 26.8905 8.42728 7
      vertex 25.8 8.21037 -4
      vertex 26.8905 8.42728 -4
    endloop
  endfacet
  facet normal 0.75184 -0.659346 0
    outer loop
      vertex 21.2565 5.17447 7
      vertex 21.9896 6.01041 -4
      vertex 21.9896 6.01041 7
    endloop
  endfacet
  facet normal 0.75184 -0.659346 0
    outer loop
      vertex 21.9896 6.01041 -4
      vertex 21.2565 5.17447 7
      vertex 21.2565 5.17447 -4
    endloop
  endfacet
  facet normal 0.99786 0.0653866 0
    outer loop
      vertex 19.5727 -1.10947 7
      vertex 19.5 0 -4
      vertex 19.5 0 7
    endloop
  endfacet
  facet normal 0.99786 0.0653866 0
    outer loop
      vertex 19.5 0 -4
      vertex 19.5727 -1.10947 7
      vertex 19.5727 -1.10947 -4
    endloop
  endfacet
  facet normal 0.555563 -0.831474 0
    outer loop
      vertex 22.8255 6.7435 -4
      vertex 23.75 7.36122 7
      vertex 22.8255 6.7435 7
    endloop
  endfacet
  facet normal 0.555563 -0.831474 0
    outer loop
      vertex 23.75 7.36122 7
      vertex 22.8255 6.7435 -4
      vertex 23.75 7.36122 -4
    endloop
  endfacet
  facet normal 0.659359 -0.751828 0
    outer loop
      vertex 21.9896 6.01041 -4
      vertex 22.8255 6.7435 7
      vertex 21.9896 6.01041 7
    endloop
  endfacet
  facet normal 0.659359 -0.751828 0
    outer loop
      vertex 22.8255 6.7435 7
      vertex 21.9896 6.01041 -4
      vertex 22.8255 6.7435 -4
    endloop
  endfacet
  facet normal 0.980787 0.19508 0
    outer loop
      vertex 19.7896 -2.19996 7
      vertex 19.5727 -1.10947 -4
      vertex 19.5727 -1.10947 7
    endloop
  endfacet
  facet normal 0.980787 0.19508 0
    outer loop
      vertex 19.5727 -1.10947 -4
      vertex 19.7896 -2.19996 7
      vertex 19.7896 -2.19996 -4
    endloop
  endfacet
  facet normal 0.980787 -0.19508 0
    outer loop
      vertex 19.5727 1.10947 7
      vertex 19.7896 2.19996 -4
      vertex 19.7896 2.19996 7
    endloop
  endfacet
  facet normal 0.980787 -0.19508 0
    outer loop
      vertex 19.7896 2.19996 -4
      vertex 19.5727 1.10947 7
      vertex 19.5727 1.10947 -4
    endloop
  endfacet
  facet normal 0.896858 -0.442318 0
    outer loop
      vertex 20.147 3.25281 7
      vertex 20.6388 4.25 -4
      vertex 20.6388 4.25 7
    endloop
  endfacet
  facet normal 0.896858 -0.442318 0
    outer loop
      vertex 20.6388 4.25 -4
      vertex 20.147 3.25281 7
      vertex 20.147 3.25281 -4
    endloop
  endfacet
  facet normal 0.32145 -0.946927 0
    outer loop
      vertex 24.7472 7.85298 -4
      vertex 25.8 8.21037 7
      vertex 24.7472 7.85298 7
    endloop
  endfacet
  facet normal 0.32145 -0.946927 0
    outer loop
      vertex 25.8 8.21037 7
      vertex 24.7472 7.85298 -4
      vertex 25.8 8.21037 -4
    endloop
  endfacet
  facet normal 0.32145 0.946927 -0
    outer loop
      vertex 25.8 -8.21037 -4
      vertex 24.7472 -7.85298 7
      vertex 25.8 -8.21037 7
    endloop
  endfacet
  facet normal 0.32145 0.946927 0
    outer loop
      vertex 24.7472 -7.85298 7
      vertex 25.8 -8.21037 -4
      vertex 24.7472 -7.85298 -4
    endloop
  endfacet
  facet normal 0.896858 0.442318 0
    outer loop
      vertex 20.6388 -4.25 7
      vertex 20.147 -3.25281 -4
      vertex 20.147 -3.25281 7
    endloop
  endfacet
  facet normal 0.896858 0.442318 0
    outer loop
      vertex 20.147 -3.25281 -4
      vertex 20.6388 -4.25 7
      vertex 20.6388 -4.25 -4
    endloop
  endfacet
  facet normal 0.946929 0.321444 0
    outer loop
      vertex 20.147 -3.25281 7
      vertex 19.7896 -2.19996 -4
      vertex 19.7896 -2.19996 7
    endloop
  endfacet
  facet normal 0.946929 0.321444 0
    outer loop
      vertex 19.7896 -2.19996 -4
      vertex 20.147 -3.25281 7
      vertex 20.147 -3.25281 -4
    endloop
  endfacet
  facet normal 0.659359 0.751828 -0
    outer loop
      vertex 22.8255 -6.7435 -4
      vertex 21.9896 -6.01041 7
      vertex 22.8255 -6.7435 7
    endloop
  endfacet
  facet normal 0.659359 0.751828 0
    outer loop
      vertex 21.9896 -6.01041 7
      vertex 22.8255 -6.7435 -4
      vertex 21.9896 -6.01041 -4
    endloop
  endfacet
  facet normal 0.195087 0.980786 -0
    outer loop
      vertex 26.8905 -8.42728 -4
      vertex 25.8 -8.21037 7
      vertex 26.8905 -8.42728 7
    endloop
  endfacet
  facet normal 0.195087 0.980786 0
    outer loop
      vertex 25.8 -8.21037 7
      vertex 26.8905 -8.42728 -4
      vertex 25.8 -8.21037 -4
    endloop
  endfacet
  facet normal 0.75184 0.659346 0
    outer loop
      vertex 21.9896 -6.01041 7
      vertex 21.2565 -5.17447 -4
      vertex 21.2565 -5.17447 7
    endloop
  endfacet
  facet normal 0.75184 0.659346 0
    outer loop
      vertex 21.2565 -5.17447 -4
      vertex 21.9896 -6.01041 7
      vertex 21.9896 -6.01041 -4
    endloop
  endfacet
  facet normal 0.831474 0.555563 0
    outer loop
      vertex 21.2565 -5.17447 7
      vertex 20.6388 -4.25 -4
      vertex 20.6388 -4.25 7
    endloop
  endfacet
  facet normal 0.831474 0.555563 0
    outer loop
      vertex 20.6388 -4.25 -4
      vertex 21.2565 -5.17447 7
      vertex 21.2565 -5.17447 -4
    endloop
  endfacet
  facet normal 0.555563 0.831474 -0
    outer loop
      vertex 23.75 -7.36122 -4
      vertex 22.8255 -6.7435 7
      vertex 23.75 -7.36122 7
    endloop
  endfacet
  facet normal 0.555563 0.831474 0
    outer loop
      vertex 22.8255 -6.7435 7
      vertex 23.75 -7.36122 -4
      vertex 22.8255 -6.7435 -4
    endloop
  endfacet
  facet normal 0.442285 0.896874 -0
    outer loop
      vertex 24.7472 -7.85298 -4
      vertex 23.75 -7.36122 7
      vertex 24.7472 -7.85298 7
    endloop
  endfacet
  facet normal 0.442285 0.896874 0
    outer loop
      vertex 23.75 -7.36122 7
      vertex 24.7472 -7.85298 -4
      vertex 23.75 -7.36122 -4
    endloop
  endfacet
  facet normal 0.0654027 0.997859 -0
    outer loop
      vertex 28 -8.5 -4
      vertex 26.8905 -8.42728 7
      vertex 28 -8.5 7
    endloop
  endfacet
  facet normal 0.0654027 0.997859 0
    outer loop
      vertex 26.8905 -8.42728 7
      vertex 28 -8.5 -4
      vertex 26.8905 -8.42728 -4
    endloop
  endfacet
  facet normal -0.831473 -0.555565 0
    outer loop
      vertex -8.54404 3.15 0.799999
      vertex -9.00187 3.8352 4
      vertex -9.00187 3.8352 0.799999
    endloop
  endfacet
  facet normal -0.831473 -0.555565 0
    outer loop
      vertex -9.00187 3.8352 4
      vertex -8.54404 3.15 0.799999
      vertex -8.54404 3.15 4
    endloop
  endfacet
  facet normal -0.195078 -0.980788 0
    outer loop
      vertex -13.1777 6.2461 0.799999
      vertex -12.3694 6.08533 4
      vertex -13.1777 6.2461 4
    endloop
  endfacet
  facet normal -0.195078 -0.980788 -0
    outer loop
      vertex -12.3694 6.08533 4
      vertex -13.1777 6.2461 0.799999
      vertex -12.3694 6.08533 0.799999
    endloop
  endfacet
  facet normal -0.321455 -0.946925 0
    outer loop
      vertex -12.3694 6.08533 0.799999
      vertex -11.5891 5.82044 4
      vertex -12.3694 6.08533 4
    endloop
  endfacet
  facet normal -0.321455 -0.946925 -0
    outer loop
      vertex -11.5891 5.82044 4
      vertex -12.3694 6.08533 0.799999
      vertex -11.5891 5.82044 0.799999
    endloop
  endfacet
  facet normal 0.442285 -0.896875 0
    outer loop
      vertex -17.15 5.45596 0.799999
      vertex -16.4109 5.82044 4
      vertex -17.15 5.45596 4
    endloop
  endfacet
  facet normal 0.442285 -0.896875 0
    outer loop
      vertex -16.4109 5.82044 4
      vertex -17.15 5.45596 0.799999
      vertex -16.4109 5.82044 0.799999
    endloop
  endfacet
  facet normal 0.946926 -0.321451 0
    outer loop
      vertex -20.0853 1.63056 4
      vertex -19.8204 2.4109 0.799999
      vertex -19.8204 2.4109 4
    endloop
  endfacet
  facet normal 0.946926 -0.321451 0
    outer loop
      vertex -19.8204 2.4109 0.799999
      vertex -20.0853 1.63056 4
      vertex -20.0853 1.63056 0.799999
    endloop
  endfacet
  facet normal -0.980785 0.19509 0
    outer loop
      vertex -7.91467 -1.63056 0.799999
      vertex -7.7539 -0.822314 4
      vertex -7.7539 -0.822314 0.799999
    endloop
  endfacet
  facet normal -0.980785 0.19509 0
    outer loop
      vertex -7.7539 -0.822314 4
      vertex -7.91467 -1.63056 0.799999
      vertex -7.91467 -1.63056 4
    endloop
  endfacet
  facet normal -0.442285 0.896875 0
    outer loop
      vertex -10.85 -5.45596 0.799999
      vertex -11.5891 -5.82044 4
      vertex -10.85 -5.45596 4
    endloop
  endfacet
  facet normal -0.442285 0.896875 0
    outer loop
      vertex -11.5891 -5.82044 4
      vertex -10.85 -5.45596 0.799999
      vertex -11.5891 -5.82044 0.799999
    endloop
  endfacet
  facet normal -0.980785 -0.19509 0
    outer loop
      vertex -7.7539 0.822314 0.799999
      vertex -7.91467 1.63056 4
      vertex -7.91467 1.63056 0.799999
    endloop
  endfacet
  facet normal -0.980785 -0.19509 0
    outer loop
      vertex -7.91467 1.63056 4
      vertex -7.7539 0.822314 0.799999
      vertex -7.7539 0.822314 4
    endloop
  endfacet
  facet normal -0.555565 -0.831473 0
    outer loop
      vertex -10.85 5.45596 0.799999
      vertex -10.1648 4.99813 4
      vertex -10.85 5.45596 4
    endloop
  endfacet
  facet normal -0.555565 -0.831473 -0
    outer loop
      vertex -10.1648 4.99813 4
      vertex -10.85 5.45596 0.799999
      vertex -10.1648 4.99813 0.799999
    endloop
  endfacet
  facet normal 0.997859 -0.0654064 0
    outer loop
      vertex -20.3 0 4
      vertex -20.2461 0.822314 0.799999
      vertex -20.2461 0.822314 4
    endloop
  endfacet
  facet normal 0.997859 -0.0654064 0
    outer loop
      vertex -20.2461 0.822314 0.799999
      vertex -20.3 0 4
      vertex -20.3 0 0.799999
    endloop
  endfacet
  facet normal 0.831434 -0.555624 0
    outer loop
      vertex -19.456 3.15 4
      vertex -18.9981 3.8352 0.799999
      vertex -18.9981 3.8352 4
    endloop
  endfacet
  facet normal 0.831434 -0.555624 0
    outer loop
      vertex -18.9981 3.8352 0.799999
      vertex -19.456 3.15 4
      vertex -19.456 3.15 0.799999
    endloop
  endfacet
  facet normal 0.555565 -0.831473 0
    outer loop
      vertex -17.8352 4.99813 0.799999
      vertex -17.15 5.45596 4
      vertex -17.8352 4.99813 4
    endloop
  endfacet
  facet normal 0.555565 -0.831473 0
    outer loop
      vertex -17.15 5.45596 4
      vertex -17.8352 4.99813 0.799999
      vertex -17.15 5.45596 0.799999
    endloop
  endfacet
  facet normal 0.195078 -0.980788 0
    outer loop
      vertex -15.6306 6.08533 0.799999
      vertex -14.8223 6.2461 4
      vertex -15.6306 6.08533 4
    endloop
  endfacet
  facet normal 0.195078 -0.980788 0
    outer loop
      vertex -14.8223 6.2461 4
      vertex -15.6306 6.08533 0.799999
      vertex -14.8223 6.2461 0.799999
    endloop
  endfacet
  facet normal 0.659336 -0.751849 0
    outer loop
      vertex -18.4548 4.45477 0.799999
      vertex -17.8352 4.99813 4
      vertex -18.4548 4.45477 4
    endloop
  endfacet
  facet normal 0.659336 -0.751849 0
    outer loop
      vertex -17.8352 4.99813 4
      vertex -18.4548 4.45477 0.799999
      vertex -17.8352 4.99813 0.799999
    endloop
  endfacet
  facet normal -0.555565 0.831473 0
    outer loop
      vertex -10.1648 -4.99813 0.799999
      vertex -10.85 -5.45596 4
      vertex -10.1648 -4.99813 4
    endloop
  endfacet
  facet normal -0.555565 0.831473 0
    outer loop
      vertex -10.85 -5.45596 4
      vertex -10.1648 -4.99813 0.799999
      vertex -10.85 -5.45596 0.799999
    endloop
  endfacet
  facet normal -0.831473 0.555565 0
    outer loop
      vertex -9.00187 -3.8352 0.799999
      vertex -8.54404 -3.15 4
      vertex -8.54404 -3.15 0.799999
    endloop
  endfacet
  facet normal -0.831473 0.555565 0
    outer loop
      vertex -8.54404 -3.15 4
      vertex -9.00187 -3.8352 0.799999
      vertex -9.00187 -3.8352 4
    endloop
  endfacet
  facet normal 0.195078 0.980788 -0
    outer loop
      vertex -14.8223 -6.2461 0.799999
      vertex -15.6306 -6.08533 4
      vertex -14.8223 -6.2461 4
    endloop
  endfacet
  facet normal 0.195078 0.980788 0
    outer loop
      vertex -15.6306 -6.08533 4
      vertex -14.8223 -6.2461 0.799999
      vertex -15.6306 -6.08533 0.799999
    endloop
  endfacet
  facet normal -0.321455 0.946925 0
    outer loop
      vertex -11.5891 -5.82044 0.799999
      vertex -12.3694 -6.08533 4
      vertex -11.5891 -5.82044 4
    endloop
  endfacet
  facet normal -0.321455 0.946925 0
    outer loop
      vertex -12.3694 -6.08533 4
      vertex -11.5891 -5.82044 0.799999
      vertex -12.3694 -6.08533 0.799999
    endloop
  endfacet
  facet normal -0.659354 -0.751833 0
    outer loop
      vertex -10.1648 4.99813 0.799999
      vertex -9.54523 4.45477 4
      vertex -10.1648 4.99813 4
    endloop
  endfacet
  facet normal -0.659354 -0.751833 -0
    outer loop
      vertex -9.54523 4.45477 4
      vertex -10.1648 4.99813 0.799999
      vertex -9.54523 4.45477 0.799999
    endloop
  endfacet
  facet normal -0.751833 -0.659354 0
    outer loop
      vertex -9.00187 3.8352 0.799999
      vertex -9.54523 4.45477 4
      vertex -9.54523 4.45477 0.799999
    endloop
  endfacet
  facet normal -0.751833 -0.659354 0
    outer loop
      vertex -9.54523 4.45477 4
      vertex -9.00187 3.8352 0.799999
      vertex -9.00187 3.8352 4
    endloop
  endfacet
  facet normal 0.0654075 -0.997859 0
    outer loop
      vertex -14.8223 6.2461 0.799999
      vertex -14 6.3 4
      vertex -14.8223 6.2461 4
    endloop
  endfacet
  facet normal 0.0654075 -0.997859 0
    outer loop
      vertex -14 6.3 4
      vertex -14.8223 6.2461 0.799999
      vertex -14 6.3 0.799999
    endloop
  endfacet
  facet normal -0.442285 -0.896875 0
    outer loop
      vertex -11.5891 5.82044 0.799999
      vertex -10.85 5.45596 4
      vertex -11.5891 5.82044 4
    endloop
  endfacet
  facet normal -0.442285 -0.896875 -0
    outer loop
      vertex -10.85 5.45596 4
      vertex -11.5891 5.82044 0.799999
      vertex -10.85 5.45596 0.799999
    endloop
  endfacet
  facet normal 0.980778 -0.195125 0
    outer loop
      vertex -20.2461 0.822314 4
      vertex -20.0853 1.63056 0.799999
      vertex -20.0853 1.63056 4
    endloop
  endfacet
  facet normal 0.980778 -0.195125 0
    outer loop
      vertex -20.0853 1.63056 0.799999
      vertex -20.2461 0.822314 4
      vertex -20.2461 0.822314 0.799999
    endloop
  endfacet
  facet normal 0.751869 -0.659313 0
    outer loop
      vertex -18.9981 3.8352 4
      vertex -18.4548 4.45477 0.799999
      vertex -18.4548 4.45477 4
    endloop
  endfacet
  facet normal 0.751869 -0.659313 0
    outer loop
      vertex -18.4548 4.45477 0.799999
      vertex -18.9981 3.8352 4
      vertex -18.9981 3.8352 0.799999
    endloop
  endfacet
  facet normal -0.997859 -0.0654064 0
    outer loop
      vertex -7.7 0 0.799999
      vertex -7.7539 0.822314 4
      vertex -7.7539 0.822314 0.799999
    endloop
  endfacet
  facet normal -0.997859 -0.0654064 0
    outer loop
      vertex -7.7539 0.822314 4
      vertex -7.7 0 0.799999
      vertex -7.7 0 4
    endloop
  endfacet
  facet normal 0.997859 0.0654064 0
    outer loop
      vertex -20.2461 -0.822314 4
      vertex -20.3 0 0.799999
      vertex -20.3 0 4
    endloop
  endfacet
  facet normal 0.997859 0.0654064 0
    outer loop
      vertex -20.3 0 0.799999
      vertex -20.2461 -0.822314 4
      vertex -20.2461 -0.822314 0.799999
    endloop
  endfacet
  facet normal -0.195078 0.980788 0
    outer loop
      vertex -12.3694 -6.08533 0.799999
      vertex -13.1777 -6.2461 4
      vertex -12.3694 -6.08533 4
    endloop
  endfacet
  facet normal -0.195078 0.980788 0
    outer loop
      vertex -13.1777 -6.2461 4
      vertex -12.3694 -6.08533 0.799999
      vertex -13.1777 -6.2461 0.799999
    endloop
  endfacet
  facet normal -0.896875 -0.442285 0
    outer loop
      vertex -8.17956 2.4109 0.799999
      vertex -8.54404 3.15 4
      vertex -8.54404 3.15 0.799999
    endloop
  endfacet
  facet normal -0.896875 -0.442285 0
    outer loop
      vertex -8.54404 3.15 4
      vertex -8.17956 2.4109 0.799999
      vertex -8.17956 2.4109 4
    endloop
  endfacet
  facet normal -0.94693 -0.32144 0
    outer loop
      vertex -7.91467 1.63056 0.799999
      vertex -8.17956 2.4109 4
      vertex -8.17956 2.4109 0.799999
    endloop
  endfacet
  facet normal -0.94693 -0.32144 0
    outer loop
      vertex -8.17956 2.4109 4
      vertex -7.91467 1.63056 0.799999
      vertex -7.91467 1.63056 4
    endloop
  endfacet
  facet normal -0.0654075 -0.997859 0
    outer loop
      vertex -14 6.3 0.799999
      vertex -13.1777 6.2461 4
      vertex -14 6.3 4
    endloop
  endfacet
  facet normal -0.0654075 -0.997859 -0
    outer loop
      vertex -13.1777 6.2461 4
      vertex -14 6.3 0.799999
      vertex -13.1777 6.2461 0.799999
    endloop
  endfacet
  facet normal 0.896913 -0.442207 0
    outer loop
      vertex -19.8204 2.4109 4
      vertex -19.456 3.15 0.799999
      vertex -19.456 3.15 4
    endloop
  endfacet
  facet normal 0.896913 -0.442207 0
    outer loop
      vertex -19.456 3.15 0.799999
      vertex -19.8204 2.4109 4
      vertex -19.8204 2.4109 0.799999
    endloop
  endfacet
  facet normal 0.321455 -0.946925 0
    outer loop
      vertex -16.4109 5.82044 0.799999
      vertex -15.6306 6.08533 4
      vertex -16.4109 5.82044 4
    endloop
  endfacet
  facet normal 0.321455 -0.946925 0
    outer loop
      vertex -15.6306 6.08533 4
      vertex -16.4109 5.82044 0.799999
      vertex -15.6306 6.08533 0.799999
    endloop
  endfacet
  facet normal -0.997859 0.0654064 0
    outer loop
      vertex -7.7539 -0.822314 0.799999
      vertex -7.7 0 4
      vertex -7.7 0 0.799999
    endloop
  endfacet
  facet normal -0.997859 0.0654064 0
    outer loop
      vertex -7.7 0 4
      vertex -7.7539 -0.822314 0.799999
      vertex -7.7539 -0.822314 4
    endloop
  endfacet
  facet normal -0.94693 0.32144 0
    outer loop
      vertex -8.17956 -2.4109 0.799999
      vertex -7.91467 -1.63056 4
      vertex -7.91467 -1.63056 0.799999
    endloop
  endfacet
  facet normal -0.94693 0.32144 0
    outer loop
      vertex -7.91467 -1.63056 4
      vertex -8.17956 -2.4109 0.799999
      vertex -8.17956 -2.4109 4
    endloop
  endfacet
  facet normal -0.896875 0.442285 0
    outer loop
      vertex -8.54404 -3.15 0.799999
      vertex -8.17956 -2.4109 4
      vertex -8.17956 -2.4109 0.799999
    endloop
  endfacet
  facet normal -0.896875 0.442285 0
    outer loop
      vertex -8.17956 -2.4109 4
      vertex -8.54404 -3.15 0.799999
      vertex -8.54404 -3.15 4
    endloop
  endfacet
  facet normal 0.0654075 0.997859 -0
    outer loop
      vertex -14 -6.3 0.799999
      vertex -14.8223 -6.2461 4
      vertex -14 -6.3 4
    endloop
  endfacet
  facet normal 0.0654075 0.997859 0
    outer loop
      vertex -14.8223 -6.2461 4
      vertex -14 -6.3 0.799999
      vertex -14.8223 -6.2461 0.799999
    endloop
  endfacet
  facet normal 0.896913 0.442207 0
    outer loop
      vertex -19.456 -3.15 4
      vertex -19.8204 -2.4109 0.799999
      vertex -19.8204 -2.4109 4
    endloop
  endfacet
  facet normal 0.896913 0.442207 0
    outer loop
      vertex -19.8204 -2.4109 0.799999
      vertex -19.456 -3.15 4
      vertex -19.456 -3.15 0.799999
    endloop
  endfacet
  facet normal 0.751869 0.659313 0
    outer loop
      vertex -18.4548 -4.45477 4
      vertex -18.9981 -3.8352 0.799999
      vertex -18.9981 -3.8352 4
    endloop
  endfacet
  facet normal 0.751869 0.659313 0
    outer loop
      vertex -18.9981 -3.8352 0.799999
      vertex -18.4548 -4.45477 4
      vertex -18.4548 -4.45477 0.799999
    endloop
  endfacet
  facet normal -0.659354 0.751833 0
    outer loop
      vertex -9.54523 -4.45477 0.799999
      vertex -10.1648 -4.99813 4
      vertex -9.54523 -4.45477 4
    endloop
  endfacet
  facet normal -0.659354 0.751833 0
    outer loop
      vertex -10.1648 -4.99813 4
      vertex -9.54523 -4.45477 0.799999
      vertex -10.1648 -4.99813 0.799999
    endloop
  endfacet
  facet normal 0.555565 0.831473 -0
    outer loop
      vertex -17.15 -5.45596 0.799999
      vertex -17.8352 -4.99813 4
      vertex -17.15 -5.45596 4
    endloop
  endfacet
  facet normal 0.555565 0.831473 0
    outer loop
      vertex -17.8352 -4.99813 4
      vertex -17.15 -5.45596 0.799999
      vertex -17.8352 -4.99813 0.799999
    endloop
  endfacet
  facet normal -0.0654075 0.997859 0
    outer loop
      vertex -13.1777 -6.2461 0.799999
      vertex -14 -6.3 4
      vertex -13.1777 -6.2461 4
    endloop
  endfacet
  facet normal -0.0654075 0.997859 0
    outer loop
      vertex -14 -6.3 4
      vertex -13.1777 -6.2461 0.799999
      vertex -14 -6.3 0.799999
    endloop
  endfacet
  facet normal 0 0 1
    outer loop
      vertex -7.7539 0.822314 0.799999
      vertex -7.7539 -0.822314 0.799999
      vertex -7.7 0 0.799999
    endloop
  endfacet
  facet normal 0 0 1
    outer loop
      vertex -7.91467 1.63056 0.799999
      vertex -7.7539 -0.822314 0.799999
      vertex -7.7539 0.822314 0.799999
    endloop
  endfacet
  facet normal 0 0 1
    outer loop
      vertex -7.91467 1.63056 0.799999
      vertex -7.91467 -1.63056 0.799999
      vertex -7.7539 -0.822314 0.799999
    endloop
  endfacet
  facet normal 0 0 1
    outer loop
      vertex -8.17956 2.4109 0.799999
      vertex -7.91467 -1.63056 0.799999
      vertex -7.91467 1.63056 0.799999
    endloop
  endfacet
  facet normal 0 0 1
    outer loop
      vertex -8.17956 2.4109 0.799999
      vertex -8.17956 -2.4109 0.799999
      vertex -7.91467 -1.63056 0.799999
    endloop
  endfacet
  facet normal 0 0 1
    outer loop
      vertex -8.54404 3.15 0.799999
      vertex -8.17956 -2.4109 0.799999
      vertex -8.17956 2.4109 0.799999
    endloop
  endfacet
  facet normal 0 0 1
    outer loop
      vertex -8.54404 3.15 0.799999
      vertex -8.54404 -3.15 0.799999
      vertex -8.17956 -2.4109 0.799999
    endloop
  endfacet
  facet normal 0 0 1
    outer loop
      vertex -9.00187 3.8352 0.799999
      vertex -8.54404 -3.15 0.799999
      vertex -8.54404 3.15 0.799999
    endloop
  endfacet
  facet normal 0 0 1
    outer loop
      vertex -9.00187 3.8352 0.799999
      vertex -9.00187 -3.8352 0.799999
      vertex -8.54404 -3.15 0.799999
    endloop
  endfacet
  facet normal 0 0 1
    outer loop
      vertex -9.54523 4.45477 0.799999
      vertex -9.00187 -3.8352 0.799999
      vertex -9.00187 3.8352 0.799999
    endloop
  endfacet
  facet normal 0 0 1
    outer loop
      vertex -9.54523 4.45477 0.799999
      vertex -9.54523 -4.45477 0.799999
      vertex -9.00187 -3.8352 0.799999
    endloop
  endfacet
  facet normal 0 0 1
    outer loop
      vertex -10.1648 4.99813 0.799999
      vertex -9.54523 -4.45477 0.799999
      vertex -9.54523 4.45477 0.799999
    endloop
  endfacet
  facet normal 0 0 1
    outer loop
      vertex -10.1648 4.99813 0.799999
      vertex -10.1648 -4.99813 0.799999
      vertex -9.54523 -4.45477 0.799999
    endloop
  endfacet
  facet normal 0 0 1
    outer loop
      vertex -10.85 5.45596 0.799999
      vertex -10.1648 -4.99813 0.799999
      vertex -10.1648 4.99813 0.799999
    endloop
  endfacet
  facet normal 0 0 1
    outer loop
      vertex -10.85 5.45596 0.799999
      vertex -10.85 -5.45596 0.799999
      vertex -10.1648 -4.99813 0.799999
    endloop
  endfacet
  facet normal 0 0 1
    outer loop
      vertex -11.5891 5.82044 0.799999
      vertex -10.85 -5.45596 0.799999
      vertex -10.85 5.45596 0.799999
    endloop
  endfacet
  facet normal 0 0 1
    outer loop
      vertex -11.5891 5.82044 0.799999
      vertex -11.5891 -5.82044 0.799999
      vertex -10.85 -5.45596 0.799999
    endloop
  endfacet
  facet normal 0 0 1
    outer loop
      vertex -12.3694 6.08533 0.799999
      vertex -11.5891 -5.82044 0.799999
      vertex -11.5891 5.82044 0.799999
    endloop
  endfacet
  facet normal 0 0 1
    outer loop
      vertex -12.3694 6.08533 0.799999
      vertex -12.3694 -6.08533 0.799999
      vertex -11.5891 -5.82044 0.799999
    endloop
  endfacet
  facet normal 0 0 1
    outer loop
      vertex -13.1777 6.2461 0.799999
      vertex -12.3694 -6.08533 0.799999
      vertex -12.3694 6.08533 0.799999
    endloop
  endfacet
  facet normal 0 0 1
    outer loop
      vertex -13.1777 6.2461 0.799999
      vertex -13.1777 -6.2461 0.799999
      vertex -12.3694 -6.08533 0.799999
    endloop
  endfacet
  facet normal 0 0 1
    outer loop
      vertex -14 6.3 0.799999
      vertex -13.1777 -6.2461 0.799999
      vertex -13.1777 6.2461 0.799999
    endloop
  endfacet
  facet normal 0 0 1
    outer loop
      vertex -14 6.3 0.799999
      vertex -14 -6.3 0.799999
      vertex -13.1777 -6.2461 0.799999
    endloop
  endfacet
  facet normal -0 0 1
    outer loop
      vertex -14.8223 6.2461 0.799999
      vertex -14 -6.3 0.799999
      vertex -14 6.3 0.799999
    endloop
  endfacet
  facet normal 0 0 1
    outer loop
      vertex -14.8223 6.2461 0.799999
      vertex -14.8223 -6.2461 0.799999
      vertex -14 -6.3 0.799999
    endloop
  endfacet
  facet normal -0 0 1
    outer loop
      vertex -15.6306 6.08533 0.799999
      vertex -14.8223 -6.2461 0.799999
      vertex -14.8223 6.2461 0.799999
    endloop
  endfacet
  facet normal 0 0 1
    outer loop
      vertex -15.6306 6.08533 0.799999
      vertex -15.6306 -6.08533 0.799999
      vertex -14.8223 -6.2461 0.799999
    endloop
  endfacet
  facet normal -0 0 1
    outer loop
      vertex -16.4109 5.82044 0.799999
      vertex -15.6306 -6.08533 0.799999
      vertex -15.6306 6.08533 0.799999
    endloop
  endfacet
  facet normal 0 0 1
    outer loop
      vertex -16.4109 5.82044 0.799999
      vertex -16.4109 -5.82044 0.799999
      vertex -15.6306 -6.08533 0.799999
    endloop
  endfacet
  facet normal -0 0 1
    outer loop
      vertex -17.15 5.45596 0.799999
      vertex -16.4109 -5.82044 0.799999
      vertex -16.4109 5.82044 0.799999
    endloop
  endfacet
  facet normal 0 0 1
    outer loop
      vertex -17.15 5.45596 0.799999
      vertex -17.15 -5.45596 0.799999
      vertex -16.4109 -5.82044 0.799999
    endloop
  endfacet
  facet normal -0 0 1
    outer loop
      vertex -17.8352 4.99813 0.799999
      vertex -17.15 -5.45596 0.799999
      vertex -17.15 5.45596 0.799999
    endloop
  endfacet
  facet normal 0 0 1
    outer loop
      vertex -17.8352 4.99813 0.799999
      vertex -17.8352 -4.99813 0.799999
      vertex -17.15 -5.45596 0.799999
    endloop
  endfacet
  facet normal -0 0 1
    outer loop
      vertex -18.4548 4.45477 0.799999
      vertex -17.8352 -4.99813 0.799999
      vertex -17.8352 4.99813 0.799999
    endloop
  endfacet
  facet normal 0 0 1
    outer loop
      vertex -18.4548 4.45477 0.799999
      vertex -18.4548 -4.45477 0.799999
      vertex -17.8352 -4.99813 0.799999
    endloop
  endfacet
  facet normal -0 0 1
    outer loop
      vertex -18.9981 3.8352 0.799999
      vertex -18.4548 -4.45477 0.799999
      vertex -18.4548 4.45477 0.799999
    endloop
  endfacet
  facet normal 0 0 1
    outer loop
      vertex -18.9981 3.8352 0.799999
      vertex -18.9981 -3.8352 0.799999
      vertex -18.4548 -4.45477 0.799999
    endloop
  endfacet
  facet normal -0 0 1
    outer loop
      vertex -19.456 3.15 0.799999
      vertex -18.9981 -3.8352 0.799999
      vertex -18.9981 3.8352 0.799999
    endloop
  endfacet
  facet normal 0 0 1
    outer loop
      vertex -19.456 3.15 0.799999
      vertex -19.456 -3.15 0.799999
      vertex -18.9981 -3.8352 0.799999
    endloop
  endfacet
  facet normal -0 0 1
    outer loop
      vertex -19.8204 2.4109 0.799999
      vertex -19.456 -3.15 0.799999
      vertex -19.456 3.15 0.799999
    endloop
  endfacet
  facet normal 0 0 1
    outer loop
      vertex -19.8204 2.4109 0.799999
      vertex -19.8204 -2.4109 0.799999
      vertex -19.456 -3.15 0.799999
    endloop
  endfacet
  facet normal -0 0 1
    outer loop
      vertex -20.0853 1.63056 0.799999
      vertex -19.8204 -2.4109 0.799999
      vertex -19.8204 2.4109 0.799999
    endloop
  endfacet
  facet normal 0 0 1
    outer loop
      vertex -20.0853 1.63056 0.799999
      vertex -20.0853 -1.63056 0.799999
      vertex -19.8204 -2.4109 0.799999
    endloop
  endfacet
  facet normal -0 0 1
    outer loop
      vertex -20.2461 0.822314 0.799999
      vertex -20.0853 -1.63056 0.799999
      vertex -20.0853 1.63056 0.799999
    endloop
  endfacet
  facet normal 0 0 1
    outer loop
      vertex -20.2461 0.822314 0.799999
      vertex -20.2461 -0.822314 0.799999
      vertex -20.0853 -1.63056 0.799999
    endloop
  endfacet
  facet normal 0 -0 1
    outer loop
      vertex -20.2461 -0.822314 0.799999
      vertex -20.2461 0.822314 0.799999
      vertex -20.3 0 0.799999
    endloop
  endfacet
  facet normal 0.980778 0.195125 0
    outer loop
      vertex -20.0853 -1.63056 4
      vertex -20.2461 -0.822314 0.799999
      vertex -20.2461 -0.822314 4
    endloop
  endfacet
  facet normal 0.980778 0.195125 0
    outer loop
      vertex -20.2461 -0.822314 0.799999
      vertex -20.0853 -1.63056 4
      vertex -20.0853 -1.63056 0.799999
    endloop
  endfacet
  facet normal 0.946926 0.321451 0
    outer loop
      vertex -19.8204 -2.4109 4
      vertex -20.0853 -1.63056 0.799999
      vertex -20.0853 -1.63056 4
    endloop
  endfacet
  facet normal 0.946926 0.321451 0
    outer loop
      vertex -20.0853 -1.63056 0.799999
      vertex -19.8204 -2.4109 4
      vertex -19.8204 -2.4109 0.799999
    endloop
  endfacet
  facet normal 0.659336 0.751849 -0
    outer loop
      vertex -17.8352 -4.99813 0.799999
      vertex -18.4548 -4.45477 4
      vertex -17.8352 -4.99813 4
    endloop
  endfacet
  facet normal 0.659336 0.751849 0
    outer loop
      vertex -18.4548 -4.45477 4
      vertex -17.8352 -4.99813 0.799999
      vertex -18.4548 -4.45477 0.799999
    endloop
  endfacet
  facet normal 0.831434 0.555624 0
    outer loop
      vertex -18.9981 -3.8352 4
      vertex -19.456 -3.15 0.799999
      vertex -19.456 -3.15 4
    endloop
  endfacet
  facet normal 0.831434 0.555624 0
    outer loop
      vertex -19.456 -3.15 0.799999
      vertex -18.9981 -3.8352 4
      vertex -18.9981 -3.8352 0.799999
    endloop
  endfacet
  facet normal -0.751833 0.659354 0
    outer loop
      vertex -9.54523 -4.45477 0.799999
      vertex -9.00187 -3.8352 4
      vertex -9.00187 -3.8352 0.799999
    endloop
  endfacet
  facet normal -0.751833 0.659354 0
    outer loop
      vertex -9.00187 -3.8352 4
      vertex -9.54523 -4.45477 0.799999
      vertex -9.54523 -4.45477 4
    endloop
  endfacet
  facet normal 0.442285 0.896875 -0
    outer loop
      vertex -16.4109 -5.82044 0.799999
      vertex -17.15 -5.45596 4
      vertex -16.4109 -5.82044 4
    endloop
  endfacet
  facet normal 0.442285 0.896875 0
    outer loop
      vertex -17.15 -5.45596 4
      vertex -16.4109 -5.82044 0.799999
      vertex -17.15 -5.45596 0.799999
    endloop
  endfacet
  facet normal 0.321455 0.946925 -0
    outer loop
      vertex -15.6306 -6.08533 0.799999
      vertex -16.4109 -5.82044 4
      vertex -15.6306 -6.08533 4
    endloop
  endfacet
  facet normal 0.321455 0.946925 0
    outer loop
      vertex -16.4109 -5.82044 4
      vertex -15.6306 -6.08533 0.799999
      vertex -16.4109 -5.82044 0.799999
    endloop
  endfacet
endsolid OpenSCAD_Model
