solid OpenSCAD_Model
  facet normal -1 0 0
    outer loop
      vertex -46 -29 -32.5
      vertex -46 29 32.5
      vertex -46 29 -32.5
    endloop
  endfacet
  facet normal -1 -0 0
    outer loop
      vertex -46 29 32.5
      vertex -46 -29 -32.5
      vertex -46 -29 32.5
    endloop
  endfacet
  facet normal 0 0 1
    outer loop
      vertex 46 29 32.5
      vertex 43.5 26.5 32.5
      vertex 46 -29 32.5
    endloop
  endfacet
  facet normal 0 0 1
    outer loop
      vertex 46 29 32.5
      vertex -43.5 26.5 32.5
      vertex 43.5 26.5 32.5
    endloop
  endfacet
  facet normal 0 0 1
    outer loop
      vertex -43.5 26.5 32.5
      vertex -46 29 32.5
      vertex -43.5 -26.5 32.5
    endloop
  endfacet
  facet normal -0 0 1
    outer loop
      vertex -46 29 32.5
      vertex -43.5 26.5 32.5
      vertex 46 29 32.5
    endloop
  endfacet
  facet normal -0 0 1
    outer loop
      vertex 43.5 -26.5 32.5
      vertex 46 -29 32.5
      vertex 43.5 26.5 32.5
    endloop
  endfacet
  facet normal -0 0 1
    outer loop
      vertex -43.5 -26.5 32.5
      vertex 46 -29 32.5
      vertex 43.5 -26.5 32.5
    endloop
  endfacet
  facet normal 0 0 1
    outer loop
      vertex -43.5 -26.5 32.5
      vertex -46 -29 32.5
      vertex 46 -29 32.5
    endloop
  endfacet
  facet normal 0 0 1
    outer loop
      vertex -46 -29 32.5
      vertex -43.5 -26.5 32.5
      vertex -46 29 32.5
    endloop
  endfacet
  facet normal 1 -0 0
    outer loop
      vertex 46 -29 32.5
      vertex 46 29 -32.5
      vertex 46 29 32.5
    endloop
  endfacet
  facet normal 1 0 0
    outer loop
      vertex 46 29 -32.5
      vertex 46 -29 32.5
      vertex 46 -29 -32.5
    endloop
  endfacet
  facet normal 0 1 0
    outer loop
      vertex -15.8 29 9.5
      vertex -30.6817 29 -4.48641
      vertex -32 29 -4.4
    endloop
  endfacet
  facet normal 0 1 0
    outer loop
      vertex 4.38381 29 -3.34411
      vertex -29.3859 29 -4.74415
      vertex -30.6817 29 -4.48641
    endloop
  endfacet
  facet normal 0 1 0
    outer loop
      vertex -21.9864 29 -15.8183
      vertex 5.21177 29 -4.28822
      vertex 6.15589 29 -5.11619
    endloop
  endfacet
  facet normal 0 1 0
    outer loop
      vertex 4.38381 29 -3.34411
      vertex -28.1349 29 -5.16882
      vertex -29.3859 29 -4.74415
    endloop
  endfacet
  facet normal 0 1 0
    outer loop
      vertex 4.38381 29 -3.34411
      vertex -26.95 29 -5.75314
      vertex -28.1349 29 -5.16882
    endloop
  endfacet
  facet normal 0 1 0
    outer loop
      vertex -22.2441 29 -17.1141
      vertex 6.15589 29 -5.11619
      vertex 7.2 29 -5.81384
    endloop
  endfacet
  facet normal 0 1 0
    outer loop
      vertex -22.6688 29 -18.3651
      vertex 7.2 29 -5.81384
      vertex 8.32624 29 -6.36924
    endloop
  endfacet
  facet normal 0 1 0
    outer loop
      vertex 4.38381 29 -3.34411
      vertex -25.8515 29 -6.48713
      vertex -26.95 29 -5.75314
    endloop
  endfacet
  facet normal 0 1 0
    outer loop
      vertex -23.2531 29 -19.55
      vertex 8.32624 29 -6.36924
      vertex 9.51534 29 -6.77289
    endloop
  endfacet
  facet normal 0 1 0
    outer loop
      vertex -23.9871 29 -20.6485
      vertex 9.51534 29 -6.77289
      vertex 10.7469 29 -7.01787
    endloop
  endfacet
  facet normal 0 1 0
    outer loop
      vertex 46 29 -32.5
      vertex 10.7469 29 -7.01787
      vertex 12 29 -7.1
    endloop
  endfacet
  facet normal 0 1 0
    outer loop
      vertex 4.38381 29 -3.34411
      vertex -24.8582 29 -7.35822
      vertex -25.8515 29 -6.48713
    endloop
  endfacet
  facet normal 0 1 0
    outer loop
      vertex -46 29 32.5
      vertex -11.504 29 13.2675
      vertex -12 29 13.3
    endloop
  endfacet
  facet normal 0 1 0
    outer loop
      vertex 20.3138 29 7.3
      vertex 26.4172 29 13.4373
      vertex 26.7 29 13.2483
    endloop
  endfacet
  facet normal 0 1 0
    outer loop
      vertex 26.1615 29 13.6615
      vertex 12 29 12.1
      vertex -11.504 29 13.2675
    endloop
  endfacet
  facet normal 0 1 0
    outer loop
      vertex 20.3138 29 7.3
      vertex 26.7 29 13.2483
      vertex 27.005 29 13.0979
    endloop
  endfacet
  facet normal 0 1 -0
    outer loop
      vertex 10.7469 29 12.0179
      vertex -11.504 29 13.2675
      vertex 12 29 12.1
    endloop
  endfacet
  facet normal 0 1 0
    outer loop
      vertex 20.8692 29 6.17376
      vertex 27.005 29 13.0979
      vertex 27.3271 29 12.9886
    endloop
  endfacet
  facet normal 0 1 0
    outer loop
      vertex 20.8692 29 6.17376
      vertex 27.3271 29 12.9886
      vertex 27.6606 29 12.9222
    endloop
  endfacet
  facet normal 0 1 0
    outer loop
      vertex 21.2729 29 4.98466
      vertex 27.6606 29 12.9222
      vertex 28 29 12.9
    endloop
  endfacet
  facet normal 0 1 0
    outer loop
      vertex -11.504 29 13.2675
      vertex 10.7469 29 12.0179
      vertex -11.0165 29 13.1705
    endloop
  endfacet
  facet normal 0 1 0
    outer loop
      vertex 37.3271 29 18.0114
      vertex 46 29 32.5
      vertex 37.6606 29 18.0778
    endloop
  endfacet
  facet normal 0 1 0
    outer loop
      vertex 46 29 32.5
      vertex 28.3394 29 18.0778
      vertex 28 29 18.1
    endloop
  endfacet
  facet normal 0 1 0
    outer loop
      vertex 28.6729 29 18.0114
      vertex 46 29 32.5
      vertex 37.3271 29 18.0114
    endloop
  endfacet
  facet normal 0 1 0
    outer loop
      vertex 46 29 32.5
      vertex 28.6729 29 18.0114
      vertex 28.3394 29 18.0778
    endloop
  endfacet
  facet normal 0 1 -0
    outer loop
      vertex 37.005 29 17.9021
      vertex 28.6729 29 18.0114
      vertex 37.3271 29 18.0114
    endloop
  endfacet
  facet normal 0 1 0
    outer loop
      vertex 37.005 29 17.9021
      vertex 28.995 29 17.9021
      vertex 28.6729 29 18.0114
    endloop
  endfacet
  facet normal 0 1 -0
    outer loop
      vertex 36.7 29 17.7517
      vertex 28.995 29 17.9021
      vertex 37.005 29 17.9021
    endloop
  endfacet
  facet normal 0 1 0
    outer loop
      vertex 36.7 29 17.7517
      vertex 29.3 29 17.7517
      vertex 28.995 29 17.9021
    endloop
  endfacet
  facet normal 0 1 -0
    outer loop
      vertex 36.4172 29 17.5627
      vertex 29.3 29 17.7517
      vertex 36.7 29 17.7517
    endloop
  endfacet
  facet normal 0 1 0
    outer loop
      vertex 36.4172 29 17.5627
      vertex 29.5828 29 17.5627
      vertex 29.3 29 17.7517
    endloop
  endfacet
  facet normal 0 1 -0
    outer loop
      vertex 36.1615 29 17.3385
      vertex 29.5828 29 17.5627
      vertex 36.4172 29 17.5627
    endloop
  endfacet
  facet normal 0 1 0
    outer loop
      vertex 36.1615 29 17.3385
      vertex 29.8385 29 17.3385
      vertex 29.5828 29 17.5627
    endloop
  endfacet
  facet normal 0 1 -0
    outer loop
      vertex 35.9373 29 17.0828
      vertex 29.8385 29 17.3385
      vertex 36.1615 29 17.3385
    endloop
  endfacet
  facet normal 0 1 0
    outer loop
      vertex 35.9373 29 17.0828
      vertex 30.0627 29 17.0828
      vertex 29.8385 29 17.3385
    endloop
  endfacet
  facet normal 0 1 -0
    outer loop
      vertex 35.7483 29 16.8
      vertex 30.0627 29 17.0828
      vertex 35.9373 29 17.0828
    endloop
  endfacet
  facet normal 0 1 0
    outer loop
      vertex 35.7483 29 16.8
      vertex 30.2517 29 16.8
      vertex 30.0627 29 17.0828
    endloop
  endfacet
  facet normal 0 1 -0
    outer loop
      vertex 35.5979 29 16.495
      vertex 30.2517 29 16.8
      vertex 35.7483 29 16.8
    endloop
  endfacet
  facet normal 0 1 0
    outer loop
      vertex 35.5979 29 16.495
      vertex 30.4021 29 16.495
      vertex 30.2517 29 16.8
    endloop
  endfacet
  facet normal 0 1 -0
    outer loop
      vertex 35.4886 29 16.1729
      vertex 30.4021 29 16.495
      vertex 35.5979 29 16.495
    endloop
  endfacet
  facet normal 0 1 0
    outer loop
      vertex 35.4886 29 16.1729
      vertex 30.5114 29 16.1729
      vertex 30.4021 29 16.495
    endloop
  endfacet
  facet normal 0 1 -0
    outer loop
      vertex 35.4222 29 15.8394
      vertex 30.5114 29 16.1729
      vertex 35.4886 29 16.1729
    endloop
  endfacet
  facet normal 0 1 0
    outer loop
      vertex 35.4222 29 15.8394
      vertex 30.5778 29 15.8394
      vertex 30.5114 29 16.1729
    endloop
  endfacet
  facet normal 0 1 -0
    outer loop
      vertex 35.4 29 15.5
      vertex 30.5778 29 15.8394
      vertex 35.4222 29 15.8394
    endloop
  endfacet
  facet normal 0 1 0
    outer loop
      vertex 35.4 29 15.5
      vertex 30.6 29 15.5
      vertex 30.5778 29 15.8394
    endloop
  endfacet
  facet normal 0 1 0
    outer loop
      vertex 35.4222 29 15.1606
      vertex 30.6 29 15.5
      vertex 35.4 29 15.5
    endloop
  endfacet
  facet normal 0 1 0
    outer loop
      vertex 35.4222 29 15.1606
      vertex 30.5778 29 15.1606
      vertex 30.6 29 15.5
    endloop
  endfacet
  facet normal 0 1 0
    outer loop
      vertex 35.4886 29 14.8271
      vertex 30.5778 29 15.1606
      vertex 35.4222 29 15.1606
    endloop
  endfacet
  facet normal 0 1 0
    outer loop
      vertex 35.4886 29 14.8271
      vertex 30.5114 29 14.8271
      vertex 30.5778 29 15.1606
    endloop
  endfacet
  facet normal 0 1 0
    outer loop
      vertex 35.5979 29 14.505
      vertex 30.5114 29 14.8271
      vertex 35.4886 29 14.8271
    endloop
  endfacet
  facet normal 0 1 0
    outer loop
      vertex 35.5979 29 14.505
      vertex 30.4021 29 14.505
      vertex 30.5114 29 14.8271
    endloop
  endfacet
  facet normal 0 1 0
    outer loop
      vertex 35.7483 29 14.2
      vertex 30.4021 29 14.505
      vertex 35.5979 29 14.505
    endloop
  endfacet
  facet normal 0 1 0
    outer loop
      vertex 35.7483 29 14.2
      vertex 30.2517 29 14.2
      vertex 30.4021 29 14.505
    endloop
  endfacet
  facet normal 0 1 0
    outer loop
      vertex 35.9373 29 13.9172
      vertex 30.2517 29 14.2
      vertex 35.7483 29 14.2
    endloop
  endfacet
  facet normal 0 1 0
    outer loop
      vertex 35.9373 29 13.9172
      vertex 30.0627 29 13.9172
      vertex 30.2517 29 14.2
    endloop
  endfacet
  facet normal 0 1 0
    outer loop
      vertex 36.1615 29 13.6615
      vertex 30.0627 29 13.9172
      vertex 35.9373 29 13.9172
    endloop
  endfacet
  facet normal 0 1 0
    outer loop
      vertex 36.1615 29 13.6615
      vertex 29.8385 29 13.6615
      vertex 30.0627 29 13.9172
    endloop
  endfacet
  facet normal 0 1 0
    outer loop
      vertex 36.4172 29 13.4373
      vertex 29.8385 29 13.6615
      vertex 36.1615 29 13.6615
    endloop
  endfacet
  facet normal 0 1 0
    outer loop
      vertex 36.4172 29 13.4373
      vertex 29.5828 29 13.4373
      vertex 29.8385 29 13.6615
    endloop
  endfacet
  facet normal 0 1 0
    outer loop
      vertex 36.7 29 13.2483
      vertex 29.5828 29 13.4373
      vertex 36.4172 29 13.4373
    endloop
  endfacet
  facet normal 0 1 0
    outer loop
      vertex 36.7 29 13.2483
      vertex 29.3 29 13.2483
      vertex 29.5828 29 13.4373
    endloop
  endfacet
  facet normal 0 1 0
    outer loop
      vertex 37.005 29 13.0979
      vertex 29.3 29 13.2483
      vertex 36.7 29 13.2483
    endloop
  endfacet
  facet normal 0 1 0
    outer loop
      vertex 37.005 29 13.0979
      vertex 28.995 29 13.0979
      vertex 29.3 29 13.2483
    endloop
  endfacet
  facet normal 0 1 0
    outer loop
      vertex 21.6 29 2.5
      vertex 37.005 29 13.0979
      vertex 37.3271 29 12.9886
    endloop
  endfacet
  facet normal 0 1 0
    outer loop
      vertex 37.005 29 13.0979
      vertex 21.6 29 2.5
      vertex 28.995 29 13.0979
    endloop
  endfacet
  facet normal 0 1 0
    outer loop
      vertex 21.5179 29 1.24695
      vertex 37.3271 29 12.9886
      vertex 37.6606 29 12.9222
    endloop
  endfacet
  facet normal 0 1 0
    outer loop
      vertex 28.995 29 13.0979
      vertex 21.6 29 2.5
      vertex 28.6729 29 12.9886
    endloop
  endfacet
  facet normal 0 1 0
    outer loop
      vertex 21.2729 29 0.015337
      vertex 37.6606 29 12.9222
      vertex 38 29 12.9
    endloop
  endfacet
  facet normal -0 1 0
    outer loop
      vertex 21.5179 29 3.75305
      vertex 28.6729 29 12.9886
      vertex 21.6 29 2.5
    endloop
  endfacet
  facet normal 0 1 0
    outer loop
      vertex 37.6606 29 18.0778
      vertex 46 29 32.5
      vertex 38 29 18.1
    endloop
  endfacet
  facet normal 0 1 0
    outer loop
      vertex 46 29 32.5
      vertex 38.3394 29 18.0778
      vertex 38 29 18.1
    endloop
  endfacet
  facet normal 0 1 0
    outer loop
      vertex 46 29 32.5
      vertex 38.6729 29 18.0114
      vertex 38.3394 29 18.0778
    endloop
  endfacet
  facet normal 0 1 0
    outer loop
      vertex 46 29 32.5
      vertex 38.995 29 17.9021
      vertex 38.6729 29 18.0114
    endloop
  endfacet
  facet normal 0 1 0
    outer loop
      vertex 46 29 32.5
      vertex 39.3 29 17.7517
      vertex 38.995 29 17.9021
    endloop
  endfacet
  facet normal 0 1 0
    outer loop
      vertex 46 29 32.5
      vertex 39.5828 29 17.5627
      vertex 39.3 29 17.7517
    endloop
  endfacet
  facet normal 0 1 0
    outer loop
      vertex 46 29 32.5
      vertex 39.8385 29 17.3385
      vertex 39.5828 29 17.5627
    endloop
  endfacet
  facet normal 0 1 0
    outer loop
      vertex 46 29 32.5
      vertex 40.0627 29 17.0828
      vertex 39.8385 29 17.3385
    endloop
  endfacet
  facet normal 0 1 0
    outer loop
      vertex 46 29 32.5
      vertex 40.2517 29 16.8
      vertex 40.0627 29 17.0828
    endloop
  endfacet
  facet normal 0 1 0
    outer loop
      vertex 46 29 32.5
      vertex 40.4021 29 16.495
      vertex 40.2517 29 16.8
    endloop
  endfacet
  facet normal 0 1 0
    outer loop
      vertex 46 29 32.5
      vertex 40.5114 29 16.1729
      vertex 40.4021 29 16.495
    endloop
  endfacet
  facet normal 0 1 0
    outer loop
      vertex 46 29 32.5
      vertex 40.5778 29 15.8394
      vertex 40.5114 29 16.1729
    endloop
  endfacet
  facet normal 0 1 0
    outer loop
      vertex 46 29 32.5
      vertex 40.6 29 15.5
      vertex 40.5778 29 15.8394
    endloop
  endfacet
  facet normal 0 1 0
    outer loop
      vertex 46 29 32.5
      vertex 40.5778 29 15.1606
      vertex 40.6 29 15.5
    endloop
  endfacet
  facet normal 0 1 0
    outer loop
      vertex 46 29 32.5
      vertex 40.5114 29 14.8271
      vertex 40.5778 29 15.1606
    endloop
  endfacet
  facet normal 0 1 0
    outer loop
      vertex 28.6729 29 12.9886
      vertex 21.5179 29 3.75305
      vertex 28.3394 29 12.9222
    endloop
  endfacet
  facet normal 0 1 -0
    outer loop
      vertex 9.51534 29 11.7729
      vertex -11.0165 29 13.1705
      vertex 10.7469 29 12.0179
    endloop
  endfacet
  facet normal 0 1 0
    outer loop
      vertex -11.0165 29 13.1705
      vertex 9.51534 29 11.7729
      vertex -10.5458 29 13.0107
    endloop
  endfacet
  facet normal 0 1 0
    outer loop
      vertex -10.5458 29 13.0107
      vertex 9.51534 29 11.7729
      vertex -10.1 29 12.7909
    endloop
  endfacet
  facet normal 0 1 0
    outer loop
      vertex 26.1615 29 13.6615
      vertex 13.2531 29 12.0179
      vertex 12 29 12.1
    endloop
  endfacet
  facet normal 0 1 0
    outer loop
      vertex 26.1615 29 13.6615
      vertex 14.4847 29 11.7729
      vertex 13.2531 29 12.0179
    endloop
  endfacet
  facet normal 0 1 0
    outer loop
      vertex 26.1615 29 13.6615
      vertex 15.6738 29 11.3692
      vertex 14.4847 29 11.7729
    endloop
  endfacet
  facet normal 0 1 0
    outer loop
      vertex 21.2729 29 0.015337
      vertex 38 29 12.9
      vertex 38.3394 29 12.9222
    endloop
  endfacet
  facet normal 0 1 0
    outer loop
      vertex 26.1615 29 13.6615
      vertex 16.8 29 10.8138
      vertex 15.6738 29 11.3692
    endloop
  endfacet
  facet normal 0 1 0
    outer loop
      vertex 26.1615 29 13.6615
      vertex 17.8441 29 10.1162
      vertex 16.8 29 10.8138
    endloop
  endfacet
  facet normal 0 1 0
    outer loop
      vertex 26.1615 29 13.6615
      vertex 18.7882 29 9.28822
      vertex 17.8441 29 10.1162
    endloop
  endfacet
  facet normal 0 1 0
    outer loop
      vertex 26.1615 29 13.6615
      vertex 19.6162 29 8.34411
      vertex 18.7882 29 9.28822
    endloop
  endfacet
  facet normal 0 1 0
    outer loop
      vertex 46 29 -32.5
      vertex 38.3394 29 12.9222
      vertex 38.6729 29 12.9886
    endloop
  endfacet
  facet normal 0 1 0
    outer loop
      vertex 26.4172 29 13.4373
      vertex 20.3138 29 7.3
      vertex 19.6162 29 8.34411
    endloop
  endfacet
  facet normal 0 1 0
    outer loop
      vertex 27.005 29 13.0979
      vertex 20.8692 29 6.17376
      vertex 20.3138 29 7.3
    endloop
  endfacet
  facet normal 0 1 0
    outer loop
      vertex 46 29 -32.5
      vertex 38.6729 29 12.9886
      vertex 38.995 29 13.0979
    endloop
  endfacet
  facet normal 0 1 0
    outer loop
      vertex 27.6606 29 12.9222
      vertex 21.2729 29 4.98466
      vertex 20.8692 29 6.17376
    endloop
  endfacet
  facet normal 0 1 0
    outer loop
      vertex 28 29 12.9
      vertex 21.5179 29 3.75305
      vertex 21.2729 29 4.98466
    endloop
  endfacet
  facet normal 0 1 0
    outer loop
      vertex 46 29 -32.5
      vertex 38.995 29 13.0979
      vertex 39.3 29 13.2483
    endloop
  endfacet
  facet normal 0 1 0
    outer loop
      vertex 28.3394 29 12.9222
      vertex 21.5179 29 3.75305
      vertex 28 29 12.9
    endloop
  endfacet
  facet normal 0 1 0
    outer loop
      vertex 37.3271 29 12.9886
      vertex 21.5179 29 1.24695
      vertex 21.6 29 2.5
    endloop
  endfacet
  facet normal 0 1 0
    outer loop
      vertex 46 29 -32.5
      vertex 39.3 29 13.2483
      vertex 39.5828 29 13.4373
    endloop
  endfacet
  facet normal 0 1 0
    outer loop
      vertex 37.6606 29 12.9222
      vertex 21.2729 29 0.015337
      vertex 21.5179 29 1.24695
    endloop
  endfacet
  facet normal 0 1 0
    outer loop
      vertex 38.3394 29 12.9222
      vertex 20.8692 29 -1.17376
      vertex 21.2729 29 0.015337
    endloop
  endfacet
  facet normal 0 1 0
    outer loop
      vertex 38.3394 29 12.9222
      vertex 46 29 -32.5
      vertex 20.8692 29 -1.17376
    endloop
  endfacet
  facet normal 0 1 0
    outer loop
      vertex 20.8692 29 -1.17376
      vertex 46 29 -32.5
      vertex 20.3138 29 -2.3
    endloop
  endfacet
  facet normal 0 1 0
    outer loop
      vertex 20.3138 29 -2.3
      vertex 46 29 -32.5
      vertex 19.6162 29 -3.34411
    endloop
  endfacet
  facet normal 0 1 0
    outer loop
      vertex 19.6162 29 -3.34411
      vertex 46 29 -32.5
      vertex 18.7882 29 -4.28822
    endloop
  endfacet
  facet normal 0 1 0
    outer loop
      vertex 4.38381 29 -3.34411
      vertex -23.9871 29 -8.35151
      vertex -24.8582 29 -7.35822
    endloop
  endfacet
  facet normal 0 1 0
    outer loop
      vertex 4.38381 29 -3.34411
      vertex -23.2531 29 -9.45
      vertex -23.9871 29 -8.35151
    endloop
  endfacet
  facet normal 0 1 0
    outer loop
      vertex 46 29 -32.5
      vertex 12 29 -7.1
      vertex 13.2531 29 -7.01787
    endloop
  endfacet
  facet normal 0 1 0
    outer loop
      vertex 4.38381 29 -3.34411
      vertex -22.6688 29 -10.6349
      vertex -23.2531 29 -9.45
    endloop
  endfacet
  facet normal 0 1 0
    outer loop
      vertex 4.38381 29 -3.34411
      vertex -22.2441 29 -11.8859
      vertex -22.6688 29 -10.6349
    endloop
  endfacet
  facet normal 0 1 0
    outer loop
      vertex 4.38381 29 -3.34411
      vertex -21.9864 29 -13.1817
      vertex -22.2441 29 -11.8859
    endloop
  endfacet
  facet normal 0 1 0
    outer loop
      vertex 4.38381 29 -3.34411
      vertex -21.9 29 -14.5
      vertex -21.9864 29 -13.1817
    endloop
  endfacet
  facet normal 0 1 0
    outer loop
      vertex 46 29 -32.5
      vertex 13.2531 29 -7.01787
      vertex 14.4847 29 -6.77289
    endloop
  endfacet
  facet normal 0 1 0
    outer loop
      vertex 5.21177 29 -4.28822
      vertex -21.9864 29 -15.8183
      vertex -21.9 29 -14.5
    endloop
  endfacet
  facet normal 0 1 0
    outer loop
      vertex 6.15589 29 -5.11619
      vertex -22.2441 29 -17.1141
      vertex -21.9864 29 -15.8183
    endloop
  endfacet
  facet normal 0 1 0
    outer loop
      vertex 7.2 29 -5.81384
      vertex -22.6688 29 -18.3651
      vertex -22.2441 29 -17.1141
    endloop
  endfacet
  facet normal 0 1 0
    outer loop
      vertex 8.32624 29 -6.36924
      vertex -23.2531 29 -19.55
      vertex -22.6688 29 -18.3651
    endloop
  endfacet
  facet normal 0 1 0
    outer loop
      vertex 9.51534 29 -6.77289
      vertex -23.9871 29 -20.6485
      vertex -23.2531 29 -19.55
    endloop
  endfacet
  facet normal 0 1 0
    outer loop
      vertex 46 29 -32.5
      vertex 14.4847 29 -6.77289
      vertex 15.6738 29 -6.36924
    endloop
  endfacet
  facet normal 0 1 0
    outer loop
      vertex 10.7469 29 -7.01787
      vertex 46 29 -32.5
      vertex -23.9871 29 -20.6485
    endloop
  endfacet
  facet normal 0 1 0
    outer loop
      vertex -23.9871 29 -20.6485
      vertex 46 29 -32.5
      vertex -24.8582 29 -21.6418
    endloop
  endfacet
  facet normal 0 1 0
    outer loop
      vertex -24.8582 29 -21.6418
      vertex 46 29 -32.5
      vertex -25.8515 29 -22.5129
    endloop
  endfacet
  facet normal 0 1 0
    outer loop
      vertex -25.8515 29 -22.5129
      vertex 46 29 -32.5
      vertex -26.95 29 -23.2469
    endloop
  endfacet
  facet normal 0 1 0
    outer loop
      vertex -29.3859 29 -24.2559
      vertex -46 29 -32.5
      vertex -30.6817 29 -24.5136
    endloop
  endfacet
  facet normal 0 1 0
    outer loop
      vertex -28.1349 29 -23.8312
      vertex -46 29 -32.5
      vertex -29.3859 29 -24.2559
    endloop
  endfacet
  facet normal 0 1 0
    outer loop
      vertex -46 29 -32.5
      vertex -28.1349 29 -23.8312
      vertex 46 29 -32.5
    endloop
  endfacet
  facet normal 0 1 0
    outer loop
      vertex -26.95 29 -23.2469
      vertex 46 29 -32.5
      vertex -28.1349 29 -23.8312
    endloop
  endfacet
  facet normal 0 1 0
    outer loop
      vertex 16.8 29 -5.81384
      vertex 46 29 -32.5
      vertex 15.6738 29 -6.36924
    endloop
  endfacet
  facet normal 0 1 0
    outer loop
      vertex 17.8441 29 -5.11619
      vertex 46 29 -32.5
      vertex 16.8 29 -5.81384
    endloop
  endfacet
  facet normal 0 1 0
    outer loop
      vertex 18.7882 29 -4.28822
      vertex 46 29 -32.5
      vertex 17.8441 29 -5.11619
    endloop
  endfacet
  facet normal 0 1 0
    outer loop
      vertex 39.8385 29 13.6615
      vertex 46 29 -32.5
      vertex 39.5828 29 13.4373
    endloop
  endfacet
  facet normal 0 1 0
    outer loop
      vertex 40.0627 29 13.9172
      vertex 46 29 -32.5
      vertex 39.8385 29 13.6615
    endloop
  endfacet
  facet normal 0 1 0
    outer loop
      vertex 40.2517 29 14.2
      vertex 46 29 -32.5
      vertex 40.0627 29 13.9172
    endloop
  endfacet
  facet normal 0 1 0
    outer loop
      vertex 40.4021 29 14.505
      vertex 46 29 -32.5
      vertex 40.2517 29 14.2
    endloop
  endfacet
  facet normal 0 1 0
    outer loop
      vertex 40.5114 29 14.8271
      vertex 46 29 -32.5
      vertex 40.4021 29 14.505
    endloop
  endfacet
  facet normal 0 1 -0
    outer loop
      vertex 46 29 -32.5
      vertex 40.5114 29 14.8271
      vertex 46 29 32.5
    endloop
  endfacet
  facet normal 0 1 0
    outer loop
      vertex 27.6606 29 18.0778
      vertex 46 29 32.5
      vertex 28 29 18.1
    endloop
  endfacet
  facet normal 0 1 0
    outer loop
      vertex 27.3271 29 18.0114
      vertex 46 29 32.5
      vertex 27.6606 29 18.0778
    endloop
  endfacet
  facet normal 0 1 0
    outer loop
      vertex 27.005 29 17.9021
      vertex 46 29 32.5
      vertex 27.3271 29 18.0114
    endloop
  endfacet
  facet normal 0 1 0
    outer loop
      vertex -11.504 29 13.2675
      vertex 46 29 32.5
      vertex 27.005 29 17.9021
    endloop
  endfacet
  facet normal 0 1 0
    outer loop
      vertex -11.504 29 13.2675
      vertex 27.005 29 17.9021
      vertex 26.7 29 17.7517
    endloop
  endfacet
  facet normal 0 1 0
    outer loop
      vertex -11.504 29 13.2675
      vertex 26.7 29 17.7517
      vertex 26.4172 29 17.5627
    endloop
  endfacet
  facet normal 0 1 0
    outer loop
      vertex -11.504 29 13.2675
      vertex 26.4172 29 17.5627
      vertex 26.1615 29 17.3385
    endloop
  endfacet
  facet normal 0 1 0
    outer loop
      vertex -11.504 29 13.2675
      vertex 26.1615 29 17.3385
      vertex 25.9373 29 17.0828
    endloop
  endfacet
  facet normal 0 1 0
    outer loop
      vertex -11.504 29 13.2675
      vertex 25.9373 29 17.0828
      vertex 25.7483 29 16.8
    endloop
  endfacet
  facet normal 0 1 0
    outer loop
      vertex -11.504 29 13.2675
      vertex 25.7483 29 16.8
      vertex 25.5979 29 16.495
    endloop
  endfacet
  facet normal 0 1 0
    outer loop
      vertex -11.504 29 13.2675
      vertex 25.5979 29 16.495
      vertex 25.4886 29 16.1729
    endloop
  endfacet
  facet normal 0 1 0
    outer loop
      vertex -11.504 29 13.2675
      vertex 25.4886 29 16.1729
      vertex 25.4222 29 15.8394
    endloop
  endfacet
  facet normal 0 1 0
    outer loop
      vertex -11.504 29 13.2675
      vertex 25.4222 29 15.8394
      vertex 25.4 29 15.5
    endloop
  endfacet
  facet normal 0 1 0
    outer loop
      vertex -11.504 29 13.2675
      vertex 25.4 29 15.5
      vertex 25.4222 29 15.1606
    endloop
  endfacet
  facet normal 0 1 0
    outer loop
      vertex -11.504 29 13.2675
      vertex 25.4222 29 15.1606
      vertex 25.4886 29 14.8271
    endloop
  endfacet
  facet normal 0 1 0
    outer loop
      vertex -11.504 29 13.2675
      vertex 25.4886 29 14.8271
      vertex 25.5979 29 14.505
    endloop
  endfacet
  facet normal 0 1 0
    outer loop
      vertex -11.504 29 13.2675
      vertex 25.5979 29 14.505
      vertex 25.7483 29 14.2
    endloop
  endfacet
  facet normal 0 1 0
    outer loop
      vertex -11.504 29 13.2675
      vertex 25.7483 29 14.2
      vertex 25.9373 29 13.9172
    endloop
  endfacet
  facet normal 0 1 0
    outer loop
      vertex -11.504 29 13.2675
      vertex 25.9373 29 13.9172
      vertex 26.1615 29 13.6615
    endloop
  endfacet
  facet normal 0 1 0
    outer loop
      vertex 19.6162 29 8.34411
      vertex 26.1615 29 13.6615
      vertex 26.4172 29 13.4373
    endloop
  endfacet
  facet normal 0 1 -0
    outer loop
      vertex -11.504 29 13.2675
      vertex -46 29 32.5
      vertex 46 29 32.5
    endloop
  endfacet
  facet normal 0 1 -0
    outer loop
      vertex -12.496 29 13.2675
      vertex -46 29 32.5
      vertex -12 29 13.3
    endloop
  endfacet
  facet normal 0 1 -0
    outer loop
      vertex -12.9835 29 13.1705
      vertex -46 29 32.5
      vertex -12.496 29 13.2675
    endloop
  endfacet
  facet normal 0 1 -0
    outer loop
      vertex -13.4542 29 13.0107
      vertex -46 29 32.5
      vertex -12.9835 29 13.1705
    endloop
  endfacet
  facet normal 0 1 -0
    outer loop
      vertex -13.9 29 12.7909
      vertex -46 29 32.5
      vertex -13.4542 29 13.0107
    endloop
  endfacet
  facet normal 0 1 -0
    outer loop
      vertex -14.3133 29 12.5147
      vertex -46 29 32.5
      vertex -13.9 29 12.7909
    endloop
  endfacet
  facet normal 0 1 -0
    outer loop
      vertex -14.687 29 12.187
      vertex -46 29 32.5
      vertex -14.3133 29 12.5147
    endloop
  endfacet
  facet normal 0 1 -0
    outer loop
      vertex -15.0147 29 11.8133
      vertex -46 29 32.5
      vertex -14.687 29 12.187
    endloop
  endfacet
  facet normal 0 1 -0
    outer loop
      vertex -15.2909 29 11.4
      vertex -46 29 32.5
      vertex -15.0147 29 11.8133
    endloop
  endfacet
  facet normal 0 1 -0
    outer loop
      vertex -15.5107 29 10.9542
      vertex -46 29 32.5
      vertex -15.2909 29 11.4
    endloop
  endfacet
  facet normal 0 1 -0
    outer loop
      vertex -15.6705 29 10.4835
      vertex -46 29 32.5
      vertex -15.5107 29 10.9542
    endloop
  endfacet
  facet normal 0 1 0
    outer loop
      vertex -32 29 -4.4
      vertex -15.6705 29 10.4835
      vertex -15.7675 29 9.996
    endloop
  endfacet
  facet normal 0 1 0
    outer loop
      vertex -32 29 -4.4
      vertex -15.7675 29 9.996
      vertex -15.8 29 9.5
    endloop
  endfacet
  facet normal 0 1 0
    outer loop
      vertex -30.6817 29 -4.48641
      vertex -15.8 29 9.5
      vertex -15.7675 29 9.004
    endloop
  endfacet
  facet normal 0 1 0
    outer loop
      vertex -30.6817 29 -4.48641
      vertex -15.7675 29 9.004
      vertex -15.6705 29 8.51649
    endloop
  endfacet
  facet normal 0 1 0
    outer loop
      vertex -30.6817 29 -4.48641
      vertex -15.6705 29 8.51649
      vertex -15.5107 29 8.0458
    endloop
  endfacet
  facet normal 0 1 0
    outer loop
      vertex -30.6817 29 -4.48641
      vertex -15.5107 29 8.0458
      vertex -15.2909 29 7.6
    endloop
  endfacet
  facet normal 0 1 0
    outer loop
      vertex -30.6817 29 -4.48641
      vertex -15.2909 29 7.6
      vertex -15.0147 29 7.18671
    endloop
  endfacet
  facet normal 0 1 0
    outer loop
      vertex -30.6817 29 -4.48641
      vertex -15.0147 29 7.18671
      vertex -14.687 29 6.81299
    endloop
  endfacet
  facet normal 0 1 0
    outer loop
      vertex -30.6817 29 -4.48641
      vertex -14.687 29 6.81299
      vertex -14.3133 29 6.48526
    endloop
  endfacet
  facet normal 0 1 0
    outer loop
      vertex -10.1 29 6.2091
      vertex 2.72711 29 0.015337
      vertex -10.5458 29 5.98926
    endloop
  endfacet
  facet normal 0 1 0
    outer loop
      vertex 3.13076 29 -1.17376
      vertex -10.5458 29 5.98926
      vertex 2.72711 29 0.015337
    endloop
  endfacet
  facet normal 0 1 0
    outer loop
      vertex -10.5458 29 5.98926
      vertex 3.13076 29 -1.17376
      vertex -11.0165 29 5.82948
    endloop
  endfacet
  facet normal 0 1 0
    outer loop
      vertex -11.0165 29 5.82948
      vertex 3.13076 29 -1.17376
      vertex -11.504 29 5.73251
    endloop
  endfacet
  facet normal 0 1 0
    outer loop
      vertex 3.68616 29 -2.3
      vertex -11.504 29 5.73251
      vertex 3.13076 29 -1.17376
    endloop
  endfacet
  facet normal 0 1 0
    outer loop
      vertex -11.504 29 5.73251
      vertex 3.68616 29 -2.3
      vertex -12 29 5.7
    endloop
  endfacet
  facet normal 0 1 0
    outer loop
      vertex 4.38381 29 -3.34411
      vertex -12 29 5.7
      vertex 3.68616 29 -2.3
    endloop
  endfacet
  facet normal 0 1 0
    outer loop
      vertex -30.6817 29 -4.48641
      vertex -12 29 5.7
      vertex 4.38381 29 -3.34411
    endloop
  endfacet
  facet normal 0 1 0
    outer loop
      vertex -30.6817 29 -4.48641
      vertex -12.496 29 5.73251
      vertex -12 29 5.7
    endloop
  endfacet
  facet normal 0 1 0
    outer loop
      vertex -30.6817 29 -4.48641
      vertex -12.9835 29 5.82948
      vertex -12.496 29 5.73251
    endloop
  endfacet
  facet normal 0 1 0
    outer loop
      vertex -30.6817 29 -4.48641
      vertex -13.4542 29 5.98926
      vertex -12.9835 29 5.82948
    endloop
  endfacet
  facet normal 0 1 0
    outer loop
      vertex -21.9 29 -14.5
      vertex 4.38381 29 -3.34411
      vertex 5.21177 29 -4.28822
    endloop
  endfacet
  facet normal 0 1 0
    outer loop
      vertex -30.6817 29 -4.48641
      vertex -13.9 29 6.2091
      vertex -13.4542 29 5.98926
    endloop
  endfacet
  facet normal 0 1 0
    outer loop
      vertex -30.6817 29 -4.48641
      vertex -14.3133 29 6.48526
      vertex -13.9 29 6.2091
    endloop
  endfacet
  facet normal 0 1 0
    outer loop
      vertex -15.6705 29 10.4835
      vertex -32 29 -4.4
      vertex -33.3183 29 -4.48641
    endloop
  endfacet
  facet normal 0 1 0
    outer loop
      vertex -15.6705 29 10.4835
      vertex -33.3183 29 -4.48641
      vertex -46 29 32.5
    endloop
  endfacet
  facet normal 0 1 -0
    outer loop
      vertex -34.6141 29 -4.74415
      vertex -46 29 32.5
      vertex -33.3183 29 -4.48641
    endloop
  endfacet
  facet normal 0 1 -0
    outer loop
      vertex -35.8651 29 -5.16882
      vertex -46 29 32.5
      vertex -34.6141 29 -4.74415
    endloop
  endfacet
  facet normal 0 1 -0
    outer loop
      vertex -37.05 29 -5.75314
      vertex -46 29 32.5
      vertex -35.8651 29 -5.16882
    endloop
  endfacet
  facet normal 0 1 -0
    outer loop
      vertex -38.1485 29 -6.48713
      vertex -46 29 32.5
      vertex -37.05 29 -5.75314
    endloop
  endfacet
  facet normal 0 1 -0
    outer loop
      vertex -39.1418 29 -7.35822
      vertex -46 29 32.5
      vertex -38.1485 29 -6.48713
    endloop
  endfacet
  facet normal 0 1 -0
    outer loop
      vertex -40.0129 29 -8.35151
      vertex -46 29 32.5
      vertex -39.1418 29 -7.35822
    endloop
  endfacet
  facet normal 0 1 -0
    outer loop
      vertex -40.7469 29 -9.45
      vertex -46 29 32.5
      vertex -40.0129 29 -8.35151
    endloop
  endfacet
  facet normal 0 1 -0
    outer loop
      vertex -41.3312 29 -10.6349
      vertex -46 29 32.5
      vertex -40.7469 29 -9.45
    endloop
  endfacet
  facet normal 0 1 -0
    outer loop
      vertex -41.7559 29 -11.8859
      vertex -46 29 32.5
      vertex -41.3312 29 -10.6349
    endloop
  endfacet
  facet normal 0 1 -0
    outer loop
      vertex -42.0136 29 -13.1817
      vertex -46 29 32.5
      vertex -41.7559 29 -11.8859
    endloop
  endfacet
  facet normal 0 1 0
    outer loop
      vertex -46 29 -32.5
      vertex -42.0136 29 -13.1817
      vertex -42.1 29 -14.5
    endloop
  endfacet
  facet normal 0 1 0
    outer loop
      vertex -46 29 -32.5
      vertex -42.1 29 -14.5
      vertex -42.0136 29 -15.8183
    endloop
  endfacet
  facet normal 0 1 0
    outer loop
      vertex -30.6817 29 -24.5136
      vertex -46 29 -32.5
      vertex -32 29 -24.6
    endloop
  endfacet
  facet normal 0 1 0
    outer loop
      vertex -42.0136 29 -13.1817
      vertex -46 29 -32.5
      vertex -46 29 32.5
    endloop
  endfacet
  facet normal 0 1 0
    outer loop
      vertex -41.7559 29 -17.1141
      vertex -46 29 -32.5
      vertex -42.0136 29 -15.8183
    endloop
  endfacet
  facet normal 0 1 0
    outer loop
      vertex -41.3312 29 -18.3651
      vertex -46 29 -32.5
      vertex -41.7559 29 -17.1141
    endloop
  endfacet
  facet normal 0 1 0
    outer loop
      vertex -40.7469 29 -19.55
      vertex -46 29 -32.5
      vertex -41.3312 29 -18.3651
    endloop
  endfacet
  facet normal 0 1 0
    outer loop
      vertex -40.0129 29 -20.6485
      vertex -46 29 -32.5
      vertex -40.7469 29 -19.55
    endloop
  endfacet
  facet normal 0 1 0
    outer loop
      vertex -39.1418 29 -21.6418
      vertex -46 29 -32.5
      vertex -40.0129 29 -20.6485
    endloop
  endfacet
  facet normal 0 1 0
    outer loop
      vertex -38.1485 29 -22.5129
      vertex -46 29 -32.5
      vertex -39.1418 29 -21.6418
    endloop
  endfacet
  facet normal 0 1 0
    outer loop
      vertex -37.05 29 -23.2469
      vertex -46 29 -32.5
      vertex -38.1485 29 -22.5129
    endloop
  endfacet
  facet normal 0 1 0
    outer loop
      vertex -35.8651 29 -23.8312
      vertex -46 29 -32.5
      vertex -37.05 29 -23.2469
    endloop
  endfacet
  facet normal 0 1 0
    outer loop
      vertex -34.6141 29 -24.2559
      vertex -46 29 -32.5
      vertex -35.8651 29 -23.8312
    endloop
  endfacet
  facet normal 0 1 0
    outer loop
      vertex -33.3183 29 -24.5136
      vertex -46 29 -32.5
      vertex -34.6141 29 -24.2559
    endloop
  endfacet
  facet normal 0 1 0
    outer loop
      vertex -32 29 -24.6
      vertex -46 29 -32.5
      vertex -33.3183 29 -24.5136
    endloop
  endfacet
  facet normal 0 1 -0
    outer loop
      vertex 8.32624 29 11.3692
      vertex -10.1 29 12.7909
      vertex 9.51534 29 11.7729
    endloop
  endfacet
  facet normal 0 1 0
    outer loop
      vertex -10.1 29 12.7909
      vertex 8.32624 29 11.3692
      vertex -9.68671 29 12.5147
    endloop
  endfacet
  facet normal 0 1 -0
    outer loop
      vertex 7.2 29 10.8138
      vertex -9.68671 29 12.5147
      vertex 8.32624 29 11.3692
    endloop
  endfacet
  facet normal 0 1 0
    outer loop
      vertex -9.68671 29 12.5147
      vertex 7.2 29 10.8138
      vertex -9.31299 29 12.187
    endloop
  endfacet
  facet normal 0 1 -0
    outer loop
      vertex 6.15589 29 10.1162
      vertex -9.31299 29 12.187
      vertex 7.2 29 10.8138
    endloop
  endfacet
  facet normal 0 1 0
    outer loop
      vertex -9.31299 29 12.187
      vertex 6.15589 29 10.1162
      vertex -8.98526 29 11.8133
    endloop
  endfacet
  facet normal 0 1 0
    outer loop
      vertex -8.98526 29 11.8133
      vertex 6.15589 29 10.1162
      vertex -8.7091 29 11.4
    endloop
  endfacet
  facet normal 0 1 -0
    outer loop
      vertex 5.21177 29 9.28822
      vertex -8.7091 29 11.4
      vertex 6.15589 29 10.1162
    endloop
  endfacet
  facet normal 0 1 0
    outer loop
      vertex -8.7091 29 11.4
      vertex 5.21177 29 9.28822
      vertex -8.48926 29 10.9542
    endloop
  endfacet
  facet normal 0 1 -0
    outer loop
      vertex 4.38381 29 8.34411
      vertex -8.48926 29 10.9542
      vertex 5.21177 29 9.28822
    endloop
  endfacet
  facet normal 0 1 0
    outer loop
      vertex -8.48926 29 10.9542
      vertex 4.38381 29 8.34411
      vertex -8.32948 29 10.4835
    endloop
  endfacet
  facet normal 0 1 0
    outer loop
      vertex -8.32948 29 10.4835
      vertex 4.38381 29 8.34411
      vertex -8.23251 29 9.996
    endloop
  endfacet
  facet normal 0 1 -0
    outer loop
      vertex 3.68616 29 7.3
      vertex -8.23251 29 9.996
      vertex 4.38381 29 8.34411
    endloop
  endfacet
  facet normal 0 1 0
    outer loop
      vertex -8.23251 29 9.996
      vertex 3.68616 29 7.3
      vertex -8.2 29 9.5
    endloop
  endfacet
  facet normal 0 1 -0
    outer loop
      vertex 3.13076 29 6.17376
      vertex -8.2 29 9.5
      vertex 3.68616 29 7.3
    endloop
  endfacet
  facet normal 0 1 0
    outer loop
      vertex -8.2 29 9.5
      vertex 3.13076 29 6.17376
      vertex -8.23251 29 9.004
    endloop
  endfacet
  facet normal 0 1 0
    outer loop
      vertex -8.23251 29 9.004
      vertex 3.13076 29 6.17376
      vertex -8.32948 29 8.51649
    endloop
  endfacet
  facet normal 0 1 -0
    outer loop
      vertex 2.72711 29 4.98466
      vertex -8.32948 29 8.51649
      vertex 3.13076 29 6.17376
    endloop
  endfacet
  facet normal 0 1 0
    outer loop
      vertex -8.32948 29 8.51649
      vertex 2.72711 29 4.98466
      vertex -8.48926 29 8.0458
    endloop
  endfacet
  facet normal 0 1 -0
    outer loop
      vertex 2.48213 29 3.75305
      vertex -8.48926 29 8.0458
      vertex 2.72711 29 4.98466
    endloop
  endfacet
  facet normal 0 1 0
    outer loop
      vertex -8.48926 29 8.0458
      vertex 2.48213 29 3.75305
      vertex -8.7091 29 7.6
    endloop
  endfacet
  facet normal 0 1 0
    outer loop
      vertex -8.7091 29 7.6
      vertex 2.48213 29 3.75305
      vertex -8.98526 29 7.18671
    endloop
  endfacet
  facet normal 0 1 -0
    outer loop
      vertex 2.4 29 2.5
      vertex -8.98526 29 7.18671
      vertex 2.48213 29 3.75305
    endloop
  endfacet
  facet normal 0 1 0
    outer loop
      vertex -8.98526 29 7.18671
      vertex 2.4 29 2.5
      vertex -9.31299 29 6.81299
    endloop
  endfacet
  facet normal 0 1 0
    outer loop
      vertex 2.48213 29 1.24695
      vertex -9.31299 29 6.81299
      vertex 2.4 29 2.5
    endloop
  endfacet
  facet normal 0 1 0
    outer loop
      vertex -9.31299 29 6.81299
      vertex 2.48213 29 1.24695
      vertex -9.68671 29 6.48526
    endloop
  endfacet
  facet normal 0 1 0
    outer loop
      vertex -9.68671 29 6.48526
      vertex 2.48213 29 1.24695
      vertex -10.1 29 6.2091
    endloop
  endfacet
  facet normal 0 1 0
    outer loop
      vertex 2.72711 29 0.015337
      vertex -10.1 29 6.2091
      vertex 2.48213 29 1.24695
    endloop
  endfacet
  facet normal 0 0 -1
    outer loop
      vertex -46 -29 -32.5
      vertex 46 29 -32.5
      vertex 46 -29 -32.5
    endloop
  endfacet
  facet normal -0 0 -1
    outer loop
      vertex 46 29 -32.5
      vertex -46 -29 -32.5
      vertex -46 29 -32.5
    endloop
  endfacet
  facet normal 0 -1 0
    outer loop
      vertex 11 -29 -22.5
      vertex 13 -29 -18.5
      vertex 11 -29 -18.5
    endloop
  endfacet
  facet normal 0 -1 -0
    outer loop
      vertex 13 -29 -18.5
      vertex 11 -29 -22.5
      vertex 13 -29 -22.5
    endloop
  endfacet
  facet normal 0 -1 0
    outer loop
      vertex -1 -29 -22.5
      vertex 1 -29 -18.5
      vertex -1 -29 -18.5
    endloop
  endfacet
  facet normal 0 -1 -0
    outer loop
      vertex 1 -29 -18.5
      vertex -1 -29 -22.5
      vertex 1 -29 -22.5
    endloop
  endfacet
  facet normal 0 -1 0
    outer loop
      vertex -13 -29 -22.5
      vertex -11 -29 -18.5
      vertex -13 -29 -18.5
    endloop
  endfacet
  facet normal 0 -1 -0
    outer loop
      vertex -11 -29 -18.5
      vertex -13 -29 -22.5
      vertex -11 -29 -22.5
    endloop
  endfacet
  facet normal 0 -1 0
    outer loop
      vertex 0 -29 -6.4
      vertex 46 -29 32.5
      vertex -46 -29 32.5
    endloop
  endfacet
  facet normal 0 -1 0
    outer loop
      vertex 46 -29 32.5
      vertex 21.1385 -29 -3.95646
      vertex 22 -29 -3.9
    endloop
  endfacet
  facet normal 0 -1 0
    outer loop
      vertex 46 -29 32.5
      vertex 20.2918 -29 -4.12489
      vertex 21.1385 -29 -3.95646
    endloop
  endfacet
  facet normal -0 -1 0
    outer loop
      vertex 19.4743 -29 -4.40239
      vertex 46 -29 32.5
      vertex 0.535157 -29 -6.43508
    endloop
  endfacet
  facet normal 0 -1 0
    outer loop
      vertex 46 -29 32.5
      vertex 19.4743 -29 -4.40239
      vertex 20.2918 -29 -4.12489
    endloop
  endfacet
  facet normal 0 -1 0
    outer loop
      vertex 1.06116 -29 -6.5397
      vertex 19.4743 -29 -4.40239
      vertex 0.535157 -29 -6.43508
    endloop
  endfacet
  facet normal 0 -1 0
    outer loop
      vertex 19.4743 -29 -4.40239
      vertex 1.06116 -29 -6.5397
      vertex 18.7 -29 -4.78423
    endloop
  endfacet
  facet normal 0 -1 0
    outer loop
      vertex 46 -29 32.5
      vertex 0 -29 -6.4
      vertex 0.535157 -29 -6.43508
    endloop
  endfacet
  facet normal 0 -1 0
    outer loop
      vertex -46 -29 32.5
      vertex -0.535157 -29 -6.43508
      vertex 0 -29 -6.4
    endloop
  endfacet
  facet normal 0 -1 0
    outer loop
      vertex -46 -29 32.5
      vertex -1.06116 -29 -6.5397
      vertex -0.535157 -29 -6.43508
    endloop
  endfacet
  facet normal 0 -1 0
    outer loop
      vertex -46 -29 32.5
      vertex -1.569 -29 -6.71209
      vertex -1.06116 -29 -6.5397
    endloop
  endfacet
  facet normal 0 -1 0
    outer loop
      vertex -46 -29 32.5
      vertex -2.05 -29 -6.9493
      vertex -1.569 -29 -6.71209
    endloop
  endfacet
  facet normal 0 -1 0
    outer loop
      vertex -46 -29 32.5
      vertex -2.49592 -29 -7.24725
      vertex -2.05 -29 -6.9493
    endloop
  endfacet
  facet normal 0 -1 0
    outer loop
      vertex -46 -29 32.5
      vertex -2.89914 -29 -7.60086
      vertex -2.49592 -29 -7.24725
    endloop
  endfacet
  facet normal 0 -1 0
    outer loop
      vertex -46 -29 32.5
      vertex -3.25275 -29 -8.00408
      vertex -2.89914 -29 -7.60086
    endloop
  endfacet
  facet normal 0 -1 0
    outer loop
      vertex -23 -29 -18.5
      vertex -3.25275 -29 -8.00408
      vertex -46 -29 32.5
    endloop
  endfacet
  facet normal 0 -1 0
    outer loop
      vertex -3.25275 -29 -8.00408
      vertex -23 -29 -18.5
      vertex -3.5507 -29 -8.45
    endloop
  endfacet
  facet normal 0 -1 0
    outer loop
      vertex -3.5507 -29 -8.45
      vertex -23 -29 -18.5
      vertex -3.78791 -29 -8.931
    endloop
  endfacet
  facet normal 0 -1 0
    outer loop
      vertex -3.78791 -29 -8.931
      vertex -23 -29 -18.5
      vertex -3.9603 -29 -9.43884
    endloop
  endfacet
  facet normal 0 -1 0
    outer loop
      vertex -13 -29 -18.5
      vertex -3.9603 -29 -9.43884
      vertex -23 -29 -18.5
    endloop
  endfacet
  facet normal 0 -1 0
    outer loop
      vertex -3.9603 -29 -9.43884
      vertex -13 -29 -18.5
      vertex -4.06492 -29 -9.96484
    endloop
  endfacet
  facet normal 0 -1 0
    outer loop
      vertex -4.06492 -29 -9.96484
      vertex -13 -29 -18.5
      vertex -4.1 -29 -10.5
    endloop
  endfacet
  facet normal 0 -1 0
    outer loop
      vertex -11 -29 -18.5
      vertex -4.1 -29 -10.5
      vertex -13 -29 -18.5
    endloop
  endfacet
  facet normal 0 -1 -0
    outer loop
      vertex -4.1 -29 -10.5
      vertex -11 -29 -18.5
      vertex -4.06492 -29 -11.0352
    endloop
  endfacet
  facet normal 0 -1 -0
    outer loop
      vertex -4.06492 -29 -11.0352
      vertex -11 -29 -18.5
      vertex -3.9603 -29 -11.5612
    endloop
  endfacet
  facet normal 0 -1 -0
    outer loop
      vertex -3.9603 -29 -11.5612
      vertex -11 -29 -18.5
      vertex -3.78791 -29 -12.069
    endloop
  endfacet
  facet normal 0 -1 0
    outer loop
      vertex 2.05 -29 -14.0507
      vertex 17.9822 -29 -15.7361
      vertex 17.3331 -29 -15.1669
    endloop
  endfacet
  facet normal 0 -1 0
    outer loop
      vertex 0.535157 -29 -14.5649
      vertex 11 -29 -18.5
      vertex 17.9822 -29 -15.7361
    endloop
  endfacet
  facet normal 0 -1 0
    outer loop
      vertex -1 -29 -18.5
      vertex 0 -29 -14.6
      vertex -0.535157 -29 -14.5649
    endloop
  endfacet
  facet normal 0 -1 0
    outer loop
      vertex 13 -29 -18.5
      vertex 17.9822 -29 -15.7361
      vertex 11 -29 -18.5
    endloop
  endfacet
  facet normal 0 -1 -0
    outer loop
      vertex 17.9822 -29 -15.7361
      vertex 13 -29 -18.5
      vertex 18.7 -29 -16.2158
    endloop
  endfacet
  facet normal 0 -1 -0
    outer loop
      vertex 19.4743 -29 -16.5976
      vertex 13 -29 -18.5
      vertex 20.2918 -29 -16.8751
    endloop
  endfacet
  facet normal 0 -1 0
    outer loop
      vertex -1.569 -29 -14.2879
      vertex -1 -29 -18.5
      vertex -1.06116 -29 -14.4603
    endloop
  endfacet
  facet normal 0 -1 0
    outer loop
      vertex -2.05 -29 -14.0507
      vertex -1 -29 -18.5
      vertex -1.569 -29 -14.2879
    endloop
  endfacet
  facet normal 0 -1 0
    outer loop
      vertex -2.49592 -29 -13.7527
      vertex -1 -29 -18.5
      vertex -2.05 -29 -14.0507
    endloop
  endfacet
  facet normal 0 -1 0
    outer loop
      vertex -1 -29 -18.5
      vertex -2.49592 -29 -13.7527
      vertex -11 -29 -18.5
    endloop
  endfacet
  facet normal 0 -1 -0
    outer loop
      vertex -2.89914 -29 -13.3991
      vertex -11 -29 -18.5
      vertex -2.49592 -29 -13.7527
    endloop
  endfacet
  facet normal 0 -1 -0
    outer loop
      vertex -3.25275 -29 -12.9959
      vertex -11 -29 -18.5
      vertex -2.89914 -29 -13.3991
    endloop
  endfacet
  facet normal 0 -1 -0
    outer loop
      vertex -3.5507 -29 -12.55
      vertex -11 -29 -18.5
      vertex -3.25275 -29 -12.9959
    endloop
  endfacet
  facet normal 0 -1 -0
    outer loop
      vertex -3.78791 -29 -12.069
      vertex -11 -29 -18.5
      vertex -3.5507 -29 -12.55
    endloop
  endfacet
  facet normal 0 -1 0
    outer loop
      vertex -46 -29 -32.5
      vertex -23 -29 -18.5
      vertex -46 -29 32.5
    endloop
  endfacet
  facet normal 0 -1 0
    outer loop
      vertex -46 -29 -32.5
      vertex -13 -29 -22.5
      vertex -23 -29 -22.5
    endloop
  endfacet
  facet normal 0 -1 -0
    outer loop
      vertex -13 -29 -22.5
      vertex -46 -29 -32.5
      vertex -11 -29 -22.5
    endloop
  endfacet
  facet normal 0 -1 -0
    outer loop
      vertex -11 -29 -22.5
      vertex -46 -29 -32.5
      vertex -1 -29 -22.5
    endloop
  endfacet
  facet normal 0 -1 -0
    outer loop
      vertex -1 -29 -22.5
      vertex -46 -29 -32.5
      vertex 1 -29 -22.5
    endloop
  endfacet
  facet normal 0 -1 0
    outer loop
      vertex 46 -29 -32.5
      vertex 1 -29 -22.5
      vertex -46 -29 -32.5
    endloop
  endfacet
  facet normal 0 -1 0
    outer loop
      vertex 1 -29 -22.5
      vertex 46 -29 -32.5
      vertex 11 -29 -22.5
    endloop
  endfacet
  facet normal 0 -1 0
    outer loop
      vertex 11 -29 -22.5
      vertex 46 -29 -32.5
      vertex 13 -29 -22.5
    endloop
  endfacet
  facet normal 0 -1 -0
    outer loop
      vertex -23 -29 -18.5
      vertex -46 -29 -32.5
      vertex -23 -29 -22.5
    endloop
  endfacet
  facet normal 0 -1 0
    outer loop
      vertex 22.8615 -29 -3.95646
      vertex 46 -29 32.5
      vertex 22 -29 -3.9
    endloop
  endfacet
  facet normal 0 -1 0
    outer loop
      vertex 23.7082 -29 -4.12489
      vertex 46 -29 32.5
      vertex 22.8615 -29 -3.95646
    endloop
  endfacet
  facet normal 0 -1 0
    outer loop
      vertex 24.5257 -29 -4.40239
      vertex 46 -29 32.5
      vertex 23.7082 -29 -4.12489
    endloop
  endfacet
  facet normal 0 -1 0
    outer loop
      vertex 25.3 -29 -4.78423
      vertex 46 -29 32.5
      vertex 24.5257 -29 -4.40239
    endloop
  endfacet
  facet normal 0 -1 0
    outer loop
      vertex 26.0178 -29 -5.26387
      vertex 46 -29 32.5
      vertex 25.3 -29 -4.78423
    endloop
  endfacet
  facet normal 0 -1 0
    outer loop
      vertex 26.6669 -29 -5.83309
      vertex 46 -29 32.5
      vertex 26.0178 -29 -5.26387
    endloop
  endfacet
  facet normal 0 -1 0
    outer loop
      vertex 27.2361 -29 -6.48217
      vertex 46 -29 32.5
      vertex 26.6669 -29 -5.83309
    endloop
  endfacet
  facet normal 0 -1 0
    outer loop
      vertex 27.7158 -29 -7.2
      vertex 46 -29 32.5
      vertex 27.2361 -29 -6.48217
    endloop
  endfacet
  facet normal 0 -1 0
    outer loop
      vertex 28.0976 -29 -7.97429
      vertex 46 -29 32.5
      vertex 27.7158 -29 -7.2
    endloop
  endfacet
  facet normal 0 -1 0
    outer loop
      vertex 28.3751 -29 -8.79179
      vertex 46 -29 32.5
      vertex 28.0976 -29 -7.97429
    endloop
  endfacet
  facet normal 0 -1 0
    outer loop
      vertex 46 -29 -32.5
      vertex 28.3751 -29 -8.79179
      vertex 28.5435 -29 -9.63853
    endloop
  endfacet
  facet normal 0 -1 0
    outer loop
      vertex 46 -29 -32.5
      vertex 28.5435 -29 -9.63853
      vertex 28.6 -29 -10.5
    endloop
  endfacet
  facet normal 0 -1 0
    outer loop
      vertex 46 -29 -32.5
      vertex 28.6 -29 -10.5
      vertex 28.5435 -29 -11.3615
    endloop
  endfacet
  facet normal 0 -1 0
    outer loop
      vertex 46 -29 -32.5
      vertex 28.5435 -29 -11.3615
      vertex 28.3751 -29 -12.2082
    endloop
  endfacet
  facet normal 0 -1 0
    outer loop
      vertex 46 -29 -32.5
      vertex 28.3751 -29 -12.2082
      vertex 28.0976 -29 -13.0257
    endloop
  endfacet
  facet normal 0 -1 0
    outer loop
      vertex -1.06116 -29 -14.4603
      vertex -1 -29 -18.5
      vertex -0.535157 -29 -14.5649
    endloop
  endfacet
  facet normal 0 -1 -0
    outer loop
      vertex 0 -29 -14.6
      vertex -1 -29 -18.5
      vertex 1 -29 -18.5
    endloop
  endfacet
  facet normal 0 -1 0
    outer loop
      vertex 0.535157 -29 -14.5649
      vertex 1 -29 -18.5
      vertex 11 -29 -18.5
    endloop
  endfacet
  facet normal 0 -1 -0
    outer loop
      vertex 18.7 -29 -16.2158
      vertex 13 -29 -18.5
      vertex 19.4743 -29 -16.5976
    endloop
  endfacet
  facet normal 0 -1 0
    outer loop
      vertex 23 -29 -18.5
      vertex 20.2918 -29 -16.8751
      vertex 13 -29 -18.5
    endloop
  endfacet
  facet normal 0 -1 0
    outer loop
      vertex 20.2918 -29 -16.8751
      vertex 23 -29 -18.5
      vertex 21.1385 -29 -17.0435
    endloop
  endfacet
  facet normal 0 -1 0
    outer loop
      vertex 21.1385 -29 -17.0435
      vertex 23 -29 -18.5
      vertex 22 -29 -17.1
    endloop
  endfacet
  facet normal 0 -1 0
    outer loop
      vertex 22 -29 -17.1
      vertex 23 -29 -18.5
      vertex 22.8615 -29 -17.0435
    endloop
  endfacet
  facet normal 0 -1 0
    outer loop
      vertex 23 -29 -18.5
      vertex 23.7082 -29 -16.8751
      vertex 22.8615 -29 -17.0435
    endloop
  endfacet
  facet normal 0 -1 0
    outer loop
      vertex 23 -29 -18.5
      vertex 24.5257 -29 -16.5976
      vertex 23.7082 -29 -16.8751
    endloop
  endfacet
  facet normal 0 -1 0
    outer loop
      vertex 23 -29 -18.5
      vertex 25.3 -29 -16.2158
      vertex 24.5257 -29 -16.5976
    endloop
  endfacet
  facet normal 0 -1 0
    outer loop
      vertex 23 -29 -22.5
      vertex 25.3 -29 -16.2158
      vertex 23 -29 -18.5
    endloop
  endfacet
  facet normal 0 -1 -0
    outer loop
      vertex 25.3 -29 -16.2158
      vertex 23 -29 -22.5
      vertex 26.0178 -29 -15.7361
    endloop
  endfacet
  facet normal 0 -1 -0
    outer loop
      vertex 26.0178 -29 -15.7361
      vertex 23 -29 -22.5
      vertex 26.6669 -29 -15.1669
    endloop
  endfacet
  facet normal 0 -1 0
    outer loop
      vertex 46 -29 -32.5
      vertex 26.6669 -29 -15.1669
      vertex 23 -29 -22.5
    endloop
  endfacet
  facet normal 0 -1 0
    outer loop
      vertex 26.6669 -29 -15.1669
      vertex 46 -29 -32.5
      vertex 27.2361 -29 -14.5178
    endloop
  endfacet
  facet normal 0 -1 0
    outer loop
      vertex 28.3751 -29 -8.79179
      vertex 46 -29 -32.5
      vertex 46 -29 32.5
    endloop
  endfacet
  facet normal 0 -1 0
    outer loop
      vertex 27.7158 -29 -13.8
      vertex 46 -29 -32.5
      vertex 28.0976 -29 -13.0257
    endloop
  endfacet
  facet normal 0 -1 0
    outer loop
      vertex 27.2361 -29 -14.5178
      vertex 46 -29 -32.5
      vertex 27.7158 -29 -13.8
    endloop
  endfacet
  facet normal 0 -1 0
    outer loop
      vertex 13 -29 -22.5
      vertex 46 -29 -32.5
      vertex 23 -29 -22.5
    endloop
  endfacet
  facet normal 0 -1 0
    outer loop
      vertex 1.569 -29 -6.71209
      vertex 18.7 -29 -4.78423
      vertex 1.06116 -29 -6.5397
    endloop
  endfacet
  facet normal 0 -1 0
    outer loop
      vertex 18.7 -29 -4.78423
      vertex 1.569 -29 -6.71209
      vertex 17.9822 -29 -5.26387
    endloop
  endfacet
  facet normal 0 -1 0
    outer loop
      vertex 2.05 -29 -6.9493
      vertex 17.9822 -29 -5.26387
      vertex 1.569 -29 -6.71209
    endloop
  endfacet
  facet normal 0 -1 0
    outer loop
      vertex 17.9822 -29 -5.26387
      vertex 2.05 -29 -6.9493
      vertex 17.3331 -29 -5.83309
    endloop
  endfacet
  facet normal 0 -1 0
    outer loop
      vertex 2.49592 -29 -7.24725
      vertex 17.3331 -29 -5.83309
      vertex 2.05 -29 -6.9493
    endloop
  endfacet
  facet normal 0 -1 0
    outer loop
      vertex 17.3331 -29 -5.83309
      vertex 2.49592 -29 -7.24725
      vertex 16.7639 -29 -6.48217
    endloop
  endfacet
  facet normal 0 -1 0
    outer loop
      vertex 2.89914 -29 -7.60086
      vertex 16.7639 -29 -6.48217
      vertex 2.49592 -29 -7.24725
    endloop
  endfacet
  facet normal 0 -1 0
    outer loop
      vertex 16.7639 -29 -6.48217
      vertex 2.89914 -29 -7.60086
      vertex 16.2842 -29 -7.2
    endloop
  endfacet
  facet normal 0 -1 0
    outer loop
      vertex 3.25275 -29 -8.00408
      vertex 16.2842 -29 -7.2
      vertex 2.89914 -29 -7.60086
    endloop
  endfacet
  facet normal 0 -1 0
    outer loop
      vertex 3.5507 -29 -8.45
      vertex 16.2842 -29 -7.2
      vertex 3.25275 -29 -8.00408
    endloop
  endfacet
  facet normal 0 -1 0
    outer loop
      vertex 16.2842 -29 -7.2
      vertex 3.5507 -29 -8.45
      vertex 15.9024 -29 -7.97429
    endloop
  endfacet
  facet normal 0 -1 0
    outer loop
      vertex 3.78791 -29 -8.931
      vertex 15.9024 -29 -7.97429
      vertex 3.5507 -29 -8.45
    endloop
  endfacet
  facet normal 0 -1 0
    outer loop
      vertex 15.9024 -29 -7.97429
      vertex 3.78791 -29 -8.931
      vertex 15.6249 -29 -8.79179
    endloop
  endfacet
  facet normal 0 -1 0
    outer loop
      vertex 3.9603 -29 -9.43884
      vertex 15.6249 -29 -8.79179
      vertex 3.78791 -29 -8.931
    endloop
  endfacet
  facet normal 0 -1 0
    outer loop
      vertex 3.9603 -29 -9.43884
      vertex 15.4565 -29 -9.63853
      vertex 15.6249 -29 -8.79179
    endloop
  endfacet
  facet normal 0 -1 0
    outer loop
      vertex 4.06492 -29 -9.96484
      vertex 15.4565 -29 -9.63853
      vertex 3.9603 -29 -9.43884
    endloop
  endfacet
  facet normal 0 -1 0
    outer loop
      vertex 15.4 -29 -10.5
      vertex 4.06492 -29 -9.96484
      vertex 4.1 -29 -10.5
    endloop
  endfacet
  facet normal 0 -1 0
    outer loop
      vertex 4.06492 -29 -9.96484
      vertex 15.4 -29 -10.5
      vertex 15.4565 -29 -9.63853
    endloop
  endfacet
  facet normal 0 -1 0
    outer loop
      vertex 4.06492 -29 -11.0352
      vertex 15.4 -29 -10.5
      vertex 4.1 -29 -10.5
    endloop
  endfacet
  facet normal 0 -1 0
    outer loop
      vertex 4.06492 -29 -11.0352
      vertex 15.4565 -29 -11.3615
      vertex 15.4 -29 -10.5
    endloop
  endfacet
  facet normal 0 -1 0
    outer loop
      vertex 3.9603 -29 -11.5612
      vertex 15.4565 -29 -11.3615
      vertex 4.06492 -29 -11.0352
    endloop
  endfacet
  facet normal 0 -1 0
    outer loop
      vertex 15.6249 -29 -12.2082
      vertex 3.9603 -29 -11.5612
      vertex 3.78791 -29 -12.069
    endloop
  endfacet
  facet normal 0 -1 0
    outer loop
      vertex 3.9603 -29 -11.5612
      vertex 15.6249 -29 -12.2082
      vertex 15.4565 -29 -11.3615
    endloop
  endfacet
  facet normal 0 -1 0
    outer loop
      vertex 15.9024 -29 -13.0257
      vertex 3.78791 -29 -12.069
      vertex 3.5507 -29 -12.55
    endloop
  endfacet
  facet normal 0 -1 0
    outer loop
      vertex 16.2842 -29 -13.8
      vertex 3.5507 -29 -12.55
      vertex 3.25275 -29 -12.9959
    endloop
  endfacet
  facet normal 0 -1 0
    outer loop
      vertex 3.78791 -29 -12.069
      vertex 15.9024 -29 -13.0257
      vertex 15.6249 -29 -12.2082
    endloop
  endfacet
  facet normal 0 -1 0
    outer loop
      vertex 16.2842 -29 -13.8
      vertex 3.25275 -29 -12.9959
      vertex 2.89914 -29 -13.3991
    endloop
  endfacet
  facet normal 0 -1 0
    outer loop
      vertex 16.7639 -29 -14.5178
      vertex 2.89914 -29 -13.3991
      vertex 2.49592 -29 -13.7527
    endloop
  endfacet
  facet normal 0 -1 0
    outer loop
      vertex 3.5507 -29 -12.55
      vertex 16.2842 -29 -13.8
      vertex 15.9024 -29 -13.0257
    endloop
  endfacet
  facet normal 0 -1 0
    outer loop
      vertex 17.3331 -29 -15.1669
      vertex 2.49592 -29 -13.7527
      vertex 2.05 -29 -14.0507
    endloop
  endfacet
  facet normal 0 -1 0
    outer loop
      vertex 17.9822 -29 -15.7361
      vertex 2.05 -29 -14.0507
      vertex 1.569 -29 -14.2879
    endloop
  endfacet
  facet normal 0 -1 0
    outer loop
      vertex 17.9822 -29 -15.7361
      vertex 1.569 -29 -14.2879
      vertex 1.06116 -29 -14.4603
    endloop
  endfacet
  facet normal 0 -1 0
    outer loop
      vertex 2.89914 -29 -13.3991
      vertex 16.7639 -29 -14.5178
      vertex 16.2842 -29 -13.8
    endloop
  endfacet
  facet normal 0 -1 0
    outer loop
      vertex 17.9822 -29 -15.7361
      vertex 1.06116 -29 -14.4603
      vertex 0.535157 -29 -14.5649
    endloop
  endfacet
  facet normal 0 -1 0
    outer loop
      vertex 1 -29 -18.5
      vertex 0.535157 -29 -14.5649
      vertex 0 -29 -14.6
    endloop
  endfacet
  facet normal 0 -1 0
    outer loop
      vertex 2.49592 -29 -13.7527
      vertex 17.3331 -29 -15.1669
      vertex 16.7639 -29 -14.5178
    endloop
  endfacet
  facet normal 1 0 0
    outer loop
      vertex -43.5 26.5 32.5
      vertex -43.5 24.9272 -22
      vertex -43.5 26.5 -30.09
    endloop
  endfacet
  facet normal 1 0 0
    outer loop
      vertex -43.5 26.5 32.5
      vertex -43.5 21.0728 -22
      vertex -43.5 24.9272 -22
    endloop
  endfacet
  facet normal 1 0 0
    outer loop
      vertex -43.5 21.0728 -22
      vertex -43.5 -21.0728 -22
      vertex -43.5 21.0728 -30
    endloop
  endfacet
  facet normal 1 0 0
    outer loop
      vertex -43.5 26.5 32.5
      vertex -43.5 -21.0728 -22
      vertex -43.5 21.0728 -22
    endloop
  endfacet
  facet normal 1 -0 0
    outer loop
      vertex -43.5 -26.5 32.5
      vertex -43.5 -21.0728 -22
      vertex -43.5 26.5 32.5
    endloop
  endfacet
  facet normal 1 0 0
    outer loop
      vertex -43.5 -26.5 -30.09
      vertex -43.5 -24.9272 -22
      vertex -43.5 -26.5 32.5
    endloop
  endfacet
  facet normal 1 0 0
    outer loop
      vertex -43.5 -21.0728 -22
      vertex -43.5 -26.5 32.5
      vertex -43.5 -24.9272 -22
    endloop
  endfacet
  facet normal 1 -0 0
    outer loop
      vertex -43.5 24.9272 -30
      vertex -43.5 26.5 -30.09
      vertex -43.5 24.9272 -22
    endloop
  endfacet
  facet normal 1 -0 0
    outer loop
      vertex -43.5 21.0728 -30
      vertex -43.5 26.5 -30.09
      vertex -43.5 24.9272 -30
    endloop
  endfacet
  facet normal 1 0 0
    outer loop
      vertex -43.5 -21.0728 -30
      vertex -43.5 21.0728 -30
      vertex -43.5 -21.0728 -22
    endloop
  endfacet
  facet normal 1 -0 0
    outer loop
      vertex -43.5 -21.0728 -30
      vertex -43.5 26.5 -30.09
      vertex -43.5 21.0728 -30
    endloop
  endfacet
  facet normal 1 0 0
    outer loop
      vertex -43.5 -26.5 -30.09
      vertex -43.5 -21.0728 -30
      vertex -43.5 -24.9272 -30
    endloop
  endfacet
  facet normal 1 0 0
    outer loop
      vertex -43.5 -21.0728 -30
      vertex -43.5 -26.5 -30.09
      vertex -43.5 26.5 -30.09
    endloop
  endfacet
  facet normal 1 0 0
    outer loop
      vertex -43.5 -24.9272 -22
      vertex -43.5 -26.5 -30.09
      vertex -43.5 -24.9272 -30
    endloop
  endfacet
  facet normal -1 0 0
    outer loop
      vertex 43.5 24.9272 -22
      vertex 43.5 26.5 -30.09
      vertex 43.5 24.9272 -30
    endloop
  endfacet
  facet normal -1 0 0
    outer loop
      vertex 43.5 26.5 -30.09
      vertex 43.5 21.0728 -30
      vertex 43.5 24.9272 -30
    endloop
  endfacet
  facet normal -1 0 0
    outer loop
      vertex 43.5 21.0728 -30
      vertex 43.5 -21.0728 -30
      vertex 43.5 21.0728 -22
    endloop
  endfacet
  facet normal -1 0 0
    outer loop
      vertex 43.5 26.5 -30.09
      vertex 43.5 -21.0728 -30
      vertex 43.5 21.0728 -30
    endloop
  endfacet
  facet normal -1 0 0
    outer loop
      vertex 43.5 -26.5 -30.09
      vertex 43.5 -21.0728 -30
      vertex 43.5 26.5 -30.09
    endloop
  endfacet
  facet normal -1 -0 0
    outer loop
      vertex 43.5 -24.9272 -30
      vertex 43.5 -26.5 -30.09
      vertex 43.5 -24.9272 -22
    endloop
  endfacet
  facet normal -1 -0 0
    outer loop
      vertex 43.5 -21.0728 -30
      vertex 43.5 -26.5 -30.09
      vertex 43.5 -24.9272 -30
    endloop
  endfacet
  facet normal -1 0 0
    outer loop
      vertex 43.5 26.5 -30.09
      vertex 43.5 24.9272 -22
      vertex 43.5 26.5 32.5
    endloop
  endfacet
  facet normal -1 0 0
    outer loop
      vertex 43.5 21.0728 -22
      vertex 43.5 26.5 32.5
      vertex 43.5 24.9272 -22
    endloop
  endfacet
  facet normal -1 0 0
    outer loop
      vertex 43.5 -21.0728 -22
      vertex 43.5 21.0728 -22
      vertex 43.5 -21.0728 -30
    endloop
  endfacet
  facet normal -1 0 0
    outer loop
      vertex 43.5 21.0728 -22
      vertex 43.5 -21.0728 -22
      vertex 43.5 26.5 32.5
    endloop
  endfacet
  facet normal -1 0 0
    outer loop
      vertex 43.5 -26.5 32.5
      vertex 43.5 -21.0728 -22
      vertex 43.5 -24.9272 -22
    endloop
  endfacet
  facet normal -1 0 0
    outer loop
      vertex 43.5 -21.0728 -22
      vertex 43.5 -26.5 32.5
      vertex 43.5 26.5 32.5
    endloop
  endfacet
  facet normal -1 0 0
    outer loop
      vertex 43.5 -26.5 32.5
      vertex 43.5 -24.9272 -22
      vertex 43.5 -26.5 -30.09
    endloop
  endfacet
  facet normal 0 -1 -0
    outer loop
      vertex -33.3183 26.5 -24.5136
      vertex -38.0728 26.5 -30
      vertex -32 26.5 -24.6
    endloop
  endfacet
  facet normal 0 -1 -0
    outer loop
      vertex -34.6141 26.5 -24.2559
      vertex -38.0728 26.5 -30
      vertex -33.3183 26.5 -24.5136
    endloop
  endfacet
  facet normal 0 -1 -0
    outer loop
      vertex -35.8651 26.5 -23.8312
      vertex -38.0728 26.5 -30
      vertex -34.6141 26.5 -24.2559
    endloop
  endfacet
  facet normal 0 -1 -0
    outer loop
      vertex -37.05 26.5 -23.2469
      vertex -38.0728 26.5 -30
      vertex -35.8651 26.5 -23.8312
    endloop
  endfacet
  facet normal 0 -1 0
    outer loop
      vertex -38.0728 26.5 -30
      vertex -37.05 26.5 -23.2469
      vertex -38.0728 26.5 -22.5634
    endloop
  endfacet
  facet normal 0 -1 0
    outer loop
      vertex 38.0728 26.5 -30
      vertex -24.8582 26.5 -21.6418
      vertex -25.8515 26.5 -22.5129
    endloop
  endfacet
  facet normal 0 -1 0
    outer loop
      vertex 38.0728 26.5 -30
      vertex -25.8515 26.5 -22.5129
      vertex -26.95 26.5 -23.2469
    endloop
  endfacet
  facet normal 0 -1 0
    outer loop
      vertex 38.0728 26.5 -30
      vertex -26.95 26.5 -23.2469
      vertex -28.1349 26.5 -23.8312
    endloop
  endfacet
  facet normal 0 -1 0
    outer loop
      vertex -38.0728 26.5 -30
      vertex -28.1349 26.5 -23.8312
      vertex -29.3859 26.5 -24.2559
    endloop
  endfacet
  facet normal 0 -1 0
    outer loop
      vertex -38.0728 26.5 -30
      vertex -29.3859 26.5 -24.2559
      vertex -30.6817 26.5 -24.5136
    endloop
  endfacet
  facet normal 0 -1 0
    outer loop
      vertex -38.0728 26.5 -30
      vertex -30.6817 26.5 -24.5136
      vertex -32 26.5 -24.6
    endloop
  endfacet
  facet normal 0 -1 -0
    outer loop
      vertex -28.1349 26.5 -23.8312
      vertex -38.0728 26.5 -30
      vertex 38.0728 26.5 -30
    endloop
  endfacet
  facet normal 0 -1 0
    outer loop
      vertex -24.8582 26.5 -21.6418
      vertex 38.0728 26.5 -30
      vertex 38.0728 26.5 -22
    endloop
  endfacet
  facet normal 0 -1 -0
    outer loop
      vertex -39.1418 26.5 -21.6418
      vertex -41.9272 26.5 -22
      vertex -38.7333 26.5 -22
    endloop
  endfacet
  facet normal 0 -1 0
    outer loop
      vertex 26.4172 26.5 17.5627
      vertex 10.7469 26.5 12.0179
      vertex 12 26.5 12.1
    endloop
  endfacet
  facet normal 0 -1 0
    outer loop
      vertex 6.15589 26.5 10.1162
      vertex -9.31299 26.5 12.187
      vertex -8.98526 26.5 11.8133
    endloop
  endfacet
  facet normal 0 -1 0
    outer loop
      vertex -9.68671 26.5 12.5147
      vertex 9.51534 26.5 11.7729
      vertex 10.7469 26.5 12.0179
    endloop
  endfacet
  facet normal 0 -1 0
    outer loop
      vertex 6.15589 26.5 10.1162
      vertex -8.98526 26.5 11.8133
      vertex -8.7091 26.5 11.4
    endloop
  endfacet
  facet normal 0 -1 0
    outer loop
      vertex -9.68671 26.5 12.5147
      vertex 8.32624 26.5 11.3692
      vertex 9.51534 26.5 11.7729
    endloop
  endfacet
  facet normal 0 -1 0
    outer loop
      vertex 5.21177 26.5 9.28822
      vertex -8.7091 26.5 11.4
      vertex -8.48926 26.5 10.9542
    endloop
  endfacet
  facet normal 0 -1 0
    outer loop
      vertex -9.68671 26.5 12.5147
      vertex 7.2 26.5 10.8138
      vertex 8.32624 26.5 11.3692
    endloop
  endfacet
  facet normal 0 -1 0
    outer loop
      vertex 4.38381 26.5 8.34411
      vertex -8.48926 26.5 10.9542
      vertex -8.32948 26.5 10.4835
    endloop
  endfacet
  facet normal 0 -1 0
    outer loop
      vertex -9.31299 26.5 12.187
      vertex 6.15589 26.5 10.1162
      vertex 7.2 26.5 10.8138
    endloop
  endfacet
  facet normal 0 -1 0
    outer loop
      vertex 4.38381 26.5 8.34411
      vertex -8.32948 26.5 10.4835
      vertex -8.23251 26.5 9.996
    endloop
  endfacet
  facet normal 0 -1 0
    outer loop
      vertex 3.68616 26.5 7.3
      vertex -8.23251 26.5 9.996
      vertex -8.2 26.5 9.5
    endloop
  endfacet
  facet normal 0 -1 0
    outer loop
      vertex -8.7091 26.5 11.4
      vertex 5.21177 26.5 9.28822
      vertex 6.15589 26.5 10.1162
    endloop
  endfacet
  facet normal 0 -1 0
    outer loop
      vertex 3.13076 26.5 6.17376
      vertex -8.2 26.5 9.5
      vertex -8.23251 26.5 9.004
    endloop
  endfacet
  facet normal 0 -1 0
    outer loop
      vertex 3.13076 26.5 6.17376
      vertex -8.23251 26.5 9.004
      vertex -8.32948 26.5 8.51649
    endloop
  endfacet
  facet normal 0 -1 0
    outer loop
      vertex -8.48926 26.5 10.9542
      vertex 4.38381 26.5 8.34411
      vertex 5.21177 26.5 9.28822
    endloop
  endfacet
  facet normal 0 -1 0
    outer loop
      vertex 2.72711 26.5 4.98466
      vertex -8.32948 26.5 8.51649
      vertex -8.48926 26.5 8.0458
    endloop
  endfacet
  facet normal 0 -1 0
    outer loop
      vertex 2.48213 26.5 3.75305
      vertex -8.48926 26.5 8.0458
      vertex -8.7091 26.5 7.6
    endloop
  endfacet
  facet normal 0 -1 0
    outer loop
      vertex -8.23251 26.5 9.996
      vertex 3.68616 26.5 7.3
      vertex 4.38381 26.5 8.34411
    endloop
  endfacet
  facet normal 0 -1 0
    outer loop
      vertex 2.48213 26.5 3.75305
      vertex -8.7091 26.5 7.6
      vertex -8.98526 26.5 7.18671
    endloop
  endfacet
  facet normal 0 -1 0
    outer loop
      vertex 2.4 26.5 2.5
      vertex -8.98526 26.5 7.18671
      vertex -9.31299 26.5 6.81299
    endloop
  endfacet
  facet normal 0 -1 0
    outer loop
      vertex 2.48213 26.5 1.24695
      vertex -9.31299 26.5 6.81299
      vertex -9.68671 26.5 6.48526
    endloop
  endfacet
  facet normal 0 -1 0
    outer loop
      vertex 2.48213 26.5 1.24695
      vertex -9.68671 26.5 6.48526
      vertex -10.1 26.5 6.2091
    endloop
  endfacet
  facet normal 0 -1 0
    outer loop
      vertex -8.2 26.5 9.5
      vertex 3.13076 26.5 6.17376
      vertex 3.68616 26.5 7.3
    endloop
  endfacet
  facet normal 0 -1 0
    outer loop
      vertex 2.72711 26.5 0.015337
      vertex -10.1 26.5 6.2091
      vertex -10.5458 26.5 5.98926
    endloop
  endfacet
  facet normal 0 -1 0
    outer loop
      vertex 3.13076 26.5 -1.17376
      vertex -10.5458 26.5 5.98926
      vertex -11.0165 26.5 5.82948
    endloop
  endfacet
  facet normal 0 -1 0
    outer loop
      vertex 3.13076 26.5 -1.17376
      vertex -11.0165 26.5 5.82948
      vertex -11.504 26.5 5.73251
    endloop
  endfacet
  facet normal 0 -1 0
    outer loop
      vertex 3.68616 26.5 -2.3
      vertex -11.504 26.5 5.73251
      vertex -12 26.5 5.7
    endloop
  endfacet
  facet normal 0 -1 0
    outer loop
      vertex -8.32948 26.5 8.51649
      vertex 2.72711 26.5 4.98466
      vertex 3.13076 26.5 6.17376
    endloop
  endfacet
  facet normal 0 -1 -0
    outer loop
      vertex -13.9 26.5 6.2091
      vertex -24.8582 26.5 -7.35822
      vertex -13.4542 26.5 5.98926
    endloop
  endfacet
  facet normal 0 -1 0
    outer loop
      vertex -23.9871 26.5 -8.35151
      vertex -13.4542 26.5 5.98926
      vertex -24.8582 26.5 -7.35822
    endloop
  endfacet
  facet normal 0 -1 -0
    outer loop
      vertex -13.4542 26.5 5.98926
      vertex -23.9871 26.5 -8.35151
      vertex -12.9835 26.5 5.82948
    endloop
  endfacet
  facet normal 0 -1 0
    outer loop
      vertex -23.2531 26.5 -9.45
      vertex -12.9835 26.5 5.82948
      vertex -23.9871 26.5 -8.35151
    endloop
  endfacet
  facet normal 0 -1 -0
    outer loop
      vertex -12.9835 26.5 5.82948
      vertex -23.2531 26.5 -9.45
      vertex -12.496 26.5 5.73251
    endloop
  endfacet
  facet normal 0 -1 0
    outer loop
      vertex -22.6688 26.5 -10.6349
      vertex -12.496 26.5 5.73251
      vertex -23.2531 26.5 -9.45
    endloop
  endfacet
  facet normal 0 -1 -0
    outer loop
      vertex -12.496 26.5 5.73251
      vertex -22.6688 26.5 -10.6349
      vertex -12 26.5 5.7
    endloop
  endfacet
  facet normal 0 -1 0
    outer loop
      vertex -22.2441 26.5 -11.8859
      vertex -12 26.5 5.7
      vertex -22.6688 26.5 -10.6349
    endloop
  endfacet
  facet normal 0 -1 -0
    outer loop
      vertex -12 26.5 5.7
      vertex -22.2441 26.5 -11.8859
      vertex 4.38381 26.5 -3.34411
    endloop
  endfacet
  facet normal 0 -1 0
    outer loop
      vertex -21.9864 26.5 -13.1817
      vertex 4.38381 26.5 -3.34411
      vertex -22.2441 26.5 -11.8859
    endloop
  endfacet
  facet normal 0 -1 0
    outer loop
      vertex -21.9 26.5 -14.5
      vertex 4.38381 26.5 -3.34411
      vertex -21.9864 26.5 -13.1817
    endloop
  endfacet
  facet normal 0 -1 -0
    outer loop
      vertex 4.38381 26.5 -3.34411
      vertex -21.9 26.5 -14.5
      vertex 5.21177 26.5 -4.28822
    endloop
  endfacet
  facet normal 0 -1 0
    outer loop
      vertex 28.6729 26.5 18.0114
      vertex 43.5 26.5 32.5
      vertex 28.3394 26.5 18.0778
    endloop
  endfacet
  facet normal 0 -1 0
    outer loop
      vertex 43.5 26.5 32.5
      vertex 37.6606 26.5 18.0778
      vertex 38 26.5 18.1
    endloop
  endfacet
  facet normal 0 -1 0
    outer loop
      vertex 28.995 26.5 17.9021
      vertex 43.5 26.5 32.5
      vertex 28.6729 26.5 18.0114
    endloop
  endfacet
  facet normal 0 -1 0
    outer loop
      vertex 43.5 26.5 32.5
      vertex 37.3271 26.5 18.0114
      vertex 37.6606 26.5 18.0778
    endloop
  endfacet
  facet normal 0 -1 0
    outer loop
      vertex 37.005 26.5 17.9021
      vertex 43.5 26.5 32.5
      vertex 28.995 26.5 17.9021
    endloop
  endfacet
  facet normal 0 -1 0
    outer loop
      vertex 43.5 26.5 32.5
      vertex 37.005 26.5 17.9021
      vertex 37.3271 26.5 18.0114
    endloop
  endfacet
  facet normal 0 -1 0
    outer loop
      vertex 29.3 26.5 17.7517
      vertex 37.005 26.5 17.9021
      vertex 28.995 26.5 17.9021
    endloop
  endfacet
  facet normal 0 -1 0
    outer loop
      vertex 29.3 26.5 17.7517
      vertex 36.7 26.5 17.7517
      vertex 37.005 26.5 17.9021
    endloop
  endfacet
  facet normal 0 -1 0
    outer loop
      vertex 29.5828 26.5 17.5627
      vertex 36.7 26.5 17.7517
      vertex 29.3 26.5 17.7517
    endloop
  endfacet
  facet normal 0 -1 0
    outer loop
      vertex 29.5828 26.5 17.5627
      vertex 36.4172 26.5 17.5627
      vertex 36.7 26.5 17.7517
    endloop
  endfacet
  facet normal 0 -1 0
    outer loop
      vertex 29.8385 26.5 17.3385
      vertex 36.4172 26.5 17.5627
      vertex 29.5828 26.5 17.5627
    endloop
  endfacet
  facet normal 0 -1 0
    outer loop
      vertex 29.8385 26.5 17.3385
      vertex 36.1615 26.5 17.3385
      vertex 36.4172 26.5 17.5627
    endloop
  endfacet
  facet normal 0 -1 0
    outer loop
      vertex 30.0627 26.5 17.0828
      vertex 36.1615 26.5 17.3385
      vertex 29.8385 26.5 17.3385
    endloop
  endfacet
  facet normal 0 -1 0
    outer loop
      vertex 30.0627 26.5 17.0828
      vertex 35.9373 26.5 17.0828
      vertex 36.1615 26.5 17.3385
    endloop
  endfacet
  facet normal 0 -1 0
    outer loop
      vertex 30.2517 26.5 16.8
      vertex 35.9373 26.5 17.0828
      vertex 30.0627 26.5 17.0828
    endloop
  endfacet
  facet normal 0 -1 0
    outer loop
      vertex 30.2517 26.5 16.8
      vertex 35.7483 26.5 16.8
      vertex 35.9373 26.5 17.0828
    endloop
  endfacet
  facet normal 0 -1 0
    outer loop
      vertex 30.4021 26.5 16.495
      vertex 35.7483 26.5 16.8
      vertex 30.2517 26.5 16.8
    endloop
  endfacet
  facet normal 0 -1 0
    outer loop
      vertex 30.4021 26.5 16.495
      vertex 35.5979 26.5 16.495
      vertex 35.7483 26.5 16.8
    endloop
  endfacet
  facet normal 0 -1 0
    outer loop
      vertex 30.5114 26.5 16.1729
      vertex 35.5979 26.5 16.495
      vertex 30.4021 26.5 16.495
    endloop
  endfacet
  facet normal 0 -1 0
    outer loop
      vertex 30.5114 26.5 16.1729
      vertex 35.4886 26.5 16.1729
      vertex 35.5979 26.5 16.495
    endloop
  endfacet
  facet normal 0 -1 0
    outer loop
      vertex 30.5778 26.5 15.8394
      vertex 35.4886 26.5 16.1729
      vertex 30.5114 26.5 16.1729
    endloop
  endfacet
  facet normal 0 -1 0
    outer loop
      vertex 30.5778 26.5 15.8394
      vertex 35.4222 26.5 15.8394
      vertex 35.4886 26.5 16.1729
    endloop
  endfacet
  facet normal 0 -1 0
    outer loop
      vertex 30.6 26.5 15.5
      vertex 35.4222 26.5 15.8394
      vertex 30.5778 26.5 15.8394
    endloop
  endfacet
  facet normal 0 -1 0
    outer loop
      vertex 30.6 26.5 15.5
      vertex 35.4 26.5 15.5
      vertex 35.4222 26.5 15.8394
    endloop
  endfacet
  facet normal 0 -1 0
    outer loop
      vertex 30.5778 26.5 15.1606
      vertex 35.4 26.5 15.5
      vertex 30.6 26.5 15.5
    endloop
  endfacet
  facet normal 0 -1 0
    outer loop
      vertex 30.5778 26.5 15.1606
      vertex 35.4222 26.5 15.1606
      vertex 35.4 26.5 15.5
    endloop
  endfacet
  facet normal 0 -1 0
    outer loop
      vertex 30.5114 26.5 14.8271
      vertex 35.4222 26.5 15.1606
      vertex 30.5778 26.5 15.1606
    endloop
  endfacet
  facet normal 0 -1 0
    outer loop
      vertex 30.5114 26.5 14.8271
      vertex 35.4886 26.5 14.8271
      vertex 35.4222 26.5 15.1606
    endloop
  endfacet
  facet normal 0 -1 0
    outer loop
      vertex 30.4021 26.5 14.505
      vertex 35.4886 26.5 14.8271
      vertex 30.5114 26.5 14.8271
    endloop
  endfacet
  facet normal 0 -1 0
    outer loop
      vertex 30.4021 26.5 14.505
      vertex 35.5979 26.5 14.505
      vertex 35.4886 26.5 14.8271
    endloop
  endfacet
  facet normal 0 -1 0
    outer loop
      vertex 30.2517 26.5 14.2
      vertex 35.5979 26.5 14.505
      vertex 30.4021 26.5 14.505
    endloop
  endfacet
  facet normal 0 -1 0
    outer loop
      vertex 30.2517 26.5 14.2
      vertex 35.7483 26.5 14.2
      vertex 35.5979 26.5 14.505
    endloop
  endfacet
  facet normal 0 -1 0
    outer loop
      vertex 30.0627 26.5 13.9172
      vertex 35.7483 26.5 14.2
      vertex 30.2517 26.5 14.2
    endloop
  endfacet
  facet normal 0 -1 0
    outer loop
      vertex 30.0627 26.5 13.9172
      vertex 35.9373 26.5 13.9172
      vertex 35.7483 26.5 14.2
    endloop
  endfacet
  facet normal 0 -1 0
    outer loop
      vertex 29.8385 26.5 13.6615
      vertex 35.9373 26.5 13.9172
      vertex 30.0627 26.5 13.9172
    endloop
  endfacet
  facet normal 0 -1 0
    outer loop
      vertex 29.8385 26.5 13.6615
      vertex 36.1615 26.5 13.6615
      vertex 35.9373 26.5 13.9172
    endloop
  endfacet
  facet normal 0 -1 0
    outer loop
      vertex 29.5828 26.5 13.4373
      vertex 36.1615 26.5 13.6615
      vertex 29.8385 26.5 13.6615
    endloop
  endfacet
  facet normal 0 -1 0
    outer loop
      vertex 29.5828 26.5 13.4373
      vertex 36.4172 26.5 13.4373
      vertex 36.1615 26.5 13.6615
    endloop
  endfacet
  facet normal 0 -1 0
    outer loop
      vertex 29.3 26.5 13.2483
      vertex 36.4172 26.5 13.4373
      vertex 29.5828 26.5 13.4373
    endloop
  endfacet
  facet normal 0 -1 0
    outer loop
      vertex 29.3 26.5 13.2483
      vertex 36.7 26.5 13.2483
      vertex 36.4172 26.5 13.4373
    endloop
  endfacet
  facet normal 0 -1 0
    outer loop
      vertex 28.995 26.5 13.0979
      vertex 36.7 26.5 13.2483
      vertex 29.3 26.5 13.2483
    endloop
  endfacet
  facet normal 0 -1 0
    outer loop
      vertex 28.995 26.5 13.0979
      vertex 37.005 26.5 13.0979
      vertex 36.7 26.5 13.2483
    endloop
  endfacet
  facet normal 0 -1 0
    outer loop
      vertex 21.6 26.5 2.5
      vertex 28.995 26.5 13.0979
      vertex 28.6729 26.5 12.9886
    endloop
  endfacet
  facet normal 0 -1 -0
    outer loop
      vertex 28.995 26.5 13.0979
      vertex 21.6 26.5 2.5
      vertex 37.005 26.5 13.0979
    endloop
  endfacet
  facet normal 0 -1 0
    outer loop
      vertex 21.5179 26.5 3.75305
      vertex 28.6729 26.5 12.9886
      vertex 28.3394 26.5 12.9222
    endloop
  endfacet
  facet normal 0 -1 -0
    outer loop
      vertex 37.005 26.5 13.0979
      vertex 21.6 26.5 2.5
      vertex 37.3271 26.5 12.9886
    endloop
  endfacet
  facet normal 0 -1 0
    outer loop
      vertex 21.5179 26.5 3.75305
      vertex 28.3394 26.5 12.9222
      vertex 28 26.5 12.9
    endloop
  endfacet
  facet normal 0 -1 0
    outer loop
      vertex 21.5179 26.5 1.24695
      vertex 37.3271 26.5 12.9886
      vertex 21.6 26.5 2.5
    endloop
  endfacet
  facet normal 0 -1 0
    outer loop
      vertex -11.0165 26.5 13.1705
      vertex 43.5 26.5 32.5
      vertex -43.5 26.5 32.5
    endloop
  endfacet
  facet normal 0 -1 0
    outer loop
      vertex 43.5 26.5 32.5
      vertex 27.6606 26.5 18.0778
      vertex 28 26.5 18.1
    endloop
  endfacet
  facet normal 0 -1 0
    outer loop
      vertex 43.5 26.5 32.5
      vertex 27.3271 26.5 18.0114
      vertex 27.6606 26.5 18.0778
    endloop
  endfacet
  facet normal 0 -1 0
    outer loop
      vertex 43.5 26.5 32.5
      vertex 27.005 26.5 17.9021
      vertex 27.3271 26.5 18.0114
    endloop
  endfacet
  facet normal 0 -1 0
    outer loop
      vertex 43.5 26.5 32.5
      vertex 26.7 26.5 17.7517
      vertex 27.005 26.5 17.9021
    endloop
  endfacet
  facet normal 0 -1 0
    outer loop
      vertex 43.5 26.5 32.5
      vertex -11.0165 26.5 13.1705
      vertex 26.7 26.5 17.7517
    endloop
  endfacet
  facet normal 0 -1 0
    outer loop
      vertex 10.7469 26.5 12.0179
      vertex 26.7 26.5 17.7517
      vertex -11.0165 26.5 13.1705
    endloop
  endfacet
  facet normal 0 -1 0
    outer loop
      vertex 10.7469 26.5 12.0179
      vertex 26.4172 26.5 17.5627
      vertex 26.7 26.5 17.7517
    endloop
  endfacet
  facet normal 0 -1 0
    outer loop
      vertex 26.4172 26.5 17.5627
      vertex 12 26.5 12.1
      vertex 26.1615 26.5 17.3385
    endloop
  endfacet
  facet normal 0 -1 0
    outer loop
      vertex 13.2531 26.5 12.0179
      vertex 26.1615 26.5 17.3385
      vertex 12 26.5 12.1
    endloop
  endfacet
  facet normal 0 -1 0
    outer loop
      vertex 26.1615 26.5 17.3385
      vertex 13.2531 26.5 12.0179
      vertex 25.9373 26.5 17.0828
    endloop
  endfacet
  facet normal 0 -1 0
    outer loop
      vertex 25.9373 26.5 17.0828
      vertex 13.2531 26.5 12.0179
      vertex 25.7483 26.5 16.8
    endloop
  endfacet
  facet normal 0 -1 0
    outer loop
      vertex 14.4847 26.5 11.7729
      vertex 25.7483 26.5 16.8
      vertex 13.2531 26.5 12.0179
    endloop
  endfacet
  facet normal 0 -1 0
    outer loop
      vertex 15.6738 26.5 11.3692
      vertex 25.5979 26.5 16.495
      vertex 14.4847 26.5 11.7729
    endloop
  endfacet
  facet normal 0 -1 0
    outer loop
      vertex 25.5979 26.5 16.495
      vertex 15.6738 26.5 11.3692
      vertex 25.4886 26.5 16.1729
    endloop
  endfacet
  facet normal 0 -1 0
    outer loop
      vertex 25.4886 26.5 16.1729
      vertex 15.6738 26.5 11.3692
      vertex 25.4222 26.5 15.8394
    endloop
  endfacet
  facet normal 0 -1 0
    outer loop
      vertex 16.8 26.5 10.8138
      vertex 25.4222 26.5 15.8394
      vertex 15.6738 26.5 11.3692
    endloop
  endfacet
  facet normal 0 -1 0
    outer loop
      vertex 25.4222 26.5 15.8394
      vertex 16.8 26.5 10.8138
      vertex 25.4 26.5 15.5
    endloop
  endfacet
  facet normal 0 -1 -0
    outer loop
      vertex 25.4 26.5 15.5
      vertex 16.8 26.5 10.8138
      vertex 25.4222 26.5 15.1606
    endloop
  endfacet
  facet normal 0 -1 0
    outer loop
      vertex 17.8441 26.5 10.1162
      vertex 25.4222 26.5 15.1606
      vertex 16.8 26.5 10.8138
    endloop
  endfacet
  facet normal 0 -1 0
    outer loop
      vertex -11.504 26.5 13.2675
      vertex -43.5 26.5 32.5
      vertex -12 26.5 13.3
    endloop
  endfacet
  facet normal 0 -1 0
    outer loop
      vertex -43.5 26.5 32.5
      vertex -12.496 26.5 13.2675
      vertex -12 26.5 13.3
    endloop
  endfacet
  facet normal 0 -1 0
    outer loop
      vertex -43.5 26.5 32.5
      vertex -12.9835 26.5 13.1705
      vertex -12.496 26.5 13.2675
    endloop
  endfacet
  facet normal 0 -1 0
    outer loop
      vertex -43.5 26.5 32.5
      vertex -13.4542 26.5 13.0107
      vertex -12.9835 26.5 13.1705
    endloop
  endfacet
  facet normal 0 -1 0
    outer loop
      vertex -43.5 26.5 32.5
      vertex -13.9 26.5 12.7909
      vertex -13.4542 26.5 13.0107
    endloop
  endfacet
  facet normal 0 -1 0
    outer loop
      vertex -43.5 26.5 32.5
      vertex -14.3133 26.5 12.5147
      vertex -13.9 26.5 12.7909
    endloop
  endfacet
  facet normal 0 -1 0
    outer loop
      vertex -43.5 26.5 32.5
      vertex -14.687 26.5 12.187
      vertex -14.3133 26.5 12.5147
    endloop
  endfacet
  facet normal 0 -1 0
    outer loop
      vertex -43.5 26.5 32.5
      vertex -15.0147 26.5 11.8133
      vertex -14.687 26.5 12.187
    endloop
  endfacet
  facet normal 0 -1 0
    outer loop
      vertex -43.5 26.5 32.5
      vertex -15.2909 26.5 11.4
      vertex -15.0147 26.5 11.8133
    endloop
  endfacet
  facet normal 0 -1 0
    outer loop
      vertex -43.5 26.5 32.5
      vertex -15.5107 26.5 10.9542
      vertex -15.2909 26.5 11.4
    endloop
  endfacet
  facet normal 0 -1 0
    outer loop
      vertex -43.5 26.5 32.5
      vertex -15.6705 26.5 10.4835
      vertex -15.5107 26.5 10.9542
    endloop
  endfacet
  facet normal 0 -1 0
    outer loop
      vertex -33.3183 26.5 -4.48641
      vertex -15.6705 26.5 10.4835
      vertex -43.5 26.5 32.5
    endloop
  endfacet
  facet normal -0 -1 0
    outer loop
      vertex -32 26.5 -4.4
      vertex -15.6705 26.5 10.4835
      vertex -33.3183 26.5 -4.48641
    endloop
  endfacet
  facet normal 0 -1 0
    outer loop
      vertex -15.6705 26.5 10.4835
      vertex -32 26.5 -4.4
      vertex -15.7675 26.5 9.996
    endloop
  endfacet
  facet normal 0 -1 0
    outer loop
      vertex -15.7675 26.5 9.996
      vertex -32 26.5 -4.4
      vertex -15.8 26.5 9.5
    endloop
  endfacet
  facet normal 0 -1 0
    outer loop
      vertex -30.6817 26.5 -4.48641
      vertex -15.8 26.5 9.5
      vertex -32 26.5 -4.4
    endloop
  endfacet
  facet normal 0 -1 0
    outer loop
      vertex -29.3859 26.5 -4.74415
      vertex -15.7675 26.5 9.004
      vertex -30.6817 26.5 -4.48641
    endloop
  endfacet
  facet normal 0 -1 -0
    outer loop
      vertex -15.7675 26.5 9.004
      vertex -29.3859 26.5 -4.74415
      vertex -15.6705 26.5 8.51649
    endloop
  endfacet
  facet normal 0 -1 -0
    outer loop
      vertex -15.6705 26.5 8.51649
      vertex -29.3859 26.5 -4.74415
      vertex -15.5107 26.5 8.0458
    endloop
  endfacet
  facet normal 0 -1 0
    outer loop
      vertex -8.48926 26.5 8.0458
      vertex 2.48213 26.5 3.75305
      vertex 2.72711 26.5 4.98466
    endloop
  endfacet
  facet normal 0 -1 -0
    outer loop
      vertex -14.687 26.5 6.81299
      vertex -25.8515 26.5 -6.48713
      vertex -14.3133 26.5 6.48526
    endloop
  endfacet
  facet normal 0 -1 0
    outer loop
      vertex -8.98526 26.5 7.18671
      vertex 2.4 26.5 2.5
      vertex 2.48213 26.5 3.75305
    endloop
  endfacet
  facet normal 0 -1 0
    outer loop
      vertex -25.8515 26.5 -6.48713
      vertex -14.687 26.5 6.81299
      vertex -26.95 26.5 -5.75314
    endloop
  endfacet
  facet normal 0 -1 0
    outer loop
      vertex -9.31299 26.5 6.81299
      vertex 2.48213 26.5 1.24695
      vertex 2.4 26.5 2.5
    endloop
  endfacet
  facet normal 0 -1 0
    outer loop
      vertex -10.1 26.5 6.2091
      vertex 2.72711 26.5 0.015337
      vertex 2.48213 26.5 1.24695
    endloop
  endfacet
  facet normal 0 -1 -0
    outer loop
      vertex -15.0147 26.5 7.18671
      vertex -26.95 26.5 -5.75314
      vertex -14.687 26.5 6.81299
    endloop
  endfacet
  facet normal 0 -1 0
    outer loop
      vertex -10.5458 26.5 5.98926
      vertex 3.13076 26.5 -1.17376
      vertex 2.72711 26.5 0.015337
    endloop
  endfacet
  facet normal 0 -1 0
    outer loop
      vertex -11.504 26.5 5.73251
      vertex 3.68616 26.5 -2.3
      vertex 3.13076 26.5 -1.17376
    endloop
  endfacet
  facet normal 0 -1 0
    outer loop
      vertex -12 26.5 5.7
      vertex 4.38381 26.5 -3.34411
      vertex 3.68616 26.5 -2.3
    endloop
  endfacet
  facet normal 0 -1 -0
    outer loop
      vertex -15.2909 26.5 7.6
      vertex -26.95 26.5 -5.75314
      vertex -15.0147 26.5 7.18671
    endloop
  endfacet
  facet normal 0 -1 0
    outer loop
      vertex -24.8582 26.5 -7.35822
      vertex -14.3133 26.5 6.48526
      vertex -25.8515 26.5 -6.48713
    endloop
  endfacet
  facet normal 0 -1 -0
    outer loop
      vertex -14.3133 26.5 6.48526
      vertex -24.8582 26.5 -7.35822
      vertex -13.9 26.5 6.2091
    endloop
  endfacet
  facet normal 0 -1 0
    outer loop
      vertex -26.95 26.5 -5.75314
      vertex -15.2909 26.5 7.6
      vertex -28.1349 26.5 -5.16882
    endloop
  endfacet
  facet normal 0 -1 -0
    outer loop
      vertex -15.5107 26.5 8.0458
      vertex -28.1349 26.5 -5.16882
      vertex -15.2909 26.5 7.6
    endloop
  endfacet
  facet normal 0 -1 0
    outer loop
      vertex -28.1349 26.5 -5.16882
      vertex -15.5107 26.5 8.0458
      vertex -29.3859 26.5 -4.74415
    endloop
  endfacet
  facet normal 0 -1 -0
    outer loop
      vertex -15.8 26.5 9.5
      vertex -30.6817 26.5 -4.48641
      vertex -15.7675 26.5 9.004
    endloop
  endfacet
  facet normal 0 -1 0
    outer loop
      vertex -43.5 26.5 32.5
      vertex -34.6141 26.5 -4.74415
      vertex -33.3183 26.5 -4.48641
    endloop
  endfacet
  facet normal 0 -1 0
    outer loop
      vertex -43.5 26.5 32.5
      vertex -35.8651 26.5 -5.16882
      vertex -34.6141 26.5 -4.74415
    endloop
  endfacet
  facet normal 0 -1 0
    outer loop
      vertex -43.5 26.5 32.5
      vertex -37.05 26.5 -5.75314
      vertex -35.8651 26.5 -5.16882
    endloop
  endfacet
  facet normal 0 -1 0
    outer loop
      vertex -43.5 26.5 32.5
      vertex -38.1485 26.5 -6.48713
      vertex -37.05 26.5 -5.75314
    endloop
  endfacet
  facet normal 0 -1 0
    outer loop
      vertex -43.5 26.5 32.5
      vertex -39.1418 26.5 -7.35822
      vertex -38.1485 26.5 -6.48713
    endloop
  endfacet
  facet normal 0 -1 0
    outer loop
      vertex -43.5 26.5 32.5
      vertex -40.0129 26.5 -8.35151
      vertex -39.1418 26.5 -7.35822
    endloop
  endfacet
  facet normal 0 -1 0
    outer loop
      vertex -43.5 26.5 32.5
      vertex -40.7469 26.5 -9.45
      vertex -40.0129 26.5 -8.35151
    endloop
  endfacet
  facet normal 0 -1 0
    outer loop
      vertex -43.5 26.5 32.5
      vertex -41.3312 26.5 -10.6349
      vertex -40.7469 26.5 -9.45
    endloop
  endfacet
  facet normal 0 -1 0
    outer loop
      vertex -43.5 26.5 32.5
      vertex -41.7559 26.5 -11.8859
      vertex -41.3312 26.5 -10.6349
    endloop
  endfacet
  facet normal 0 -1 0
    outer loop
      vertex -43.5 26.5 32.5
      vertex -42.0136 26.5 -13.1817
      vertex -41.7559 26.5 -11.8859
    endloop
  endfacet
  facet normal 0 -1 0
    outer loop
      vertex -43.5 26.5 32.5
      vertex -42.1 26.5 -14.5
      vertex -42.0136 26.5 -13.1817
    endloop
  endfacet
  facet normal 0 -1 -0
    outer loop
      vertex -40.0129 26.5 -20.6485
      vertex -41.9272 26.5 -22
      vertex -39.1418 26.5 -21.6418
    endloop
  endfacet
  facet normal 0 -1 -0
    outer loop
      vertex -40.7469 26.5 -19.55
      vertex -41.9272 26.5 -22
      vertex -40.0129 26.5 -20.6485
    endloop
  endfacet
  facet normal 0 -1 -0
    outer loop
      vertex -41.3312 26.5 -18.3651
      vertex -41.9272 26.5 -22
      vertex -40.7469 26.5 -19.55
    endloop
  endfacet
  facet normal 0 -1 -0
    outer loop
      vertex -41.7559 26.5 -17.1141
      vertex -41.9272 26.5 -22
      vertex -41.3312 26.5 -18.3651
    endloop
  endfacet
  facet normal 0 -1 0
    outer loop
      vertex -42.0136 26.5 -15.8183
      vertex -41.9272 26.5 -22
      vertex -41.7559 26.5 -17.1141
    endloop
  endfacet
  facet normal 0 -1 0
    outer loop
      vertex -43.5 26.5 -30.09
      vertex -42.0136 26.5 -15.8183
      vertex -42.1 26.5 -14.5
    endloop
  endfacet
  facet normal 0 -1 0
    outer loop
      vertex -43.5 26.5 -30.09
      vertex -42.1 26.5 -14.5
      vertex -43.5 26.5 32.5
    endloop
  endfacet
  facet normal 0 -1 -0
    outer loop
      vertex -42.0136 26.5 -15.8183
      vertex -43.5 26.5 -30.09
      vertex -41.9272 26.5 -22
    endloop
  endfacet
  facet normal 0 -1 0
    outer loop
      vertex -43.5 26.5 -30.09
      vertex -38.0728 26.5 -30
      vertex -41.9272 26.5 -30
    endloop
  endfacet
  facet normal 0 -1 -0
    outer loop
      vertex -38.0728 26.5 -30
      vertex -43.5 26.5 -30.09
      vertex 38.0728 26.5 -30
    endloop
  endfacet
  facet normal 0 -1 0
    outer loop
      vertex 43.5 26.5 -30.09
      vertex 38.0728 26.5 -30
      vertex -43.5 26.5 -30.09
    endloop
  endfacet
  facet normal 0 -1 -0
    outer loop
      vertex -41.9272 26.5 -22
      vertex -43.5 26.5 -30.09
      vertex -41.9272 26.5 -30
    endloop
  endfacet
  facet normal 0 -1 0
    outer loop
      vertex 28.3394 26.5 18.0778
      vertex 43.5 26.5 32.5
      vertex 28 26.5 18.1
    endloop
  endfacet
  facet normal 0 -1 0
    outer loop
      vertex 38.3394 26.5 18.0778
      vertex 43.5 26.5 32.5
      vertex 38 26.5 18.1
    endloop
  endfacet
  facet normal 0 -1 0
    outer loop
      vertex 38.6729 26.5 18.0114
      vertex 43.5 26.5 32.5
      vertex 38.3394 26.5 18.0778
    endloop
  endfacet
  facet normal 0 -1 0
    outer loop
      vertex 38.995 26.5 17.9021
      vertex 43.5 26.5 32.5
      vertex 38.6729 26.5 18.0114
    endloop
  endfacet
  facet normal 0 -1 0
    outer loop
      vertex 39.3 26.5 17.7517
      vertex 43.5 26.5 32.5
      vertex 38.995 26.5 17.9021
    endloop
  endfacet
  facet normal 0 -1 0
    outer loop
      vertex 39.5828 26.5 17.5627
      vertex 43.5 26.5 32.5
      vertex 39.3 26.5 17.7517
    endloop
  endfacet
  facet normal 0 -1 0
    outer loop
      vertex 39.8385 26.5 17.3385
      vertex 43.5 26.5 32.5
      vertex 39.5828 26.5 17.5627
    endloop
  endfacet
  facet normal 0 -1 0
    outer loop
      vertex 40.0627 26.5 17.0828
      vertex 43.5 26.5 32.5
      vertex 39.8385 26.5 17.3385
    endloop
  endfacet
  facet normal 0 -1 0
    outer loop
      vertex 40.2517 26.5 16.8
      vertex 43.5 26.5 32.5
      vertex 40.0627 26.5 17.0828
    endloop
  endfacet
  facet normal 0 -1 0
    outer loop
      vertex 40.4021 26.5 16.495
      vertex 43.5 26.5 32.5
      vertex 40.2517 26.5 16.8
    endloop
  endfacet
  facet normal 0 -1 0
    outer loop
      vertex 40.5114 26.5 16.1729
      vertex 43.5 26.5 32.5
      vertex 40.4021 26.5 16.495
    endloop
  endfacet
  facet normal 0 -1 0
    outer loop
      vertex 40.5778 26.5 15.8394
      vertex 43.5 26.5 32.5
      vertex 40.5114 26.5 16.1729
    endloop
  endfacet
  facet normal 0 -1 0
    outer loop
      vertex 40.6 26.5 15.5
      vertex 43.5 26.5 32.5
      vertex 40.5778 26.5 15.8394
    endloop
  endfacet
  facet normal 0 -1 0
    outer loop
      vertex 40.5778 26.5 15.1606
      vertex 43.5 26.5 32.5
      vertex 40.6 26.5 15.5
    endloop
  endfacet
  facet normal 0 -1 0
    outer loop
      vertex 19.6162 26.5 8.34411
      vertex 25.9373 26.5 13.9172
      vertex 18.7882 26.5 9.28822
    endloop
  endfacet
  facet normal 0 -1 0
    outer loop
      vertex 7.2 26.5 10.8138
      vertex -9.68671 26.5 12.5147
      vertex -9.31299 26.5 12.187
    endloop
  endfacet
  facet normal 0 -1 -0
    outer loop
      vertex 25.9373 26.5 13.9172
      vertex 19.6162 26.5 8.34411
      vertex 26.1615 26.5 13.6615
    endloop
  endfacet
  facet normal 0 -1 -0
    outer loop
      vertex 26.1615 26.5 13.6615
      vertex 19.6162 26.5 8.34411
      vertex 26.4172 26.5 13.4373
    endloop
  endfacet
  facet normal 0 -1 0
    outer loop
      vertex 20.3138 26.5 7.3
      vertex 26.4172 26.5 13.4373
      vertex 19.6162 26.5 8.34411
    endloop
  endfacet
  facet normal 0 -1 -0
    outer loop
      vertex 26.4172 26.5 13.4373
      vertex 20.3138 26.5 7.3
      vertex 26.7 26.5 13.2483
    endloop
  endfacet
  facet normal 0 -1 -0
    outer loop
      vertex 26.7 26.5 13.2483
      vertex 20.3138 26.5 7.3
      vertex 27.005 26.5 13.0979
    endloop
  endfacet
  facet normal 0 -1 0
    outer loop
      vertex 20.8692 26.5 6.17376
      vertex 27.005 26.5 13.0979
      vertex 20.3138 26.5 7.3
    endloop
  endfacet
  facet normal 0 -1 -0
    outer loop
      vertex 27.005 26.5 13.0979
      vertex 20.8692 26.5 6.17376
      vertex 27.3271 26.5 12.9886
    endloop
  endfacet
  facet normal 0 -1 -0
    outer loop
      vertex 27.3271 26.5 12.9886
      vertex 20.8692 26.5 6.17376
      vertex 27.6606 26.5 12.9222
    endloop
  endfacet
  facet normal 0 -1 0
    outer loop
      vertex 21.2729 26.5 4.98466
      vertex 27.6606 26.5 12.9222
      vertex 20.8692 26.5 6.17376
    endloop
  endfacet
  facet normal 0 -1 -0
    outer loop
      vertex 27.6606 26.5 12.9222
      vertex 21.2729 26.5 4.98466
      vertex 28 26.5 12.9
    endloop
  endfacet
  facet normal 0 -1 0
    outer loop
      vertex 21.5179 26.5 3.75305
      vertex 28 26.5 12.9
      vertex 21.2729 26.5 4.98466
    endloop
  endfacet
  facet normal 0 -1 0
    outer loop
      vertex 28.6729 26.5 12.9886
      vertex 21.5179 26.5 3.75305
      vertex 21.6 26.5 2.5
    endloop
  endfacet
  facet normal 0 -1 -0
    outer loop
      vertex 37.3271 26.5 12.9886
      vertex 21.5179 26.5 1.24695
      vertex 37.6606 26.5 12.9222
    endloop
  endfacet
  facet normal 0 -1 0
    outer loop
      vertex 21.2729 26.5 0.015337
      vertex 37.6606 26.5 12.9222
      vertex 21.5179 26.5 1.24695
    endloop
  endfacet
  facet normal 0 -1 -0
    outer loop
      vertex 37.6606 26.5 12.9222
      vertex 21.2729 26.5 0.015337
      vertex 38 26.5 12.9
    endloop
  endfacet
  facet normal 0 -1 0
    outer loop
      vertex 38.0728 26.5 -22
      vertex 38 26.5 12.9
      vertex 21.2729 26.5 0.015337
    endloop
  endfacet
  facet normal 0 -1 0
    outer loop
      vertex 38 26.5 12.9
      vertex 38.0728 26.5 -22
      vertex 38.3394 26.5 12.9222
    endloop
  endfacet
  facet normal 0 -1 0
    outer loop
      vertex 41.9272 26.5 -22
      vertex 38.3394 26.5 12.9222
      vertex 38.0728 26.5 -22
    endloop
  endfacet
  facet normal 0 -1 0
    outer loop
      vertex 38.3394 26.5 12.9222
      vertex 41.9272 26.5 -22
      vertex 38.6729 26.5 12.9886
    endloop
  endfacet
  facet normal 0 -1 0
    outer loop
      vertex 38.6729 26.5 12.9886
      vertex 41.9272 26.5 -22
      vertex 38.995 26.5 13.0979
    endloop
  endfacet
  facet normal 0 -1 0
    outer loop
      vertex 38.0728 26.5 -22
      vertex 21.2729 26.5 0.015337
      vertex 20.8692 26.5 -1.17376
    endloop
  endfacet
  facet normal 0 -1 0
    outer loop
      vertex 38.0728 26.5 -22
      vertex 20.8692 26.5 -1.17376
      vertex 20.3138 26.5 -2.3
    endloop
  endfacet
  facet normal 0 -1 0
    outer loop
      vertex 38.0728 26.5 -22
      vertex 20.3138 26.5 -2.3
      vertex 19.6162 26.5 -3.34411
    endloop
  endfacet
  facet normal 0 -1 0
    outer loop
      vertex 38.0728 26.5 -22
      vertex 19.6162 26.5 -3.34411
      vertex 18.7882 26.5 -4.28822
    endloop
  endfacet
  facet normal 0 -1 0
    outer loop
      vertex 38.0728 26.5 -22
      vertex 18.7882 26.5 -4.28822
      vertex 17.8441 26.5 -5.11619
    endloop
  endfacet
  facet normal 0 -1 0
    outer loop
      vertex -21.9864 26.5 -15.8183
      vertex 5.21177 26.5 -4.28822
      vertex -21.9 26.5 -14.5
    endloop
  endfacet
  facet normal 0 -1 -0
    outer loop
      vertex 5.21177 26.5 -4.28822
      vertex -21.9864 26.5 -15.8183
      vertex 6.15589 26.5 -5.11619
    endloop
  endfacet
  facet normal 0 -1 0
    outer loop
      vertex -22.2441 26.5 -17.1141
      vertex 6.15589 26.5 -5.11619
      vertex -21.9864 26.5 -15.8183
    endloop
  endfacet
  facet normal 0 -1 -0
    outer loop
      vertex 6.15589 26.5 -5.11619
      vertex -22.2441 26.5 -17.1141
      vertex 7.2 26.5 -5.81384
    endloop
  endfacet
  facet normal 0 -1 0
    outer loop
      vertex -22.6688 26.5 -18.3651
      vertex 7.2 26.5 -5.81384
      vertex -22.2441 26.5 -17.1141
    endloop
  endfacet
  facet normal 0 -1 -0
    outer loop
      vertex 7.2 26.5 -5.81384
      vertex -22.6688 26.5 -18.3651
      vertex 8.32624 26.5 -6.36924
    endloop
  endfacet
  facet normal 0 -1 0
    outer loop
      vertex -23.2531 26.5 -19.55
      vertex 8.32624 26.5 -6.36924
      vertex -22.6688 26.5 -18.3651
    endloop
  endfacet
  facet normal 0 -1 -0
    outer loop
      vertex 8.32624 26.5 -6.36924
      vertex -23.2531 26.5 -19.55
      vertex 9.51534 26.5 -6.77289
    endloop
  endfacet
  facet normal 0 -1 0
    outer loop
      vertex -23.9871 26.5 -20.6485
      vertex 9.51534 26.5 -6.77289
      vertex -23.2531 26.5 -19.55
    endloop
  endfacet
  facet normal 0 -1 -0
    outer loop
      vertex 9.51534 26.5 -6.77289
      vertex -23.9871 26.5 -20.6485
      vertex 10.7469 26.5 -7.01787
    endloop
  endfacet
  facet normal 0 -1 0
    outer loop
      vertex 38.0728 26.5 -22
      vertex 10.7469 26.5 -7.01787
      vertex -23.9871 26.5 -20.6485
    endloop
  endfacet
  facet normal 0 -1 0
    outer loop
      vertex 10.7469 26.5 -7.01787
      vertex 38.0728 26.5 -22
      vertex 12 26.5 -7.1
    endloop
  endfacet
  facet normal 0 -1 0
    outer loop
      vertex 12 26.5 -7.1
      vertex 38.0728 26.5 -22
      vertex 13.2531 26.5 -7.01787
    endloop
  endfacet
  facet normal 0 -1 0
    outer loop
      vertex 13.2531 26.5 -7.01787
      vertex 38.0728 26.5 -22
      vertex 14.4847 26.5 -6.77289
    endloop
  endfacet
  facet normal 0 -1 0
    outer loop
      vertex 38.0728 26.5 -22
      vertex -23.9871 26.5 -20.6485
      vertex -24.8582 26.5 -21.6418
    endloop
  endfacet
  facet normal 0 -1 0
    outer loop
      vertex 14.4847 26.5 -6.77289
      vertex 38.0728 26.5 -22
      vertex 15.6738 26.5 -6.36924
    endloop
  endfacet
  facet normal 0 -1 0
    outer loop
      vertex 38.0728 26.5 -22
      vertex 16.8 26.5 -5.81384
      vertex 15.6738 26.5 -6.36924
    endloop
  endfacet
  facet normal 0 -1 0
    outer loop
      vertex 38.0728 26.5 -22
      vertex 17.8441 26.5 -5.11619
      vertex 16.8 26.5 -5.81384
    endloop
  endfacet
  facet normal 0 -1 0
    outer loop
      vertex 38.995 26.5 13.0979
      vertex 41.9272 26.5 -22
      vertex 39.3 26.5 13.2483
    endloop
  endfacet
  facet normal 0 -1 0
    outer loop
      vertex 39.3 26.5 13.2483
      vertex 41.9272 26.5 -22
      vertex 39.5828 26.5 13.4373
    endloop
  endfacet
  facet normal 0 -1 0
    outer loop
      vertex 39.5828 26.5 13.4373
      vertex 41.9272 26.5 -22
      vertex 39.8385 26.5 13.6615
    endloop
  endfacet
  facet normal 0 -1 0
    outer loop
      vertex 39.8385 26.5 13.6615
      vertex 41.9272 26.5 -22
      vertex 40.0627 26.5 13.9172
    endloop
  endfacet
  facet normal 0 -1 0
    outer loop
      vertex 40.0627 26.5 13.9172
      vertex 41.9272 26.5 -22
      vertex 40.2517 26.5 14.2
    endloop
  endfacet
  facet normal 0 -1 0
    outer loop
      vertex 40.2517 26.5 14.2
      vertex 41.9272 26.5 -22
      vertex 40.4021 26.5 14.505
    endloop
  endfacet
  facet normal 0 -1 0
    outer loop
      vertex 40.4021 26.5 14.505
      vertex 41.9272 26.5 -22
      vertex 40.5114 26.5 14.8271
    endloop
  endfacet
  facet normal 0 -1 0
    outer loop
      vertex 40.5114 26.5 14.8271
      vertex 41.9272 26.5 -22
      vertex 40.5778 26.5 15.1606
    endloop
  endfacet
  facet normal 0 -1 0
    outer loop
      vertex 40.5778 26.5 15.1606
      vertex 41.9272 26.5 -22
      vertex 43.5 26.5 32.5
    endloop
  endfacet
  facet normal 0 -1 0
    outer loop
      vertex 43.5 26.5 -30.09
      vertex 41.9272 26.5 -22
      vertex 41.9272 26.5 -30
    endloop
  endfacet
  facet normal 0 -1 0
    outer loop
      vertex 41.9272 26.5 -22
      vertex 43.5 26.5 -30.09
      vertex 43.5 26.5 32.5
    endloop
  endfacet
  facet normal 0 -1 0
    outer loop
      vertex 38.0728 26.5 -30
      vertex 43.5 26.5 -30.09
      vertex 41.9272 26.5 -30
    endloop
  endfacet
  facet normal 0 -1 0
    outer loop
      vertex -11.0165 26.5 13.1705
      vertex -43.5 26.5 32.5
      vertex -11.504 26.5 13.2675
    endloop
  endfacet
  facet normal 0 -1 0
    outer loop
      vertex 25.7483 26.5 16.8
      vertex 14.4847 26.5 11.7729
      vertex 25.5979 26.5 16.495
    endloop
  endfacet
  facet normal 0 -1 0
    outer loop
      vertex 10.7469 26.5 12.0179
      vertex -11.0165 26.5 13.1705
      vertex -10.5458 26.5 13.0107
    endloop
  endfacet
  facet normal 0 -1 0
    outer loop
      vertex 10.7469 26.5 12.0179
      vertex -10.5458 26.5 13.0107
      vertex -10.1 26.5 12.7909
    endloop
  endfacet
  facet normal 0 -1 0
    outer loop
      vertex 10.7469 26.5 12.0179
      vertex -10.1 26.5 12.7909
      vertex -9.68671 26.5 12.5147
    endloop
  endfacet
  facet normal 0 -1 -0
    outer loop
      vertex 25.4222 26.5 15.1606
      vertex 17.8441 26.5 10.1162
      vertex 25.4886 26.5 14.8271
    endloop
  endfacet
  facet normal 0 -1 -0
    outer loop
      vertex 25.4886 26.5 14.8271
      vertex 17.8441 26.5 10.1162
      vertex 25.5979 26.5 14.505
    endloop
  endfacet
  facet normal 0 -1 0
    outer loop
      vertex 18.7882 26.5 9.28822
      vertex 25.5979 26.5 14.505
      vertex 17.8441 26.5 10.1162
    endloop
  endfacet
  facet normal 0 -1 -0
    outer loop
      vertex 25.7483 26.5 14.2
      vertex 18.7882 26.5 9.28822
      vertex 25.9373 26.5 13.9172
    endloop
  endfacet
  facet normal 0 -1 -0
    outer loop
      vertex 25.5979 26.5 14.505
      vertex 18.7882 26.5 9.28822
      vertex 25.7483 26.5 14.2
    endloop
  endfacet
  facet normal -0 0 1
    outer loop
      vertex -43.5 26.5 -30.09
      vertex 43.5 -26.5 -30.09
      vertex 43.5 26.5 -30.09
    endloop
  endfacet
  facet normal 0 0 1
    outer loop
      vertex 43.5 -26.5 -30.09
      vertex -43.5 26.5 -30.09
      vertex -43.5 -26.5 -30.09
    endloop
  endfacet
  facet normal 0 1 -0
    outer loop
      vertex -23 -26.5 -22.5
      vertex -38.0728 -26.5 -22
      vertex -23 -26.5 -18.5
    endloop
  endfacet
  facet normal 0 1 0
    outer loop
      vertex -13 -26.5 -22.5
      vertex -38.0728 -26.5 -30
      vertex -23 -26.5 -22.5
    endloop
  endfacet
  facet normal 0 1 0
    outer loop
      vertex -23 -26.5 -22.5
      vertex -38.0728 -26.5 -30
      vertex -38.0728 -26.5 -22
    endloop
  endfacet
  facet normal 0 1 -0
    outer loop
      vertex -11 -26.5 -22.5
      vertex -13 -26.5 -18.5
      vertex -11 -26.5 -18.5
    endloop
  endfacet
  facet normal 0 1 0
    outer loop
      vertex -13 -26.5 -18.5
      vertex -11 -26.5 -22.5
      vertex -13 -26.5 -22.5
    endloop
  endfacet
  facet normal 0 1 -0
    outer loop
      vertex 1 -26.5 -22.5
      vertex -1 -26.5 -18.5
      vertex 1 -26.5 -18.5
    endloop
  endfacet
  facet normal 0 1 0
    outer loop
      vertex -1 -26.5 -18.5
      vertex 1 -26.5 -22.5
      vertex -1 -26.5 -22.5
    endloop
  endfacet
  facet normal 0 1 -0
    outer loop
      vertex 13 -26.5 -22.5
      vertex 11 -26.5 -18.5
      vertex 13 -26.5 -18.5
    endloop
  endfacet
  facet normal 0 1 0
    outer loop
      vertex 11 -26.5 -18.5
      vertex 13 -26.5 -22.5
      vertex 11 -26.5 -22.5
    endloop
  endfacet
  facet normal 0 1 0
    outer loop
      vertex 26.0178 -26.5 -15.7361
      vertex 23 -26.5 -22.5
      vertex 25.3 -26.5 -16.2158
    endloop
  endfacet
  facet normal 0 1 0
    outer loop
      vertex 25.3 -26.5 -16.2158
      vertex 23 -26.5 -22.5
      vertex 23 -26.5 -18.5
    endloop
  endfacet
  facet normal 0 1 0
    outer loop
      vertex 38.0728 -26.5 -30
      vertex 13 -26.5 -22.5
      vertex 23 -26.5 -22.5
    endloop
  endfacet
  facet normal 0 1 0
    outer loop
      vertex 13 -26.5 -22.5
      vertex 38.0728 -26.5 -30
      vertex 11 -26.5 -22.5
    endloop
  endfacet
  facet normal 0 1 0
    outer loop
      vertex 11 -26.5 -22.5
      vertex 38.0728 -26.5 -30
      vertex 1 -26.5 -22.5
    endloop
  endfacet
  facet normal 0 1 0
    outer loop
      vertex 1 -26.5 -22.5
      vertex 38.0728 -26.5 -30
      vertex -1 -26.5 -22.5
    endloop
  endfacet
  facet normal 0 1 0
    outer loop
      vertex -38.0728 -26.5 -30
      vertex -1 -26.5 -22.5
      vertex 38.0728 -26.5 -30
    endloop
  endfacet
  facet normal 0 1 0
    outer loop
      vertex -1 -26.5 -22.5
      vertex -38.0728 -26.5 -30
      vertex -11 -26.5 -22.5
    endloop
  endfacet
  facet normal 0 1 0
    outer loop
      vertex -11 -26.5 -22.5
      vertex -38.0728 -26.5 -30
      vertex -13 -26.5 -22.5
    endloop
  endfacet
  facet normal 0 1 -0
    outer loop
      vertex 38.0728 -26.5 -30
      vertex 23 -26.5 -22.5
      vertex 38.0728 -26.5 -22
    endloop
  endfacet
  facet normal 0 1 0
    outer loop
      vertex 43.5 -26.5 32.5
      vertex 0.535157 -26.5 -6.43508
      vertex 0 -26.5 -6.4
    endloop
  endfacet
  facet normal 0 1 0
    outer loop
      vertex 2.49592 -26.5 -7.24725
      vertex 17.3331 -26.5 -5.83309
      vertex 16.7639 -26.5 -6.48217
    endloop
  endfacet
  facet normal 0 1 0
    outer loop
      vertex 17.9822 -26.5 -5.26387
      vertex 1.06116 -26.5 -6.5397
      vertex 0.535157 -26.5 -6.43508
    endloop
  endfacet
  facet normal 0 1 0
    outer loop
      vertex 17.9822 -26.5 -5.26387
      vertex 1.569 -26.5 -6.71209
      vertex 1.06116 -26.5 -6.5397
    endloop
  endfacet
  facet normal 0 1 0
    outer loop
      vertex 17.9822 -26.5 -5.26387
      vertex 2.05 -26.5 -6.9493
      vertex 1.569 -26.5 -6.71209
    endloop
  endfacet
  facet normal 0 1 0
    outer loop
      vertex 2.89914 -26.5 -7.60086
      vertex 16.7639 -26.5 -6.48217
      vertex 16.2842 -26.5 -7.2
    endloop
  endfacet
  facet normal 0 1 0
    outer loop
      vertex 17.3331 -26.5 -5.83309
      vertex 2.49592 -26.5 -7.24725
      vertex 2.05 -26.5 -6.9493
    endloop
  endfacet
  facet normal 0 1 0
    outer loop
      vertex 16.7639 -26.5 -6.48217
      vertex 2.89914 -26.5 -7.60086
      vertex 2.49592 -26.5 -7.24725
    endloop
  endfacet
  facet normal 0 1 0
    outer loop
      vertex 3.5507 -26.5 -8.45
      vertex 16.2842 -26.5 -7.2
      vertex 15.9024 -26.5 -7.97429
    endloop
  endfacet
  facet normal 0 1 0
    outer loop
      vertex 16.2842 -26.5 -7.2
      vertex 3.25275 -26.5 -8.00408
      vertex 2.89914 -26.5 -7.60086
    endloop
  endfacet
  facet normal 0 1 0
    outer loop
      vertex 16.2842 -26.5 -7.2
      vertex 3.5507 -26.5 -8.45
      vertex 3.25275 -26.5 -8.00408
    endloop
  endfacet
  facet normal 0 1 0
    outer loop
      vertex 3.78791 -26.5 -8.931
      vertex 15.9024 -26.5 -7.97429
      vertex 15.6249 -26.5 -8.79179
    endloop
  endfacet
  facet normal 0 1 0
    outer loop
      vertex 15.9024 -26.5 -7.97429
      vertex 3.78791 -26.5 -8.931
      vertex 3.5507 -26.5 -8.45
    endloop
  endfacet
  facet normal 0 1 0
    outer loop
      vertex 15.6249 -26.5 -8.79179
      vertex 3.9603 -26.5 -9.43884
      vertex 3.78791 -26.5 -8.931
    endloop
  endfacet
  facet normal 0 1 -0
    outer loop
      vertex 15.4565 -26.5 -9.63853
      vertex 3.9603 -26.5 -9.43884
      vertex 15.6249 -26.5 -8.79179
    endloop
  endfacet
  facet normal 0 1 0
    outer loop
      vertex 15.4565 -26.5 -9.63853
      vertex 4.06492 -26.5 -9.96484
      vertex 3.9603 -26.5 -9.43884
    endloop
  endfacet
  facet normal 0 1 -0
    outer loop
      vertex 15.4 -26.5 -10.5
      vertex 4.06492 -26.5 -9.96484
      vertex 15.4565 -26.5 -9.63853
    endloop
  endfacet
  facet normal 0 1 0
    outer loop
      vertex 15.4 -26.5 -10.5
      vertex 4.1 -26.5 -10.5
      vertex 4.06492 -26.5 -9.96484
    endloop
  endfacet
  facet normal 0 1 0
    outer loop
      vertex 15.4 -26.5 -10.5
      vertex 4.06492 -26.5 -11.0352
      vertex 4.1 -26.5 -10.5
    endloop
  endfacet
  facet normal 0 1 0
    outer loop
      vertex 15.4565 -26.5 -11.3615
      vertex 4.06492 -26.5 -11.0352
      vertex 15.4 -26.5 -10.5
    endloop
  endfacet
  facet normal 0 1 0
    outer loop
      vertex 15.4565 -26.5 -11.3615
      vertex 3.9603 -26.5 -11.5612
      vertex 4.06492 -26.5 -11.0352
    endloop
  endfacet
  facet normal 0 1 -0
    outer loop
      vertex 11 -26.5 -18.5
      vertex 3.9603 -26.5 -11.5612
      vertex 15.4565 -26.5 -11.3615
    endloop
  endfacet
  facet normal 0 1 0
    outer loop
      vertex 11 -26.5 -18.5
      vertex 15.4565 -26.5 -11.3615
      vertex 15.6249 -26.5 -12.2082
    endloop
  endfacet
  facet normal 0 1 0
    outer loop
      vertex 3.9603 -26.5 -11.5612
      vertex 11 -26.5 -18.5
      vertex 3.78791 -26.5 -12.069
    endloop
  endfacet
  facet normal 0 1 0
    outer loop
      vertex 3.78791 -26.5 -12.069
      vertex 11 -26.5 -18.5
      vertex 3.5507 -26.5 -12.55
    endloop
  endfacet
  facet normal 0 1 0
    outer loop
      vertex 11 -26.5 -18.5
      vertex 15.6249 -26.5 -12.2082
      vertex 15.9024 -26.5 -13.0257
    endloop
  endfacet
  facet normal 0 1 0
    outer loop
      vertex 3.5507 -26.5 -12.55
      vertex 11 -26.5 -18.5
      vertex 3.25275 -26.5 -12.9959
    endloop
  endfacet
  facet normal 0 1 0
    outer loop
      vertex 3.25275 -26.5 -12.9959
      vertex 11 -26.5 -18.5
      vertex 2.89914 -26.5 -13.3991
    endloop
  endfacet
  facet normal 0 1 0
    outer loop
      vertex 13 -26.5 -18.5
      vertex 15.9024 -26.5 -13.0257
      vertex 16.2842 -26.5 -13.8
    endloop
  endfacet
  facet normal 0 1 0
    outer loop
      vertex 2.89914 -26.5 -13.3991
      vertex 11 -26.5 -18.5
      vertex 2.49592 -26.5 -13.7527
    endloop
  endfacet
  facet normal 0 1 0
    outer loop
      vertex 1 -26.5 -18.5
      vertex 2.49592 -26.5 -13.7527
      vertex 11 -26.5 -18.5
    endloop
  endfacet
  facet normal 0 1 0
    outer loop
      vertex 2.49592 -26.5 -13.7527
      vertex 1 -26.5 -18.5
      vertex 2.05 -26.5 -14.0507
    endloop
  endfacet
  facet normal 0 1 0
    outer loop
      vertex 13 -26.5 -18.5
      vertex 16.2842 -26.5 -13.8
      vertex 16.7639 -26.5 -14.5178
    endloop
  endfacet
  facet normal 0 1 0
    outer loop
      vertex 2.05 -26.5 -14.0507
      vertex 1 -26.5 -18.5
      vertex 1.569 -26.5 -14.2879
    endloop
  endfacet
  facet normal 0 1 0
    outer loop
      vertex 1.569 -26.5 -14.2879
      vertex 1 -26.5 -18.5
      vertex 1.06116 -26.5 -14.4603
    endloop
  endfacet
  facet normal 0 1 0
    outer loop
      vertex 13 -26.5 -18.5
      vertex 16.7639 -26.5 -14.5178
      vertex 17.3331 -26.5 -15.1669
    endloop
  endfacet
  facet normal 0 1 0
    outer loop
      vertex 21.1385 -26.5 -3.95646
      vertex 43.5 -26.5 32.5
      vertex 22 -26.5 -3.9
    endloop
  endfacet
  facet normal 0 1 0
    outer loop
      vertex 43.5 -26.5 32.5
      vertex 22.8615 -26.5 -3.95646
      vertex 22 -26.5 -3.9
    endloop
  endfacet
  facet normal 0 1 0
    outer loop
      vertex 43.5 -26.5 32.5
      vertex 23.7082 -26.5 -4.12489
      vertex 22.8615 -26.5 -3.95646
    endloop
  endfacet
  facet normal 0 1 0
    outer loop
      vertex 43.5 -26.5 32.5
      vertex 24.5257 -26.5 -4.40239
      vertex 23.7082 -26.5 -4.12489
    endloop
  endfacet
  facet normal 0 1 0
    outer loop
      vertex 43.5 -26.5 32.5
      vertex 25.3 -26.5 -4.78423
      vertex 24.5257 -26.5 -4.40239
    endloop
  endfacet
  facet normal 0 1 0
    outer loop
      vertex 43.5 -26.5 32.5
      vertex 26.0178 -26.5 -5.26387
      vertex 25.3 -26.5 -4.78423
    endloop
  endfacet
  facet normal 0 1 0
    outer loop
      vertex 43.5 -26.5 32.5
      vertex 26.6669 -26.5 -5.83309
      vertex 26.0178 -26.5 -5.26387
    endloop
  endfacet
  facet normal 0 1 0
    outer loop
      vertex 43.5 -26.5 32.5
      vertex 27.2361 -26.5 -6.48217
      vertex 26.6669 -26.5 -5.83309
    endloop
  endfacet
  facet normal 0 1 0
    outer loop
      vertex 43.5 -26.5 32.5
      vertex 27.7158 -26.5 -7.2
      vertex 27.2361 -26.5 -6.48217
    endloop
  endfacet
  facet normal 0 1 0
    outer loop
      vertex 43.5 -26.5 32.5
      vertex 28.0976 -26.5 -7.97429
      vertex 27.7158 -26.5 -7.2
    endloop
  endfacet
  facet normal 0 1 -0
    outer loop
      vertex 41.9272 -26.5 -22
      vertex 28.0976 -26.5 -7.97429
      vertex 43.5 -26.5 32.5
    endloop
  endfacet
  facet normal 0 1 0
    outer loop
      vertex 28.0976 -26.5 -7.97429
      vertex 41.9272 -26.5 -22
      vertex 28.3751 -26.5 -8.79179
    endloop
  endfacet
  facet normal 0 1 0
    outer loop
      vertex 28.3751 -26.5 -8.79179
      vertex 41.9272 -26.5 -22
      vertex 28.5435 -26.5 -9.63853
    endloop
  endfacet
  facet normal 0 1 0
    outer loop
      vertex 28.5435 -26.5 -9.63853
      vertex 41.9272 -26.5 -22
      vertex 28.6 -26.5 -10.5
    endloop
  endfacet
  facet normal 0 1 -0
    outer loop
      vertex 38.0728 -26.5 -22
      vertex 28.6 -26.5 -10.5
      vertex 41.9272 -26.5 -22
    endloop
  endfacet
  facet normal 0 1 0
    outer loop
      vertex 22.8615 -26.5 -17.0435
      vertex 23 -26.5 -18.5
      vertex 22 -26.5 -17.1
    endloop
  endfacet
  facet normal 0 1 0
    outer loop
      vertex 23.7082 -26.5 -16.8751
      vertex 23 -26.5 -18.5
      vertex 22.8615 -26.5 -17.0435
    endloop
  endfacet
  facet normal 0 1 0
    outer loop
      vertex 24.5257 -26.5 -16.5976
      vertex 23 -26.5 -18.5
      vertex 23.7082 -26.5 -16.8751
    endloop
  endfacet
  facet normal 0 1 0
    outer loop
      vertex 25.3 -26.5 -16.2158
      vertex 23 -26.5 -18.5
      vertex 24.5257 -26.5 -16.5976
    endloop
  endfacet
  facet normal 0 1 0
    outer loop
      vertex 23 -26.5 -22.5
      vertex 26.0178 -26.5 -15.7361
      vertex 38.0728 -26.5 -22
    endloop
  endfacet
  facet normal 0 1 0
    outer loop
      vertex 27.2361 -26.5 -14.5178
      vertex 38.0728 -26.5 -22
      vertex 26.6669 -26.5 -15.1669
    endloop
  endfacet
  facet normal 0 1 0
    outer loop
      vertex 26.6669 -26.5 -15.1669
      vertex 38.0728 -26.5 -22
      vertex 26.0178 -26.5 -15.7361
    endloop
  endfacet
  facet normal 0 1 0
    outer loop
      vertex 27.7158 -26.5 -13.8
      vertex 38.0728 -26.5 -22
      vertex 27.2361 -26.5 -14.5178
    endloop
  endfacet
  facet normal 0 1 0
    outer loop
      vertex 28.0976 -26.5 -13.0257
      vertex 38.0728 -26.5 -22
      vertex 27.7158 -26.5 -13.8
    endloop
  endfacet
  facet normal 0 1 0
    outer loop
      vertex 28.3751 -26.5 -12.2082
      vertex 38.0728 -26.5 -22
      vertex 28.0976 -26.5 -13.0257
    endloop
  endfacet
  facet normal 0 1 0
    outer loop
      vertex 28.5435 -26.5 -11.3615
      vertex 38.0728 -26.5 -22
      vertex 28.3751 -26.5 -12.2082
    endloop
  endfacet
  facet normal 0 1 0
    outer loop
      vertex 28.6 -26.5 -10.5
      vertex 38.0728 -26.5 -22
      vertex 28.5435 -26.5 -11.3615
    endloop
  endfacet
  facet normal 0 1 -0
    outer loop
      vertex 43.5 -26.5 -30.09
      vertex 41.9272 -26.5 -22
      vertex 43.5 -26.5 32.5
    endloop
  endfacet
  facet normal 0 1 0
    outer loop
      vertex 43.5 -26.5 -30.09
      vertex 38.0728 -26.5 -30
      vertex 41.9272 -26.5 -30
    endloop
  endfacet
  facet normal 0 1 0
    outer loop
      vertex 38.0728 -26.5 -30
      vertex 43.5 -26.5 -30.09
      vertex -38.0728 -26.5 -30
    endloop
  endfacet
  facet normal 0 1 0
    outer loop
      vertex -43.5 -26.5 -30.09
      vertex -38.0728 -26.5 -30
      vertex 43.5 -26.5 -30.09
    endloop
  endfacet
  facet normal 0 1 0
    outer loop
      vertex 41.9272 -26.5 -22
      vertex 43.5 -26.5 -30.09
      vertex 41.9272 -26.5 -30
    endloop
  endfacet
  facet normal 0 1 0
    outer loop
      vertex 20.2918 -26.5 -4.12489
      vertex 43.5 -26.5 32.5
      vertex 21.1385 -26.5 -3.95646
    endloop
  endfacet
  facet normal 0 1 0
    outer loop
      vertex 19.4743 -26.5 -4.40239
      vertex 43.5 -26.5 32.5
      vertex 20.2918 -26.5 -4.12489
    endloop
  endfacet
  facet normal 0 1 0
    outer loop
      vertex 0.535157 -26.5 -6.43508
      vertex 43.5 -26.5 32.5
      vertex 19.4743 -26.5 -4.40239
    endloop
  endfacet
  facet normal 0 1 0
    outer loop
      vertex 0.535157 -26.5 -6.43508
      vertex 19.4743 -26.5 -4.40239
      vertex 18.7 -26.5 -4.78423
    endloop
  endfacet
  facet normal 0 1 0
    outer loop
      vertex 0.535157 -26.5 -6.43508
      vertex 18.7 -26.5 -4.78423
      vertex 17.9822 -26.5 -5.26387
    endloop
  endfacet
  facet normal 0 1 0
    outer loop
      vertex 2.05 -26.5 -6.9493
      vertex 17.9822 -26.5 -5.26387
      vertex 17.3331 -26.5 -5.83309
    endloop
  endfacet
  facet normal 0 1 0
    outer loop
      vertex 43.5 -26.5 32.5
      vertex 0 -26.5 -6.4
      vertex -43.5 -26.5 32.5
    endloop
  endfacet
  facet normal 0 1 -0
    outer loop
      vertex -0.535157 -26.5 -6.43508
      vertex -43.5 -26.5 32.5
      vertex 0 -26.5 -6.4
    endloop
  endfacet
  facet normal 0 1 -0
    outer loop
      vertex -1.06116 -26.5 -6.5397
      vertex -43.5 -26.5 32.5
      vertex -0.535157 -26.5 -6.43508
    endloop
  endfacet
  facet normal 0 1 -0
    outer loop
      vertex -1.569 -26.5 -6.71209
      vertex -43.5 -26.5 32.5
      vertex -1.06116 -26.5 -6.5397
    endloop
  endfacet
  facet normal 0 1 -0
    outer loop
      vertex -2.05 -26.5 -6.9493
      vertex -43.5 -26.5 32.5
      vertex -1.569 -26.5 -6.71209
    endloop
  endfacet
  facet normal 0 1 -0
    outer loop
      vertex -2.49592 -26.5 -7.24725
      vertex -43.5 -26.5 32.5
      vertex -2.05 -26.5 -6.9493
    endloop
  endfacet
  facet normal 0 1 -0
    outer loop
      vertex -2.89914 -26.5 -7.60086
      vertex -43.5 -26.5 32.5
      vertex -2.49592 -26.5 -7.24725
    endloop
  endfacet
  facet normal 0 1 -0
    outer loop
      vertex -3.25275 -26.5 -8.00408
      vertex -43.5 -26.5 32.5
      vertex -2.89914 -26.5 -7.60086
    endloop
  endfacet
  facet normal 0 1 0
    outer loop
      vertex -23 -26.5 -18.5
      vertex -3.25275 -26.5 -8.00408
      vertex -3.5507 -26.5 -8.45
    endloop
  endfacet
  facet normal 0 1 0
    outer loop
      vertex -23 -26.5 -18.5
      vertex -3.5507 -26.5 -8.45
      vertex -3.78791 -26.5 -8.931
    endloop
  endfacet
  facet normal 0 1 0
    outer loop
      vertex -23 -26.5 -18.5
      vertex -3.78791 -26.5 -8.931
      vertex -3.9603 -26.5 -9.43884
    endloop
  endfacet
  facet normal 0 1 0
    outer loop
      vertex -13 -26.5 -18.5
      vertex -3.9603 -26.5 -9.43884
      vertex -4.06492 -26.5 -9.96484
    endloop
  endfacet
  facet normal 0 1 0
    outer loop
      vertex -13 -26.5 -18.5
      vertex -4.06492 -26.5 -9.96484
      vertex -4.1 -26.5 -10.5
    endloop
  endfacet
  facet normal 0 1 0
    outer loop
      vertex -11 -26.5 -18.5
      vertex -4.1 -26.5 -10.5
      vertex -4.06492 -26.5 -11.0352
    endloop
  endfacet
  facet normal 0 1 0
    outer loop
      vertex -11 -26.5 -18.5
      vertex -4.06492 -26.5 -11.0352
      vertex -3.9603 -26.5 -11.5612
    endloop
  endfacet
  facet normal 0 1 0
    outer loop
      vertex -11 -26.5 -18.5
      vertex -3.9603 -26.5 -11.5612
      vertex -3.78791 -26.5 -12.069
    endloop
  endfacet
  facet normal 0 1 0
    outer loop
      vertex -11 -26.5 -18.5
      vertex -3.78791 -26.5 -12.069
      vertex -3.5507 -26.5 -12.55
    endloop
  endfacet
  facet normal 0 1 0
    outer loop
      vertex -11 -26.5 -18.5
      vertex -3.5507 -26.5 -12.55
      vertex -3.25275 -26.5 -12.9959
    endloop
  endfacet
  facet normal 0 1 0
    outer loop
      vertex -11 -26.5 -18.5
      vertex -3.25275 -26.5 -12.9959
      vertex -2.89914 -26.5 -13.3991
    endloop
  endfacet
  facet normal 0 1 0
    outer loop
      vertex 13 -26.5 -18.5
      vertex 17.3331 -26.5 -15.1669
      vertex 17.9822 -26.5 -15.7361
    endloop
  endfacet
  facet normal 0 1 0
    outer loop
      vertex 13 -26.5 -18.5
      vertex 17.9822 -26.5 -15.7361
      vertex 18.7 -26.5 -16.2158
    endloop
  endfacet
  facet normal 0 1 0
    outer loop
      vertex 1.06116 -26.5 -14.4603
      vertex 1 -26.5 -18.5
      vertex 0.535157 -26.5 -14.5649
    endloop
  endfacet
  facet normal 0 1 0
    outer loop
      vertex 13 -26.5 -18.5
      vertex 18.7 -26.5 -16.2158
      vertex 19.4743 -26.5 -16.5976
    endloop
  endfacet
  facet normal 0 1 0
    outer loop
      vertex 13 -26.5 -18.5
      vertex 19.4743 -26.5 -16.5976
      vertex 20.2918 -26.5 -16.8751
    endloop
  endfacet
  facet normal 0 1 0
    outer loop
      vertex 23 -26.5 -18.5
      vertex 20.2918 -26.5 -16.8751
      vertex 21.1385 -26.5 -17.0435
    endloop
  endfacet
  facet normal 0 1 0
    outer loop
      vertex 23 -26.5 -18.5
      vertex 21.1385 -26.5 -17.0435
      vertex 22 -26.5 -17.1
    endloop
  endfacet
  facet normal 0 1 0
    outer loop
      vertex 20.2918 -26.5 -16.8751
      vertex 23 -26.5 -18.5
      vertex 13 -26.5 -18.5
    endloop
  endfacet
  facet normal 0 1 0
    outer loop
      vertex 15.9024 -26.5 -13.0257
      vertex 13 -26.5 -18.5
      vertex 11 -26.5 -18.5
    endloop
  endfacet
  facet normal 0 1 0
    outer loop
      vertex 0.535157 -26.5 -14.5649
      vertex 1 -26.5 -18.5
      vertex 0 -26.5 -14.6
    endloop
  endfacet
  facet normal 0 1 0
    outer loop
      vertex -1 -26.5 -18.5
      vertex 0 -26.5 -14.6
      vertex 1 -26.5 -18.5
    endloop
  endfacet
  facet normal 0 1 0
    outer loop
      vertex 0 -26.5 -14.6
      vertex -1 -26.5 -18.5
      vertex -0.535157 -26.5 -14.5649
    endloop
  endfacet
  facet normal 0 1 0
    outer loop
      vertex -0.535157 -26.5 -14.5649
      vertex -1 -26.5 -18.5
      vertex -1.06116 -26.5 -14.4603
    endloop
  endfacet
  facet normal 0 1 0
    outer loop
      vertex -1.06116 -26.5 -14.4603
      vertex -1 -26.5 -18.5
      vertex -1.569 -26.5 -14.2879
    endloop
  endfacet
  facet normal 0 1 0
    outer loop
      vertex -1.569 -26.5 -14.2879
      vertex -1 -26.5 -18.5
      vertex -2.05 -26.5 -14.0507
    endloop
  endfacet
  facet normal 0 1 0
    outer loop
      vertex -2.05 -26.5 -14.0507
      vertex -1 -26.5 -18.5
      vertex -2.49592 -26.5 -13.7527
    endloop
  endfacet
  facet normal 0 1 0
    outer loop
      vertex -11 -26.5 -18.5
      vertex -2.49592 -26.5 -13.7527
      vertex -1 -26.5 -18.5
    endloop
  endfacet
  facet normal 0 1 0
    outer loop
      vertex -2.49592 -26.5 -13.7527
      vertex -11 -26.5 -18.5
      vertex -2.89914 -26.5 -13.3991
    endloop
  endfacet
  facet normal 0 1 0
    outer loop
      vertex -4.1 -26.5 -10.5
      vertex -11 -26.5 -18.5
      vertex -13 -26.5 -18.5
    endloop
  endfacet
  facet normal 0 1 0
    outer loop
      vertex -3.9603 -26.5 -9.43884
      vertex -13 -26.5 -18.5
      vertex -23 -26.5 -18.5
    endloop
  endfacet
  facet normal 0 1 0
    outer loop
      vertex -3.25275 -26.5 -8.00408
      vertex -23 -26.5 -18.5
      vertex -43.5 -26.5 32.5
    endloop
  endfacet
  facet normal 0 1 -0
    outer loop
      vertex -38.0728 -26.5 -22
      vertex -43.5 -26.5 32.5
      vertex -23 -26.5 -18.5
    endloop
  endfacet
  facet normal 0 1 -0
    outer loop
      vertex -41.9272 -26.5 -22
      vertex -43.5 -26.5 32.5
      vertex -38.0728 -26.5 -22
    endloop
  endfacet
  facet normal 0 1 0
    outer loop
      vertex -43.5 -26.5 -30.09
      vertex -41.9272 -26.5 -22
      vertex -41.9272 -26.5 -30
    endloop
  endfacet
  facet normal 0 1 0
    outer loop
      vertex -41.9272 -26.5 -22
      vertex -43.5 -26.5 -30.09
      vertex -43.5 -26.5 32.5
    endloop
  endfacet
  facet normal 0 1 0
    outer loop
      vertex -38.0728 -26.5 -30
      vertex -43.5 -26.5 -30.09
      vertex -41.9272 -26.5 -30
    endloop
  endfacet
  facet normal 0.555626 0.831432 -0
    outer loop
      vertex 42.435 26.1734 -30
      vertex 42 26.4641 -22
      vertex 42.435 26.1734 -22
    endloop
  endfacet
  facet normal 0.555626 0.831432 0
    outer loop
      vertex 42 26.4641 -22
      vertex 42.435 26.1734 -30
      vertex 42 26.4641 -30
    endloop
  endfacet
  facet normal -0.896898 0.442238 0
    outer loop
      vertex 36.3045 24.5307 -30
      vertex 36.5359 25 -22
      vertex 36.5359 25 -30
    endloop
  endfacet
  facet normal -0.896898 0.442238 0
    outer loop
      vertex 36.5359 25 -22
      vertex 36.3045 24.5307 -30
      vertex 36.3045 24.5307 -22
    endloop
  endfacet
  facet normal -0.442238 -0.896898 0
    outer loop
      vertex 38 19.5359 -30
      vertex 38.4693 19.3045 -22
      vertex 38 19.5359 -22
    endloop
  endfacet
  facet normal -0.442238 -0.896898 -0
    outer loop
      vertex 38.4693 19.3045 -22
      vertex 38 19.5359 -30
      vertex 38.4693 19.3045 -30
    endloop
  endfacet
  facet normal 0.896878 0.442279 0
    outer loop
      vertex 43.5 24.9272 -22
      vertex 43.4641 25 -30
      vertex 43.4641 25 -22
    endloop
  endfacet
  facet normal 0.896878 0.442279 0
    outer loop
      vertex 43.4641 25 -30
      vertex 43.5 24.9272 -22
      vertex 43.5 24.9272 -30
    endloop
  endfacet
  facet normal 0.831432 0.555626 0
    outer loop
      vertex 43.4641 25 -22
      vertex 43.1734 25.435 -30
      vertex 43.1734 25.435 -22
    endloop
  endfacet
  facet normal 0.831432 0.555626 0
    outer loop
      vertex 43.1734 25.435 -30
      vertex 43.4641 25 -22
      vertex 43.4641 25 -30
    endloop
  endfacet
  facet normal 0.442279 0.896878 -0
    outer loop
      vertex 42 26.4641 -30
      vertex 41.9272 26.5 -22
      vertex 42 26.4641 -22
    endloop
  endfacet
  facet normal 0.442279 0.896878 0
    outer loop
      vertex 41.9272 26.5 -22
      vertex 42 26.4641 -30
      vertex 41.9272 26.5 -30
    endloop
  endfacet
  facet normal -0.997861 0.0653646 0
    outer loop
      vertex 36 23 -30
      vertex 36.0342 23.5221 -22
      vertex 36.0342 23.5221 -30
    endloop
  endfacet
  facet normal -0.997861 0.0653646 0
    outer loop
      vertex 36.0342 23.5221 -22
      vertex 36 23 -30
      vertex 36 23 -22
    endloop
  endfacet
  facet normal -0.751842 0.659343 0
    outer loop
      vertex 36.8266 25.435 -30
      vertex 37.1716 25.8284 -22
      vertex 37.1716 25.8284 -30
    endloop
  endfacet
  facet normal -0.751842 0.659343 0
    outer loop
      vertex 37.1716 25.8284 -22
      vertex 36.8266 25.435 -30
      vertex 36.8266 25.435 -22
    endloop
  endfacet
  facet normal -0.659343 0.751842 0
    outer loop
      vertex 37.565 26.1734 -30
      vertex 37.1716 25.8284 -22
      vertex 37.565 26.1734 -22
    endloop
  endfacet
  facet normal -0.659343 0.751842 0
    outer loop
      vertex 37.1716 25.8284 -22
      vertex 37.565 26.1734 -30
      vertex 37.1716 25.8284 -30
    endloop
  endfacet
  facet normal 0.831432 -0.555626 0
    outer loop
      vertex 43.1734 20.565 -22
      vertex 43.4641 21 -30
      vertex 43.4641 21 -22
    endloop
  endfacet
  facet normal 0.831432 -0.555626 0
    outer loop
      vertex 43.4641 21 -30
      vertex 43.1734 20.565 -22
      vertex 43.1734 20.565 -30
    endloop
  endfacet
  facet normal 0.442238 -0.896898 0
    outer loop
      vertex 41.5307 19.3045 -30
      vertex 42 19.5359 -22
      vertex 41.5307 19.3045 -22
    endloop
  endfacet
  facet normal 0.442238 -0.896898 0
    outer loop
      vertex 42 19.5359 -22
      vertex 41.5307 19.3045 -30
      vertex 42 19.5359 -30
    endloop
  endfacet
  facet normal 0.555626 -0.831432 0
    outer loop
      vertex 42 19.5359 -30
      vertex 42.435 19.8266 -22
      vertex 42 19.5359 -22
    endloop
  endfacet
  facet normal 0.555626 -0.831432 0
    outer loop
      vertex 42.435 19.8266 -22
      vertex 42 19.5359 -30
      vertex 42.435 19.8266 -30
    endloop
  endfacet
  facet normal -0.0653646 -0.997861 0
    outer loop
      vertex 39.4779 19.0342 -30
      vertex 40 19 -22
      vertex 39.4779 19.0342 -22
    endloop
  endfacet
  facet normal -0.0653646 -0.997861 -0
    outer loop
      vertex 40 19 -22
      vertex 39.4779 19.0342 -30
      vertex 40 19 -30
    endloop
  endfacet
  facet normal -0.659343 -0.751842 0
    outer loop
      vertex 37.1716 20.1716 -30
      vertex 37.565 19.8266 -22
      vertex 37.1716 20.1716 -22
    endloop
  endfacet
  facet normal -0.659343 -0.751842 -0
    outer loop
      vertex 37.565 19.8266 -22
      vertex 37.1716 20.1716 -30
      vertex 37.565 19.8266 -30
    endloop
  endfacet
  facet normal -0.997861 -0.0653646 0
    outer loop
      vertex 36.0342 22.4779 -30
      vertex 36 23 -22
      vertex 36 23 -30
    endloop
  endfacet
  facet normal -0.997861 -0.0653646 0
    outer loop
      vertex 36 23 -22
      vertex 36.0342 22.4779 -30
      vertex 36.0342 22.4779 -22
    endloop
  endfacet
  facet normal 0 0 -1
    outer loop
      vertex 43.5 21.0728 -30
      vertex 41.1897 22.8434 -30
      vertex 41.2 23 -30
    endloop
  endfacet
  facet normal 0 0 -1
    outer loop
      vertex 42 19.5359 -30
      vertex 41.1591 22.6894 -30
      vertex 41.1897 22.8434 -30
    endloop
  endfacet
  facet normal 0 0 -1
    outer loop
      vertex 42 19.5359 -30
      vertex 41.1087 22.5408 -30
      vertex 41.1591 22.6894 -30
    endloop
  endfacet
  facet normal 0 0 -1
    outer loop
      vertex 42 19.5359 -30
      vertex 41.0392 22.4 -30
      vertex 41.1087 22.5408 -30
    endloop
  endfacet
  facet normal 0 0 -1
    outer loop
      vertex 40.4592 21.8913 -30
      vertex 41.5307 19.3045 -30
      vertex 41.0353 19.1363 -30
    endloop
  endfacet
  facet normal 0 0 -1
    outer loop
      vertex 42 19.5359 -30
      vertex 40.952 22.2695 -30
      vertex 41.0392 22.4 -30
    endloop
  endfacet
  facet normal 0 0 -1
    outer loop
      vertex 42 19.5359 -30
      vertex 40.8485 22.1515 -30
      vertex 40.952 22.2695 -30
    endloop
  endfacet
  facet normal 0 0 -1
    outer loop
      vertex 42 19.5359 -30
      vertex 40.7305 22.048 -30
      vertex 40.8485 22.1515 -30
    endloop
  endfacet
  facet normal 0 0 -1
    outer loop
      vertex 42 19.5359 -30
      vertex 40.6 21.9608 -30
      vertex 40.7305 22.048 -30
    endloop
  endfacet
  facet normal 0 0 -1
    outer loop
      vertex 40.3106 21.8409 -30
      vertex 41.0353 19.1363 -30
      vertex 40.5221 19.0342 -30
    endloop
  endfacet
  facet normal 0 0 -1
    outer loop
      vertex 41.5307 19.3045 -30
      vertex 40.4592 21.8913 -30
      vertex 40.6 21.9608 -30
    endloop
  endfacet
  facet normal 0 0 -1
    outer loop
      vertex 41.0353 19.1363 -30
      vertex 40.3106 21.8409 -30
      vertex 40.4592 21.8913 -30
    endloop
  endfacet
  facet normal 0 0 -1
    outer loop
      vertex 40.5221 19.0342 -30
      vertex 40.1566 21.8103 -30
      vertex 40.3106 21.8409 -30
    endloop
  endfacet
  facet normal 0 0 -1
    outer loop
      vertex 40 19 -30
      vertex 40.1566 21.8103 -30
      vertex 40.5221 19.0342 -30
    endloop
  endfacet
  facet normal 0 0 -1
    outer loop
      vertex 40 19 -30
      vertex 40 21.8 -30
      vertex 40.1566 21.8103 -30
    endloop
  endfacet
  facet normal 0 0 -1
    outer loop
      vertex 40 19 -30
      vertex 39.8434 21.8103 -30
      vertex 40 21.8 -30
    endloop
  endfacet
  facet normal 0 0 -1
    outer loop
      vertex 39.4779 19.0342 -30
      vertex 39.8434 21.8103 -30
      vertex 40 19 -30
    endloop
  endfacet
  facet normal -0 0 -1
    outer loop
      vertex 39.8434 21.8103 -30
      vertex 39.4779 19.0342 -30
      vertex 39.6894 21.8409 -30
    endloop
  endfacet
  facet normal 0 0 -1
    outer loop
      vertex 38.9647 19.1363 -30
      vertex 39.6894 21.8409 -30
      vertex 39.4779 19.0342 -30
    endloop
  endfacet
  facet normal -0 0 -1
    outer loop
      vertex 39.6894 21.8409 -30
      vertex 38.9647 19.1363 -30
      vertex 39.5408 21.8913 -30
    endloop
  endfacet
  facet normal 0 0 -1
    outer loop
      vertex 38.4693 19.3045 -30
      vertex 39.5408 21.8913 -30
      vertex 38.9647 19.1363 -30
    endloop
  endfacet
  facet normal -0 0 -1
    outer loop
      vertex 39.5408 21.8913 -30
      vertex 38.4693 19.3045 -30
      vertex 39.4 21.9608 -30
    endloop
  endfacet
  facet normal 0 0 -1
    outer loop
      vertex 38 19.5359 -30
      vertex 39.4 21.9608 -30
      vertex 38.4693 19.3045 -30
    endloop
  endfacet
  facet normal -0 0 -1
    outer loop
      vertex 39.4 21.9608 -30
      vertex 38 19.5359 -30
      vertex 39.2695 22.048 -30
    endloop
  endfacet
  facet normal 0 0 -1
    outer loop
      vertex 37.565 19.8266 -30
      vertex 39.2695 22.048 -30
      vertex 38 19.5359 -30
    endloop
  endfacet
  facet normal -0 0 -1
    outer loop
      vertex 39.2695 22.048 -30
      vertex 37.565 19.8266 -30
      vertex 39.1515 22.1515 -30
    endloop
  endfacet
  facet normal 0 0 -1
    outer loop
      vertex 37.1716 20.1716 -30
      vertex 39.1515 22.1515 -30
      vertex 37.565 19.8266 -30
    endloop
  endfacet
  facet normal -0 0 -1
    outer loop
      vertex 39.1515 22.1515 -30
      vertex 37.1716 20.1716 -30
      vertex 39.048 22.2695 -30
    endloop
  endfacet
  facet normal 0 0 -1
    outer loop
      vertex 36.8266 20.565 -30
      vertex 39.048 22.2695 -30
      vertex 37.1716 20.1716 -30
    endloop
  endfacet
  facet normal -0 0 -1
    outer loop
      vertex 39.048 22.2695 -30
      vertex 36.8266 20.565 -30
      vertex 38.9608 22.4 -30
    endloop
  endfacet
  facet normal 0 0 -1
    outer loop
      vertex 41.1897 22.8434 -30
      vertex 43.5 21.0728 -30
      vertex 43.4641 21 -30
    endloop
  endfacet
  facet normal 0 0 -1
    outer loop
      vertex 43.5 21.0728 -30
      vertex 41.2 23 -30
      vertex 43.5 24.9272 -30
    endloop
  endfacet
  facet normal 0 0 -1
    outer loop
      vertex 41.1897 22.8434 -30
      vertex 43.4641 21 -30
      vertex 43.1734 20.565 -30
    endloop
  endfacet
  facet normal 0 0 -1
    outer loop
      vertex 41.1897 23.1566 -30
      vertex 43.5 24.9272 -30
      vertex 41.2 23 -30
    endloop
  endfacet
  facet normal 0 0 -1
    outer loop
      vertex 41.1897 22.8434 -30
      vertex 43.1734 20.565 -30
      vertex 42.8284 20.1716 -30
    endloop
  endfacet
  facet normal 0 0 -1
    outer loop
      vertex 41.1591 23.3106 -30
      vertex 43.5 24.9272 -30
      vertex 41.1897 23.1566 -30
    endloop
  endfacet
  facet normal 0 0 -1
    outer loop
      vertex 41.1897 22.8434 -30
      vertex 42.8284 20.1716 -30
      vertex 42.435 19.8266 -30
    endloop
  endfacet
  facet normal 0 0 -1
    outer loop
      vertex 41.1087 23.4592 -30
      vertex 43.5 24.9272 -30
      vertex 41.1591 23.3106 -30
    endloop
  endfacet
  facet normal 0 0 -1
    outer loop
      vertex 41.1897 22.8434 -30
      vertex 42.435 19.8266 -30
      vertex 42 19.5359 -30
    endloop
  endfacet
  facet normal 0 0 -1
    outer loop
      vertex 41.0392 23.6 -30
      vertex 43.5 24.9272 -30
      vertex 41.1087 23.4592 -30
    endloop
  endfacet
  facet normal -0 0 -1
    outer loop
      vertex 43.5 24.9272 -30
      vertex 41.0392 23.6 -30
      vertex 43.4641 25 -30
    endloop
  endfacet
  facet normal 0 0 -1
    outer loop
      vertex 40.6 21.9608 -30
      vertex 42 19.5359 -30
      vertex 41.5307 19.3045 -30
    endloop
  endfacet
  facet normal -0 0 -1
    outer loop
      vertex 43.4641 25 -30
      vertex 41.0392 23.6 -30
      vertex 43.1734 25.435 -30
    endloop
  endfacet
  facet normal 0 0 -1
    outer loop
      vertex 40.952 23.7305 -30
      vertex 43.1734 25.435 -30
      vertex 41.0392 23.6 -30
    endloop
  endfacet
  facet normal -0 0 -1
    outer loop
      vertex 43.1734 25.435 -30
      vertex 40.952 23.7305 -30
      vertex 42.8284 25.8284 -30
    endloop
  endfacet
  facet normal 0 0 -1
    outer loop
      vertex 40.8485 23.8485 -30
      vertex 42.8284 25.8284 -30
      vertex 40.952 23.7305 -30
    endloop
  endfacet
  facet normal -0 0 -1
    outer loop
      vertex 42.8284 25.8284 -30
      vertex 40.8485 23.8485 -30
      vertex 42.435 26.1734 -30
    endloop
  endfacet
  facet normal 0 0 -1
    outer loop
      vertex 40.7305 23.952 -30
      vertex 42.435 26.1734 -30
      vertex 40.8485 23.8485 -30
    endloop
  endfacet
  facet normal -0 0 -1
    outer loop
      vertex 42.435 26.1734 -30
      vertex 40.7305 23.952 -30
      vertex 42 26.4641 -30
    endloop
  endfacet
  facet normal 0 0 -1
    outer loop
      vertex 40.6 24.0392 -30
      vertex 42 26.4641 -30
      vertex 40.7305 23.952 -30
    endloop
  endfacet
  facet normal -0 0 -1
    outer loop
      vertex 42 26.4641 -30
      vertex 40.6 24.0392 -30
      vertex 41.9272 26.5 -30
    endloop
  endfacet
  facet normal 0 0 -1
    outer loop
      vertex 40.4592 24.1087 -30
      vertex 41.9272 26.5 -30
      vertex 40.6 24.0392 -30
    endloop
  endfacet
  facet normal 0 0 -1
    outer loop
      vertex 40.3106 24.1591 -30
      vertex 41.9272 26.5 -30
      vertex 40.4592 24.1087 -30
    endloop
  endfacet
  facet normal 0 0 -1
    outer loop
      vertex 40.1566 24.1897 -30
      vertex 41.9272 26.5 -30
      vertex 40.3106 24.1591 -30
    endloop
  endfacet
  facet normal 0 0 -1
    outer loop
      vertex 40 24.2 -30
      vertex 41.9272 26.5 -30
      vertex 40.1566 24.1897 -30
    endloop
  endfacet
  facet normal 0 0 -1
    outer loop
      vertex 38.0728 26.5 -30
      vertex 40 24.2 -30
      vertex 39.8434 24.1897 -30
    endloop
  endfacet
  facet normal 0 0 -1
    outer loop
      vertex 38.0728 26.5 -30
      vertex 39.8434 24.1897 -30
      vertex 39.6894 24.1591 -30
    endloop
  endfacet
  facet normal 0 0 -1
    outer loop
      vertex 38.0728 26.5 -30
      vertex 39.6894 24.1591 -30
      vertex 39.5408 24.1087 -30
    endloop
  endfacet
  facet normal 0 0 -1
    outer loop
      vertex 38.0728 26.5 -30
      vertex 39.5408 24.1087 -30
      vertex 39.4 24.0392 -30
    endloop
  endfacet
  facet normal 0 0 -1
    outer loop
      vertex 38 26.4641 -30
      vertex 39.4 24.0392 -30
      vertex 39.2695 23.952 -30
    endloop
  endfacet
  facet normal 0 0 -1
    outer loop
      vertex 37.565 26.1734 -30
      vertex 39.2695 23.952 -30
      vertex 39.1515 23.8485 -30
    endloop
  endfacet
  facet normal 0 0 -1
    outer loop
      vertex 36.5359 21 -30
      vertex 38.9608 22.4 -30
      vertex 36.8266 20.565 -30
    endloop
  endfacet
  facet normal 0 0 -1
    outer loop
      vertex 40 24.2 -30
      vertex 38.0728 26.5 -30
      vertex 41.9272 26.5 -30
    endloop
  endfacet
  facet normal 0 0 -1
    outer loop
      vertex 37.1716 25.8284 -30
      vertex 39.1515 23.8485 -30
      vertex 39.048 23.7305 -30
    endloop
  endfacet
  facet normal 0 0 -1
    outer loop
      vertex 36.8266 25.435 -30
      vertex 39.048 23.7305 -30
      vertex 38.9608 23.6 -30
    endloop
  endfacet
  facet normal 0 0 -1
    outer loop
      vertex 36.5359 25 -30
      vertex 38.9608 23.6 -30
      vertex 38.8913 23.4592 -30
    endloop
  endfacet
  facet normal 0 0 -1
    outer loop
      vertex 36.3045 24.5307 -30
      vertex 38.8913 23.4592 -30
      vertex 38.8409 23.3106 -30
    endloop
  endfacet
  facet normal 0 0 -1
    outer loop
      vertex 36.1363 24.0353 -30
      vertex 38.8409 23.3106 -30
      vertex 38.8103 23.1566 -30
    endloop
  endfacet
  facet normal -0 0 -1
    outer loop
      vertex 38.9608 22.4 -30
      vertex 36.5359 21 -30
      vertex 38.8913 22.5408 -30
    endloop
  endfacet
  facet normal 0 0 -1
    outer loop
      vertex 36.3045 21.4693 -30
      vertex 38.8913 22.5408 -30
      vertex 36.5359 21 -30
    endloop
  endfacet
  facet normal -0 0 -1
    outer loop
      vertex 38.8913 22.5408 -30
      vertex 36.3045 21.4693 -30
      vertex 38.8409 22.6894 -30
    endloop
  endfacet
  facet normal 0 0 -1
    outer loop
      vertex 39.2695 23.952 -30
      vertex 37.565 26.1734 -30
      vertex 38 26.4641 -30
    endloop
  endfacet
  facet normal 0 0 -1
    outer loop
      vertex 39.4 24.0392 -30
      vertex 38 26.4641 -30
      vertex 38.0728 26.5 -30
    endloop
  endfacet
  facet normal 0 0 -1
    outer loop
      vertex 36.1363 21.9647 -30
      vertex 38.8409 22.6894 -30
      vertex 36.3045 21.4693 -30
    endloop
  endfacet
  facet normal 0 0 -1
    outer loop
      vertex 39.1515 23.8485 -30
      vertex 37.1716 25.8284 -30
      vertex 37.565 26.1734 -30
    endloop
  endfacet
  facet normal -0 0 -1
    outer loop
      vertex 38.8409 22.6894 -30
      vertex 36.1363 21.9647 -30
      vertex 38.8103 22.8434 -30
    endloop
  endfacet
  facet normal 0 0 -1
    outer loop
      vertex 39.048 23.7305 -30
      vertex 36.8266 25.435 -30
      vertex 37.1716 25.8284 -30
    endloop
  endfacet
  facet normal 0 0 -1
    outer loop
      vertex 36.0342 22.4779 -30
      vertex 38.8103 22.8434 -30
      vertex 36.1363 21.9647 -30
    endloop
  endfacet
  facet normal 0 0 -1
    outer loop
      vertex 38.9608 23.6 -30
      vertex 36.5359 25 -30
      vertex 36.8266 25.435 -30
    endloop
  endfacet
  facet normal -0 0 -1
    outer loop
      vertex 38.8103 22.8434 -30
      vertex 36.0342 22.4779 -30
      vertex 38.8 23 -30
    endloop
  endfacet
  facet normal 0 0 -1
    outer loop
      vertex 38.8913 23.4592 -30
      vertex 36.3045 24.5307 -30
      vertex 36.5359 25 -30
    endloop
  endfacet
  facet normal 0 0 -1
    outer loop
      vertex 36 23 -30
      vertex 38.8 23 -30
      vertex 36.0342 22.4779 -30
    endloop
  endfacet
  facet normal 0 0 -1
    outer loop
      vertex 38.8409 23.3106 -30
      vertex 36.1363 24.0353 -30
      vertex 36.3045 24.5307 -30
    endloop
  endfacet
  facet normal 0 0 -1
    outer loop
      vertex 38.8 23 -30
      vertex 36 23 -30
      vertex 38.8103 23.1566 -30
    endloop
  endfacet
  facet normal 0 0 -1
    outer loop
      vertex 38.8103 23.1566 -30
      vertex 36.0342 23.5221 -30
      vertex 36.1363 24.0353 -30
    endloop
  endfacet
  facet normal -0 0 -1
    outer loop
      vertex 38.8103 23.1566 -30
      vertex 36 23 -30
      vertex 36.0342 23.5221 -30
    endloop
  endfacet
  facet normal -0.751842 -0.659343 0
    outer loop
      vertex 37.1716 20.1716 -30
      vertex 36.8266 20.565 -22
      vertex 36.8266 20.565 -30
    endloop
  endfacet
  facet normal -0.751842 -0.659343 0
    outer loop
      vertex 36.8266 20.565 -22
      vertex 37.1716 20.1716 -30
      vertex 37.1716 20.1716 -22
    endloop
  endfacet
  facet normal 0.751842 0.659343 0
    outer loop
      vertex 43.1734 25.435 -22
      vertex 42.8284 25.8284 -30
      vertex 42.8284 25.8284 -22
    endloop
  endfacet
  facet normal 0.751842 0.659343 0
    outer loop
      vertex 42.8284 25.8284 -30
      vertex 43.1734 25.435 -22
      vertex 43.1734 25.435 -30
    endloop
  endfacet
  facet normal 0.659343 0.751842 -0
    outer loop
      vertex 42.8284 25.8284 -30
      vertex 42.435 26.1734 -22
      vertex 42.8284 25.8284 -22
    endloop
  endfacet
  facet normal 0.659343 0.751842 0
    outer loop
      vertex 42.435 26.1734 -22
      vertex 42.8284 25.8284 -30
      vertex 42.435 26.1734 -30
    endloop
  endfacet
  facet normal 0 0 1
    outer loop
      vertex 41.0392 23.6 -22
      vertex 43.5 24.9272 -22
      vertex 43.4641 25 -22
    endloop
  endfacet
  facet normal 0 0 1
    outer loop
      vertex 43.5 24.9272 -22
      vertex 41.2 23 -22
      vertex 43.5 21.0728 -22
    endloop
  endfacet
  facet normal 0 0 1
    outer loop
      vertex 41.0392 23.6 -22
      vertex 43.4641 25 -22
      vertex 43.1734 25.435 -22
    endloop
  endfacet
  facet normal -0 0 1
    outer loop
      vertex 41.1897 22.8434 -22
      vertex 43.5 21.0728 -22
      vertex 41.2 23 -22
    endloop
  endfacet
  facet normal 0 0 1
    outer loop
      vertex 40.952 23.7305 -22
      vertex 43.1734 25.435 -22
      vertex 42.8284 25.8284 -22
    endloop
  endfacet
  facet normal -0 0 1
    outer loop
      vertex 41.1591 22.6894 -22
      vertex 43.5 21.0728 -22
      vertex 41.1897 22.8434 -22
    endloop
  endfacet
  facet normal 0 0 1
    outer loop
      vertex 40.8485 23.8485 -22
      vertex 42.8284 25.8284 -22
      vertex 42.435 26.1734 -22
    endloop
  endfacet
  facet normal -0 0 1
    outer loop
      vertex 41.1087 22.5408 -22
      vertex 43.5 21.0728 -22
      vertex 41.1591 22.6894 -22
    endloop
  endfacet
  facet normal 0 0 1
    outer loop
      vertex 40.7305 23.952 -22
      vertex 42.435 26.1734 -22
      vertex 42 26.4641 -22
    endloop
  endfacet
  facet normal -0 0 1
    outer loop
      vertex 41.0392 22.4 -22
      vertex 43.5 21.0728 -22
      vertex 41.1087 22.5408 -22
    endloop
  endfacet
  facet normal 0 0 1
    outer loop
      vertex 40.6 24.0392 -22
      vertex 42 26.4641 -22
      vertex 41.9272 26.5 -22
    endloop
  endfacet
  facet normal 0 0 1
    outer loop
      vertex 43.5 21.0728 -22
      vertex 41.0392 22.4 -22
      vertex 43.4641 21 -22
    endloop
  endfacet
  facet normal 0 0 1
    outer loop
      vertex 43.4641 21 -22
      vertex 41.0392 22.4 -22
      vertex 43.1734 20.565 -22
    endloop
  endfacet
  facet normal 0 0 1
    outer loop
      vertex 43.5 24.9272 -22
      vertex 41.1897 23.1566 -22
      vertex 41.2 23 -22
    endloop
  endfacet
  facet normal 0 0 1
    outer loop
      vertex 43.5 24.9272 -22
      vertex 41.1591 23.3106 -22
      vertex 41.1897 23.1566 -22
    endloop
  endfacet
  facet normal 0 0 1
    outer loop
      vertex 43.5 24.9272 -22
      vertex 41.1087 23.4592 -22
      vertex 41.1591 23.3106 -22
    endloop
  endfacet
  facet normal 0 0 1
    outer loop
      vertex 43.5 24.9272 -22
      vertex 41.0392 23.6 -22
      vertex 41.1087 23.4592 -22
    endloop
  endfacet
  facet normal 0 0 1
    outer loop
      vertex 43.1734 25.435 -22
      vertex 40.952 23.7305 -22
      vertex 41.0392 23.6 -22
    endloop
  endfacet
  facet normal 0 0 1
    outer loop
      vertex 42.8284 25.8284 -22
      vertex 40.8485 23.8485 -22
      vertex 40.952 23.7305 -22
    endloop
  endfacet
  facet normal 0 0 1
    outer loop
      vertex 42.435 26.1734 -22
      vertex 40.7305 23.952 -22
      vertex 40.8485 23.8485 -22
    endloop
  endfacet
  facet normal 0 0 1
    outer loop
      vertex 42 26.4641 -22
      vertex 40.6 24.0392 -22
      vertex 40.7305 23.952 -22
    endloop
  endfacet
  facet normal 0 0 1
    outer loop
      vertex 41.9272 26.5 -22
      vertex 40.4592 24.1087 -22
      vertex 40.6 24.0392 -22
    endloop
  endfacet
  facet normal 0 0 1
    outer loop
      vertex 41.9272 26.5 -22
      vertex 40.3106 24.1591 -22
      vertex 40.4592 24.1087 -22
    endloop
  endfacet
  facet normal 0 0 1
    outer loop
      vertex 41.9272 26.5 -22
      vertex 40.1566 24.1897 -22
      vertex 40.3106 24.1591 -22
    endloop
  endfacet
  facet normal 0 0 1
    outer loop
      vertex 41.9272 26.5 -22
      vertex 40 24.2 -22
      vertex 40.1566 24.1897 -22
    endloop
  endfacet
  facet normal -0 0 1
    outer loop
      vertex 38.0728 26.5 -22
      vertex 40 24.2 -22
      vertex 41.9272 26.5 -22
    endloop
  endfacet
  facet normal 0 0 1
    outer loop
      vertex 40 24.2 -22
      vertex 38.0728 26.5 -22
      vertex 39.8434 24.1897 -22
    endloop
  endfacet
  facet normal 0 0 1
    outer loop
      vertex 39.8434 24.1897 -22
      vertex 38.0728 26.5 -22
      vertex 39.6894 24.1591 -22
    endloop
  endfacet
  facet normal 0 0 1
    outer loop
      vertex 39.6894 24.1591 -22
      vertex 38.0728 26.5 -22
      vertex 39.5408 24.1087 -22
    endloop
  endfacet
  facet normal 0 0 1
    outer loop
      vertex 39.5408 24.1087 -22
      vertex 38.0728 26.5 -22
      vertex 39.4 24.0392 -22
    endloop
  endfacet
  facet normal -0 0 1
    outer loop
      vertex 38 26.4641 -22
      vertex 39.4 24.0392 -22
      vertex 38.0728 26.5 -22
    endloop
  endfacet
  facet normal 0 0 1
    outer loop
      vertex 36 23 -22
      vertex 38.8 23 -22
      vertex 38.8103 23.1566 -22
    endloop
  endfacet
  facet normal 0 0 1
    outer loop
      vertex 39.4 24.0392 -22
      vertex 38 26.4641 -22
      vertex 39.2695 23.952 -22
    endloop
  endfacet
  facet normal -0 0 1
    outer loop
      vertex 37.565 26.1734 -22
      vertex 39.2695 23.952 -22
      vertex 38 26.4641 -22
    endloop
  endfacet
  facet normal 0 0 1
    outer loop
      vertex 39.2695 23.952 -22
      vertex 37.565 26.1734 -22
      vertex 39.1515 23.8485 -22
    endloop
  endfacet
  facet normal -0 0 1
    outer loop
      vertex 37.1716 25.8284 -22
      vertex 39.1515 23.8485 -22
      vertex 37.565 26.1734 -22
    endloop
  endfacet
  facet normal 0 0 1
    outer loop
      vertex 39.1515 23.8485 -22
      vertex 37.1716 25.8284 -22
      vertex 39.048 23.7305 -22
    endloop
  endfacet
  facet normal -0 0 1
    outer loop
      vertex 36.8266 25.435 -22
      vertex 39.048 23.7305 -22
      vertex 37.1716 25.8284 -22
    endloop
  endfacet
  facet normal 0 0 1
    outer loop
      vertex 39.048 23.7305 -22
      vertex 36.8266 25.435 -22
      vertex 38.9608 23.6 -22
    endloop
  endfacet
  facet normal -0 0 1
    outer loop
      vertex 36.5359 25 -22
      vertex 38.9608 23.6 -22
      vertex 36.8266 25.435 -22
    endloop
  endfacet
  facet normal 0 0 1
    outer loop
      vertex 38.8 23 -22
      vertex 38 19.5359 -22
      vertex 38.4693 19.3045 -22
    endloop
  endfacet
  facet normal 0 0 1
    outer loop
      vertex 38.9608 23.6 -22
      vertex 36.5359 25 -22
      vertex 38.8913 23.4592 -22
    endloop
  endfacet
  facet normal 0 0 1
    outer loop
      vertex 38.8 23 -22
      vertex 37.565 19.8266 -22
      vertex 38 19.5359 -22
    endloop
  endfacet
  facet normal -0 0 1
    outer loop
      vertex 36.3045 24.5307 -22
      vertex 38.8913 23.4592 -22
      vertex 36.5359 25 -22
    endloop
  endfacet
  facet normal 0 0 1
    outer loop
      vertex 38.8 23 -22
      vertex 37.1716 20.1716 -22
      vertex 37.565 19.8266 -22
    endloop
  endfacet
  facet normal 0 0 1
    outer loop
      vertex 38.8913 23.4592 -22
      vertex 36.3045 24.5307 -22
      vertex 38.8409 23.3106 -22
    endloop
  endfacet
  facet normal 0 0 1
    outer loop
      vertex 38.8 23 -22
      vertex 36.8266 20.565 -22
      vertex 37.1716 20.1716 -22
    endloop
  endfacet
  facet normal -0 0 1
    outer loop
      vertex 36.1363 24.0353 -22
      vertex 38.8409 23.3106 -22
      vertex 36.3045 24.5307 -22
    endloop
  endfacet
  facet normal 0 0 1
    outer loop
      vertex 38.8 23 -22
      vertex 36.5359 21 -22
      vertex 36.8266 20.565 -22
    endloop
  endfacet
  facet normal 0 0 1
    outer loop
      vertex 38.8409 23.3106 -22
      vertex 36.1363 24.0353 -22
      vertex 38.8103 23.1566 -22
    endloop
  endfacet
  facet normal 0 0 1
    outer loop
      vertex 38.8 23 -22
      vertex 36.3045 21.4693 -22
      vertex 36.5359 21 -22
    endloop
  endfacet
  facet normal -0 0 1
    outer loop
      vertex 36.0342 23.5221 -22
      vertex 38.8103 23.1566 -22
      vertex 36.1363 24.0353 -22
    endloop
  endfacet
  facet normal 0 0 1
    outer loop
      vertex 38.8 23 -22
      vertex 36.1363 21.9647 -22
      vertex 36.3045 21.4693 -22
    endloop
  endfacet
  facet normal 0 0 1
    outer loop
      vertex 36 23 -22
      vertex 38.8103 23.1566 -22
      vertex 36.0342 23.5221 -22
    endloop
  endfacet
  facet normal 0 0 1
    outer loop
      vertex 38.8 23 -22
      vertex 36.0342 22.4779 -22
      vertex 36.1363 21.9647 -22
    endloop
  endfacet
  facet normal 0 0 1
    outer loop
      vertex 38.8 23 -22
      vertex 36 23 -22
      vertex 36.0342 22.4779 -22
    endloop
  endfacet
  facet normal -0 0 1
    outer loop
      vertex 40.952 22.2695 -22
      vertex 43.1734 20.565 -22
      vertex 41.0392 22.4 -22
    endloop
  endfacet
  facet normal 0 0 1
    outer loop
      vertex 43.1734 20.565 -22
      vertex 40.952 22.2695 -22
      vertex 42.8284 20.1716 -22
    endloop
  endfacet
  facet normal -0 0 1
    outer loop
      vertex 40.8485 22.1515 -22
      vertex 42.8284 20.1716 -22
      vertex 40.952 22.2695 -22
    endloop
  endfacet
  facet normal 0 0 1
    outer loop
      vertex 42.8284 20.1716 -22
      vertex 40.8485 22.1515 -22
      vertex 42.435 19.8266 -22
    endloop
  endfacet
  facet normal -0 0 1
    outer loop
      vertex 40.7305 22.048 -22
      vertex 42.435 19.8266 -22
      vertex 40.8485 22.1515 -22
    endloop
  endfacet
  facet normal 0 0 1
    outer loop
      vertex 42.435 19.8266 -22
      vertex 40.7305 22.048 -22
      vertex 42 19.5359 -22
    endloop
  endfacet
  facet normal -0 0 1
    outer loop
      vertex 40.6 21.9608 -22
      vertex 42 19.5359 -22
      vertex 40.7305 22.048 -22
    endloop
  endfacet
  facet normal 0 0 1
    outer loop
      vertex 42 19.5359 -22
      vertex 40.6 21.9608 -22
      vertex 41.5307 19.3045 -22
    endloop
  endfacet
  facet normal -0 0 1
    outer loop
      vertex 40.4592 21.8913 -22
      vertex 41.5307 19.3045 -22
      vertex 40.6 21.9608 -22
    endloop
  endfacet
  facet normal 0 0 1
    outer loop
      vertex 41.5307 19.3045 -22
      vertex 40.4592 21.8913 -22
      vertex 41.0353 19.1363 -22
    endloop
  endfacet
  facet normal -0 0 1
    outer loop
      vertex 40.3106 21.8409 -22
      vertex 41.0353 19.1363 -22
      vertex 40.4592 21.8913 -22
    endloop
  endfacet
  facet normal 0 0 1
    outer loop
      vertex 41.0353 19.1363 -22
      vertex 40.3106 21.8409 -22
      vertex 40.5221 19.0342 -22
    endloop
  endfacet
  facet normal -0 0 1
    outer loop
      vertex 40.1566 21.8103 -22
      vertex 40.5221 19.0342 -22
      vertex 40.3106 21.8409 -22
    endloop
  endfacet
  facet normal -0 0 1
    outer loop
      vertex 40 21.8 -22
      vertex 40.5221 19.0342 -22
      vertex 40.1566 21.8103 -22
    endloop
  endfacet
  facet normal 0 0 1
    outer loop
      vertex 40 21.8 -22
      vertex 40 19 -22
      vertex 40.5221 19.0342 -22
    endloop
  endfacet
  facet normal 0 0 1
    outer loop
      vertex 39.8434 21.8103 -22
      vertex 40 19 -22
      vertex 40 21.8 -22
    endloop
  endfacet
  facet normal 0 0 1
    outer loop
      vertex 39.4779 19.0342 -22
      vertex 39.8434 21.8103 -22
      vertex 39.6894 21.8409 -22
    endloop
  endfacet
  facet normal 0 0 1
    outer loop
      vertex 38.9647 19.1363 -22
      vertex 39.6894 21.8409 -22
      vertex 39.5408 21.8913 -22
    endloop
  endfacet
  facet normal 0 0 1
    outer loop
      vertex 39.8434 21.8103 -22
      vertex 39.4779 19.0342 -22
      vertex 40 19 -22
    endloop
  endfacet
  facet normal 0 0 1
    outer loop
      vertex 38.4693 19.3045 -22
      vertex 39.5408 21.8913 -22
      vertex 39.4 21.9608 -22
    endloop
  endfacet
  facet normal 0 0 1
    outer loop
      vertex 38.4693 19.3045 -22
      vertex 39.4 21.9608 -22
      vertex 39.2695 22.048 -22
    endloop
  endfacet
  facet normal 0 0 1
    outer loop
      vertex 38.4693 19.3045 -22
      vertex 39.2695 22.048 -22
      vertex 39.1515 22.1515 -22
    endloop
  endfacet
  facet normal 0 0 1
    outer loop
      vertex 38.4693 19.3045 -22
      vertex 39.1515 22.1515 -22
      vertex 39.048 22.2695 -22
    endloop
  endfacet
  facet normal 0 0 1
    outer loop
      vertex 39.6894 21.8409 -22
      vertex 38.9647 19.1363 -22
      vertex 39.4779 19.0342 -22
    endloop
  endfacet
  facet normal 0 0 1
    outer loop
      vertex 38.4693 19.3045 -22
      vertex 39.048 22.2695 -22
      vertex 38.9608 22.4 -22
    endloop
  endfacet
  facet normal 0 0 1
    outer loop
      vertex 38.4693 19.3045 -22
      vertex 38.9608 22.4 -22
      vertex 38.8913 22.5408 -22
    endloop
  endfacet
  facet normal 0 0 1
    outer loop
      vertex 38.4693 19.3045 -22
      vertex 38.8913 22.5408 -22
      vertex 38.8409 22.6894 -22
    endloop
  endfacet
  facet normal 0 0 1
    outer loop
      vertex 38.4693 19.3045 -22
      vertex 38.8409 22.6894 -22
      vertex 38.8103 22.8434 -22
    endloop
  endfacet
  facet normal 0 0 1
    outer loop
      vertex 38.4693 19.3045 -22
      vertex 38.8103 22.8434 -22
      vertex 38.8 23 -22
    endloop
  endfacet
  facet normal 0 0 1
    outer loop
      vertex 39.5408 21.8913 -22
      vertex 38.4693 19.3045 -22
      vertex 38.9647 19.1363 -22
    endloop
  endfacet
  facet normal -0.94691 0.321498 0
    outer loop
      vertex 36.1363 24.0353 -30
      vertex 36.3045 24.5307 -22
      vertex 36.3045 24.5307 -30
    endloop
  endfacet
  facet normal -0.94691 0.321498 0
    outer loop
      vertex 36.3045 24.5307 -22
      vertex 36.1363 24.0353 -30
      vertex 36.1363 24.0353 -22
    endloop
  endfacet
  facet normal -0.980779 0.195124 0
    outer loop
      vertex 36.0342 23.5221 -30
      vertex 36.1363 24.0353 -22
      vertex 36.1363 24.0353 -30
    endloop
  endfacet
  facet normal -0.980779 0.195124 0
    outer loop
      vertex 36.1363 24.0353 -22
      vertex 36.0342 23.5221 -30
      vertex 36.0342 23.5221 -22
    endloop
  endfacet
  facet normal -0.831432 0.555626 0
    outer loop
      vertex 36.5359 25 -30
      vertex 36.8266 25.435 -22
      vertex 36.8266 25.435 -30
    endloop
  endfacet
  facet normal -0.831432 0.555626 0
    outer loop
      vertex 36.8266 25.435 -22
      vertex 36.5359 25 -30
      vertex 36.5359 25 -22
    endloop
  endfacet
  facet normal -0.555626 0.831432 0
    outer loop
      vertex 38 26.4641 -30
      vertex 37.565 26.1734 -22
      vertex 38 26.4641 -22
    endloop
  endfacet
  facet normal -0.555626 0.831432 0
    outer loop
      vertex 37.565 26.1734 -22
      vertex 38 26.4641 -30
      vertex 37.565 26.1734 -30
    endloop
  endfacet
  facet normal -0.442279 0.896878 0
    outer loop
      vertex 38.0728 26.5 -30
      vertex 38 26.4641 -22
      vertex 38.0728 26.5 -22
    endloop
  endfacet
  facet normal -0.442279 0.896878 0
    outer loop
      vertex 38 26.4641 -22
      vertex 38.0728 26.5 -30
      vertex 38 26.4641 -30
    endloop
  endfacet
  facet normal 0.0653646 -0.997861 0
    outer loop
      vertex 40 19 -30
      vertex 40.5221 19.0342 -22
      vertex 40 19 -22
    endloop
  endfacet
  facet normal 0.0653646 -0.997861 0
    outer loop
      vertex 40.5221 19.0342 -22
      vertex 40 19 -30
      vertex 40.5221 19.0342 -30
    endloop
  endfacet
  facet normal 0.321498 -0.94691 0
    outer loop
      vertex 41.0353 19.1363 -30
      vertex 41.5307 19.3045 -22
      vertex 41.0353 19.1363 -22
    endloop
  endfacet
  facet normal 0.321498 -0.94691 0
    outer loop
      vertex 41.5307 19.3045 -22
      vertex 41.0353 19.1363 -30
      vertex 41.5307 19.3045 -30
    endloop
  endfacet
  facet normal 0.751842 -0.659343 0
    outer loop
      vertex 42.8284 20.1716 -22
      vertex 43.1734 20.565 -30
      vertex 43.1734 20.565 -22
    endloop
  endfacet
  facet normal 0.751842 -0.659343 0
    outer loop
      vertex 43.1734 20.565 -30
      vertex 42.8284 20.1716 -22
      vertex 42.8284 20.1716 -30
    endloop
  endfacet
  facet normal 0.659343 -0.751842 0
    outer loop
      vertex 42.435 19.8266 -30
      vertex 42.8284 20.1716 -22
      vertex 42.435 19.8266 -22
    endloop
  endfacet
  facet normal 0.659343 -0.751842 0
    outer loop
      vertex 42.8284 20.1716 -22
      vertex 42.435 19.8266 -30
      vertex 42.8284 20.1716 -30
    endloop
  endfacet
  facet normal -0.321498 -0.94691 0
    outer loop
      vertex 38.4693 19.3045 -30
      vertex 38.9647 19.1363 -22
      vertex 38.4693 19.3045 -22
    endloop
  endfacet
  facet normal -0.321498 -0.94691 -0
    outer loop
      vertex 38.9647 19.1363 -22
      vertex 38.4693 19.3045 -30
      vertex 38.9647 19.1363 -30
    endloop
  endfacet
  facet normal -0.555626 -0.831432 0
    outer loop
      vertex 37.565 19.8266 -30
      vertex 38 19.5359 -22
      vertex 37.565 19.8266 -22
    endloop
  endfacet
  facet normal -0.555626 -0.831432 -0
    outer loop
      vertex 38 19.5359 -22
      vertex 37.565 19.8266 -30
      vertex 38 19.5359 -30
    endloop
  endfacet
  facet normal -0.980779 -0.195124 0
    outer loop
      vertex 36.1363 21.9647 -30
      vertex 36.0342 22.4779 -22
      vertex 36.0342 22.4779 -30
    endloop
  endfacet
  facet normal -0.980779 -0.195124 0
    outer loop
      vertex 36.0342 22.4779 -22
      vertex 36.1363 21.9647 -30
      vertex 36.1363 21.9647 -22
    endloop
  endfacet
  facet normal -0.896898 -0.442238 0
    outer loop
      vertex 36.5359 21 -30
      vertex 36.3045 21.4693 -22
      vertex 36.3045 21.4693 -30
    endloop
  endfacet
  facet normal -0.896898 -0.442238 0
    outer loop
      vertex 36.3045 21.4693 -22
      vertex 36.5359 21 -30
      vertex 36.5359 21 -22
    endloop
  endfacet
  facet normal 0.896878 -0.442279 0
    outer loop
      vertex 43.4641 21 -22
      vertex 43.5 21.0728 -30
      vertex 43.5 21.0728 -22
    endloop
  endfacet
  facet normal 0.896878 -0.442279 0
    outer loop
      vertex 43.5 21.0728 -30
      vertex 43.4641 21 -22
      vertex 43.4641 21 -30
    endloop
  endfacet
  facet normal 0.195124 -0.980779 0
    outer loop
      vertex 40.5221 19.0342 -30
      vertex 41.0353 19.1363 -22
      vertex 40.5221 19.0342 -22
    endloop
  endfacet
  facet normal 0.195124 -0.980779 0
    outer loop
      vertex 41.0353 19.1363 -22
      vertex 40.5221 19.0342 -30
      vertex 41.0353 19.1363 -30
    endloop
  endfacet
  facet normal -0.195124 -0.980779 0
    outer loop
      vertex 38.9647 19.1363 -30
      vertex 39.4779 19.0342 -22
      vertex 38.9647 19.1363 -22
    endloop
  endfacet
  facet normal -0.195124 -0.980779 -0
    outer loop
      vertex 39.4779 19.0342 -22
      vertex 38.9647 19.1363 -30
      vertex 39.4779 19.0342 -30
    endloop
  endfacet
  facet normal -0.94691 -0.321498 0
    outer loop
      vertex 36.3045 21.4693 -30
      vertex 36.1363 21.9647 -22
      vertex 36.1363 21.9647 -30
    endloop
  endfacet
  facet normal -0.94691 -0.321498 0
    outer loop
      vertex 36.1363 21.9647 -22
      vertex 36.3045 21.4693 -30
      vertex 36.3045 21.4693 -22
    endloop
  endfacet
  facet normal -0.831432 -0.555626 0
    outer loop
      vertex 36.8266 20.565 -30
      vertex 36.5359 21 -22
      vertex 36.5359 21 -30
    endloop
  endfacet
  facet normal -0.831432 -0.555626 0
    outer loop
      vertex 36.5359 21 -22
      vertex 36.8266 20.565 -30
      vertex 36.8266 20.565 -22
    endloop
  endfacet
  facet normal -0.997844 -0.0656309 0
    outer loop
      vertex 41.2 23 -30
      vertex 41.1897 23.1566 -22
      vertex 41.1897 23.1566 -30
    endloop
  endfacet
  facet normal -0.997844 -0.0656309 0
    outer loop
      vertex 41.1897 23.1566 -22
      vertex 41.2 23 -30
      vertex 41.2 23 -22
    endloop
  endfacet
  facet normal 0.997844 -0.0656309 0
    outer loop
      vertex 38.8 23 -22
      vertex 38.8103 23.1566 -30
      vertex 38.8103 23.1566 -22
    endloop
  endfacet
  facet normal 0.997844 -0.0656309 0
    outer loop
      vertex 38.8103 23.1566 -30
      vertex 38.8 23 -22
      vertex 38.8 23 -30
    endloop
  endfacet
  facet normal -0.0656309 -0.997844 0
    outer loop
      vertex 40 24.2 -30
      vertex 40.1566 24.1897 -22
      vertex 40 24.2 -22
    endloop
  endfacet
  facet normal -0.0656309 -0.997844 -0
    outer loop
      vertex 40.1566 24.1897 -22
      vertex 40 24.2 -30
      vertex 40.1566 24.1897 -30
    endloop
  endfacet
  facet normal -0.751787 -0.659406 0
    outer loop
      vertex 40.952 23.7305 -30
      vertex 40.8485 23.8485 -22
      vertex 40.8485 23.8485 -30
    endloop
  endfacet
  facet normal -0.751787 -0.659406 0
    outer loop
      vertex 40.8485 23.8485 -22
      vertex 40.952 23.7305 -30
      vertex 40.952 23.7305 -22
    endloop
  endfacet
  facet normal 0.659406 -0.751787 0
    outer loop
      vertex 39.1515 23.8485 -30
      vertex 39.2695 23.952 -22
      vertex 39.1515 23.8485 -22
    endloop
  endfacet
  facet normal 0.659406 -0.751787 0
    outer loop
      vertex 39.2695 23.952 -22
      vertex 39.1515 23.8485 -30
      vertex 39.2695 23.952 -30
    endloop
  endfacet
  facet normal 0.321194 -0.947013 0
    outer loop
      vertex 39.5408 24.1087 -30
      vertex 39.6894 24.1591 -22
      vertex 39.5408 24.1087 -22
    endloop
  endfacet
  facet normal 0.321194 -0.947013 0
    outer loop
      vertex 39.6894 24.1591 -22
      vertex 39.5408 24.1087 -30
      vertex 39.6894 24.1591 -30
    endloop
  endfacet
  facet normal 0.980825 0.194891 0
    outer loop
      vertex 38.8409 22.6894 -22
      vertex 38.8103 22.8434 -30
      vertex 38.8103 22.8434 -22
    endloop
  endfacet
  facet normal 0.980825 0.194891 0
    outer loop
      vertex 38.8103 22.8434 -30
      vertex 38.8409 22.6894 -22
      vertex 38.8409 22.6894 -30
    endloop
  endfacet
  facet normal -0.896708 -0.442622 0
    outer loop
      vertex 41.1087 23.4592 -30
      vertex 41.0392 23.6 -22
      vertex 41.0392 23.6 -30
    endloop
  endfacet
  facet normal -0.896708 -0.442622 0
    outer loop
      vertex 41.0392 23.6 -22
      vertex 41.1087 23.4592 -30
      vertex 41.1087 23.4592 -22
    endloop
  endfacet
  facet normal -0.831462 -0.555582 0
    outer loop
      vertex 41.0392 23.6 -30
      vertex 40.952 23.7305 -22
      vertex 40.952 23.7305 -30
    endloop
  endfacet
  facet normal -0.831462 -0.555582 0
    outer loop
      vertex 40.952 23.7305 -22
      vertex 41.0392 23.6 -30
      vertex 41.0392 23.6 -22
    endloop
  endfacet
  facet normal -0.442622 -0.896708 0
    outer loop
      vertex 40.4592 24.1087 -30
      vertex 40.6 24.0392 -22
      vertex 40.4592 24.1087 -22
    endloop
  endfacet
  facet normal -0.442622 -0.896708 -0
    outer loop
      vertex 40.6 24.0392 -22
      vertex 40.4592 24.1087 -30
      vertex 40.6 24.0392 -30
    endloop
  endfacet
  facet normal -0.555582 -0.831462 0
    outer loop
      vertex 40.6 24.0392 -30
      vertex 40.7305 23.952 -22
      vertex 40.6 24.0392 -22
    endloop
  endfacet
  facet normal -0.555582 -0.831462 -0
    outer loop
      vertex 40.7305 23.952 -22
      vertex 40.6 24.0392 -30
      vertex 40.7305 23.952 -30
    endloop
  endfacet
  facet normal 0.896708 -0.442622 0
    outer loop
      vertex 38.8913 23.4592 -22
      vertex 38.9608 23.6 -30
      vertex 38.9608 23.6 -22
    endloop
  endfacet
  facet normal 0.896708 -0.442622 0
    outer loop
      vertex 38.9608 23.6 -30
      vertex 38.8913 23.4592 -22
      vertex 38.8913 23.4592 -30
    endloop
  endfacet
  facet normal 0.831462 -0.555582 0
    outer loop
      vertex 38.9608 23.6 -22
      vertex 39.048 23.7305 -30
      vertex 39.048 23.7305 -22
    endloop
  endfacet
  facet normal 0.831462 -0.555582 0
    outer loop
      vertex 39.048 23.7305 -30
      vertex 38.9608 23.6 -22
      vertex 38.9608 23.6 -30
    endloop
  endfacet
  facet normal 0.442622 -0.896708 0
    outer loop
      vertex 39.4 24.0392 -30
      vertex 39.5408 24.1087 -22
      vertex 39.4 24.0392 -22
    endloop
  endfacet
  facet normal 0.442622 -0.896708 0
    outer loop
      vertex 39.5408 24.1087 -22
      vertex 39.4 24.0392 -30
      vertex 39.5408 24.1087 -30
    endloop
  endfacet
  facet normal 0.0656309 -0.997844 0
    outer loop
      vertex 39.8434 24.1897 -30
      vertex 40 24.2 -22
      vertex 39.8434 24.1897 -22
    endloop
  endfacet
  facet normal 0.0656309 -0.997844 0
    outer loop
      vertex 40 24.2 -22
      vertex 39.8434 24.1897 -30
      vertex 40 24.2 -30
    endloop
  endfacet
  facet normal -0.194891 0.980825 0
    outer loop
      vertex 40.3106 21.8409 -30
      vertex 40.1566 21.8103 -22
      vertex 40.3106 21.8409 -22
    endloop
  endfacet
  facet normal -0.194891 0.980825 0
    outer loop
      vertex 40.1566 21.8103 -22
      vertex 40.3106 21.8409 -30
      vertex 40.1566 21.8103 -30
    endloop
  endfacet
  facet normal -0.0656309 0.997844 0
    outer loop
      vertex 40.1566 21.8103 -30
      vertex 40 21.8 -22
      vertex 40.1566 21.8103 -22
    endloop
  endfacet
  facet normal -0.0656309 0.997844 0
    outer loop
      vertex 40 21.8 -22
      vertex 40.1566 21.8103 -30
      vertex 40 21.8 -30
    endloop
  endfacet
  facet normal -0.659406 0.751787 0
    outer loop
      vertex 40.8485 22.1515 -30
      vertex 40.7305 22.048 -22
      vertex 40.8485 22.1515 -22
    endloop
  endfacet
  facet normal -0.659406 0.751787 0
    outer loop
      vertex 40.7305 22.048 -22
      vertex 40.8485 22.1515 -30
      vertex 40.7305 22.048 -30
    endloop
  endfacet
  facet normal -0.442622 0.896708 0
    outer loop
      vertex 40.6 21.9608 -30
      vertex 40.4592 21.8913 -22
      vertex 40.6 21.9608 -22
    endloop
  endfacet
  facet normal -0.442622 0.896708 0
    outer loop
      vertex 40.4592 21.8913 -22
      vertex 40.6 21.9608 -30
      vertex 40.4592 21.8913 -30
    endloop
  endfacet
  facet normal -0.947013 0.321194 0
    outer loop
      vertex 41.1087 22.5408 -30
      vertex 41.1591 22.6894 -22
      vertex 41.1591 22.6894 -30
    endloop
  endfacet
  facet normal -0.947013 0.321194 0
    outer loop
      vertex 41.1591 22.6894 -22
      vertex 41.1087 22.5408 -30
      vertex 41.1087 22.5408 -22
    endloop
  endfacet
  facet normal 0.442622 0.896708 -0
    outer loop
      vertex 39.5408 21.8913 -30
      vertex 39.4 21.9608 -22
      vertex 39.5408 21.8913 -22
    endloop
  endfacet
  facet normal 0.442622 0.896708 0
    outer loop
      vertex 39.4 21.9608 -22
      vertex 39.5408 21.8913 -30
      vertex 39.4 21.9608 -30
    endloop
  endfacet
  facet normal 0.321194 0.947013 -0
    outer loop
      vertex 39.6894 21.8409 -30
      vertex 39.5408 21.8913 -22
      vertex 39.6894 21.8409 -22
    endloop
  endfacet
  facet normal 0.321194 0.947013 0
    outer loop
      vertex 39.5408 21.8913 -22
      vertex 39.6894 21.8409 -30
      vertex 39.5408 21.8913 -30
    endloop
  endfacet
  facet normal 0.896708 0.442622 0
    outer loop
      vertex 38.9608 22.4 -22
      vertex 38.8913 22.5408 -30
      vertex 38.8913 22.5408 -22
    endloop
  endfacet
  facet normal 0.896708 0.442622 0
    outer loop
      vertex 38.8913 22.5408 -30
      vertex 38.9608 22.4 -22
      vertex 38.9608 22.4 -30
    endloop
  endfacet
  facet normal 0.831462 0.555582 0
    outer loop
      vertex 39.048 22.2695 -22
      vertex 38.9608 22.4 -30
      vertex 38.9608 22.4 -22
    endloop
  endfacet
  facet normal 0.831462 0.555582 0
    outer loop
      vertex 38.9608 22.4 -30
      vertex 39.048 22.2695 -22
      vertex 39.048 22.2695 -30
    endloop
  endfacet
  facet normal 0.997844 0.0656309 0
    outer loop
      vertex 38.8103 22.8434 -22
      vertex 38.8 23 -30
      vertex 38.8 23 -22
    endloop
  endfacet
  facet normal 0.997844 0.0656309 0
    outer loop
      vertex 38.8 23 -30
      vertex 38.8103 22.8434 -22
      vertex 38.8103 22.8434 -30
    endloop
  endfacet
  facet normal -0.947013 -0.321194 0
    outer loop
      vertex 41.1591 23.3106 -30
      vertex 41.1087 23.4592 -22
      vertex 41.1087 23.4592 -30
    endloop
  endfacet
  facet normal -0.947013 -0.321194 0
    outer loop
      vertex 41.1087 23.4592 -22
      vertex 41.1591 23.3106 -30
      vertex 41.1591 23.3106 -22
    endloop
  endfacet
  facet normal -0.980825 -0.194891 0
    outer loop
      vertex 41.1897 23.1566 -30
      vertex 41.1591 23.3106 -22
      vertex 41.1591 23.3106 -30
    endloop
  endfacet
  facet normal -0.980825 -0.194891 0
    outer loop
      vertex 41.1591 23.3106 -22
      vertex 41.1897 23.1566 -30
      vertex 41.1897 23.1566 -22
    endloop
  endfacet
  facet normal -0.321194 -0.947013 0
    outer loop
      vertex 40.3106 24.1591 -30
      vertex 40.4592 24.1087 -22
      vertex 40.3106 24.1591 -22
    endloop
  endfacet
  facet normal -0.321194 -0.947013 -0
    outer loop
      vertex 40.4592 24.1087 -22
      vertex 40.3106 24.1591 -30
      vertex 40.4592 24.1087 -30
    endloop
  endfacet
  facet normal -0.194891 -0.980825 0
    outer loop
      vertex 40.1566 24.1897 -30
      vertex 40.3106 24.1591 -22
      vertex 40.1566 24.1897 -22
    endloop
  endfacet
  facet normal -0.194891 -0.980825 -0
    outer loop
      vertex 40.3106 24.1591 -22
      vertex 40.1566 24.1897 -30
      vertex 40.3106 24.1591 -30
    endloop
  endfacet
  facet normal -0.659406 -0.751787 0
    outer loop
      vertex 40.7305 23.952 -30
      vertex 40.8485 23.8485 -22
      vertex 40.7305 23.952 -22
    endloop
  endfacet
  facet normal -0.659406 -0.751787 -0
    outer loop
      vertex 40.8485 23.8485 -22
      vertex 40.7305 23.952 -30
      vertex 40.8485 23.8485 -30
    endloop
  endfacet
  facet normal 0.947013 -0.321194 0
    outer loop
      vertex 38.8409 23.3106 -22
      vertex 38.8913 23.4592 -30
      vertex 38.8913 23.4592 -22
    endloop
  endfacet
  facet normal 0.947013 -0.321194 0
    outer loop
      vertex 38.8913 23.4592 -30
      vertex 38.8409 23.3106 -22
      vertex 38.8409 23.3106 -30
    endloop
  endfacet
  facet normal 0.980825 -0.194891 0
    outer loop
      vertex 38.8103 23.1566 -22
      vertex 38.8409 23.3106 -30
      vertex 38.8409 23.3106 -22
    endloop
  endfacet
  facet normal 0.980825 -0.194891 0
    outer loop
      vertex 38.8409 23.3106 -30
      vertex 38.8103 23.1566 -22
      vertex 38.8103 23.1566 -30
    endloop
  endfacet
  facet normal -0.997844 0.0656309 0
    outer loop
      vertex 41.1897 22.8434 -30
      vertex 41.2 23 -22
      vertex 41.2 23 -30
    endloop
  endfacet
  facet normal -0.997844 0.0656309 0
    outer loop
      vertex 41.2 23 -22
      vertex 41.1897 22.8434 -30
      vertex 41.1897 22.8434 -22
    endloop
  endfacet
  facet normal -0.555582 0.831462 0
    outer loop
      vertex 40.7305 22.048 -30
      vertex 40.6 21.9608 -22
      vertex 40.7305 22.048 -22
    endloop
  endfacet
  facet normal -0.555582 0.831462 0
    outer loop
      vertex 40.6 21.9608 -22
      vertex 40.7305 22.048 -30
      vertex 40.6 21.9608 -30
    endloop
  endfacet
  facet normal -0.896708 0.442622 0
    outer loop
      vertex 41.0392 22.4 -30
      vertex 41.1087 22.5408 -22
      vertex 41.1087 22.5408 -30
    endloop
  endfacet
  facet normal -0.896708 0.442622 0
    outer loop
      vertex 41.1087 22.5408 -22
      vertex 41.0392 22.4 -30
      vertex 41.0392 22.4 -22
    endloop
  endfacet
  facet normal -0.751787 0.659406 0
    outer loop
      vertex 40.8485 22.1515 -30
      vertex 40.952 22.2695 -22
      vertex 40.952 22.2695 -30
    endloop
  endfacet
  facet normal -0.751787 0.659406 0
    outer loop
      vertex 40.952 22.2695 -22
      vertex 40.8485 22.1515 -30
      vertex 40.8485 22.1515 -22
    endloop
  endfacet
  facet normal -0.831462 0.555582 0
    outer loop
      vertex 40.952 22.2695 -30
      vertex 41.0392 22.4 -22
      vertex 41.0392 22.4 -30
    endloop
  endfacet
  facet normal -0.831462 0.555582 0
    outer loop
      vertex 41.0392 22.4 -22
      vertex 40.952 22.2695 -30
      vertex 40.952 22.2695 -22
    endloop
  endfacet
  facet normal 0.659406 0.751787 -0
    outer loop
      vertex 39.2695 22.048 -30
      vertex 39.1515 22.1515 -22
      vertex 39.2695 22.048 -22
    endloop
  endfacet
  facet normal 0.659406 0.751787 0
    outer loop
      vertex 39.1515 22.1515 -22
      vertex 39.2695 22.048 -30
      vertex 39.1515 22.1515 -30
    endloop
  endfacet
  facet normal 0.555582 0.831462 -0
    outer loop
      vertex 39.4 21.9608 -30
      vertex 39.2695 22.048 -22
      vertex 39.4 21.9608 -22
    endloop
  endfacet
  facet normal 0.555582 0.831462 0
    outer loop
      vertex 39.2695 22.048 -22
      vertex 39.4 21.9608 -30
      vertex 39.2695 22.048 -30
    endloop
  endfacet
  facet normal 0.0656309 0.997844 -0
    outer loop
      vertex 40 21.8 -30
      vertex 39.8434 21.8103 -22
      vertex 40 21.8 -22
    endloop
  endfacet
  facet normal 0.0656309 0.997844 0
    outer loop
      vertex 39.8434 21.8103 -22
      vertex 40 21.8 -30
      vertex 39.8434 21.8103 -30
    endloop
  endfacet
  facet normal 0.751787 0.659406 0
    outer loop
      vertex 39.1515 22.1515 -22
      vertex 39.048 22.2695 -30
      vertex 39.048 22.2695 -22
    endloop
  endfacet
  facet normal 0.751787 0.659406 0
    outer loop
      vertex 39.048 22.2695 -30
      vertex 39.1515 22.1515 -22
      vertex 39.1515 22.1515 -30
    endloop
  endfacet
  facet normal 0.751787 -0.659406 0
    outer loop
      vertex 39.048 23.7305 -22
      vertex 39.1515 23.8485 -30
      vertex 39.1515 23.8485 -22
    endloop
  endfacet
  facet normal 0.751787 -0.659406 0
    outer loop
      vertex 39.1515 23.8485 -30
      vertex 39.048 23.7305 -22
      vertex 39.048 23.7305 -30
    endloop
  endfacet
  facet normal 0.555582 -0.831462 0
    outer loop
      vertex 39.2695 23.952 -30
      vertex 39.4 24.0392 -22
      vertex 39.2695 23.952 -22
    endloop
  endfacet
  facet normal 0.555582 -0.831462 0
    outer loop
      vertex 39.4 24.0392 -22
      vertex 39.2695 23.952 -30
      vertex 39.4 24.0392 -30
    endloop
  endfacet
  facet normal 0.194891 -0.980825 0
    outer loop
      vertex 39.6894 24.1591 -30
      vertex 39.8434 24.1897 -22
      vertex 39.6894 24.1591 -22
    endloop
  endfacet
  facet normal 0.194891 -0.980825 0
    outer loop
      vertex 39.8434 24.1897 -22
      vertex 39.6894 24.1591 -30
      vertex 39.8434 24.1897 -30
    endloop
  endfacet
  facet normal -0.321194 0.947013 0
    outer loop
      vertex 40.4592 21.8913 -30
      vertex 40.3106 21.8409 -22
      vertex 40.4592 21.8913 -22
    endloop
  endfacet
  facet normal -0.321194 0.947013 0
    outer loop
      vertex 40.3106 21.8409 -22
      vertex 40.4592 21.8913 -30
      vertex 40.3106 21.8409 -30
    endloop
  endfacet
  facet normal -0.980825 0.194891 0
    outer loop
      vertex 41.1591 22.6894 -30
      vertex 41.1897 22.8434 -22
      vertex 41.1897 22.8434 -30
    endloop
  endfacet
  facet normal -0.980825 0.194891 0
    outer loop
      vertex 41.1897 22.8434 -22
      vertex 41.1591 22.6894 -30
      vertex 41.1591 22.6894 -22
    endloop
  endfacet
  facet normal 0.194891 0.980825 -0
    outer loop
      vertex 39.8434 21.8103 -30
      vertex 39.6894 21.8409 -22
      vertex 39.8434 21.8103 -22
    endloop
  endfacet
  facet normal 0.194891 0.980825 0
    outer loop
      vertex 39.6894 21.8409 -22
      vertex 39.8434 21.8103 -30
      vertex 39.6894 21.8409 -30
    endloop
  endfacet
  facet normal 0.947013 0.321194 0
    outer loop
      vertex 38.8913 22.5408 -22
      vertex 38.8409 22.6894 -30
      vertex 38.8409 22.6894 -22
    endloop
  endfacet
  facet normal 0.947013 0.321194 0
    outer loop
      vertex 38.8409 22.6894 -30
      vertex 38.8913 22.5408 -22
      vertex 38.8913 22.5408 -30
    endloop
  endfacet
  facet normal 0.555626 0.831432 0
    outer loop
      vertex -38 26.4641 -30
      vertex -37.565 26.1734 -22.9028
      vertex -37.565 26.1734 -30
    endloop
  endfacet
  facet normal 0.555626 0.831432 0
    outer loop
      vertex -37.565 26.1734 -22.9028
      vertex -38 26.4641 -30
      vertex -38 26.4641 -22.6121
    endloop
  endfacet
  facet normal -0.896878 0.442279 0
    outer loop
      vertex -43.5 24.9272 -30
      vertex -43.4641 25 -22
      vertex -43.4641 25 -30
    endloop
  endfacet
  facet normal -0.896878 0.442279 0
    outer loop
      vertex -43.4641 25 -22
      vertex -43.5 24.9272 -30
      vertex -43.5 24.9272 -22
    endloop
  endfacet
  facet normal -0.442238 -0.896898 0
    outer loop
      vertex -42 19.5359 -30
      vertex -41.5307 19.3045 -22
      vertex -42 19.5359 -22
    endloop
  endfacet
  facet normal -0.442238 -0.896898 -0
    outer loop
      vertex -41.5307 19.3045 -22
      vertex -42 19.5359 -30
      vertex -41.5307 19.3045 -30
    endloop
  endfacet
  facet normal 0.896898 0.442238 0
    outer loop
      vertex -36.3045 24.5307 -22
      vertex -36.5359 25 -30
      vertex -36.5359 25 -22
    endloop
  endfacet
  facet normal 0.896898 0.442238 0
    outer loop
      vertex -36.5359 25 -30
      vertex -36.3045 24.5307 -22
      vertex -36.3045 24.5307 -30
    endloop
  endfacet
  facet normal 0.831432 0.555626 0
    outer loop
      vertex -36.5359 25 -22
      vertex -36.8266 25.435 -30
      vertex -36.8266 25.435 -22
    endloop
  endfacet
  facet normal 0.831432 0.555626 0
    outer loop
      vertex -36.8266 25.435 -30
      vertex -36.5359 25 -22
      vertex -36.5359 25 -30
    endloop
  endfacet
  facet normal 0.442279 0.896878 0
    outer loop
      vertex -38.0728 26.5 -30
      vertex -38 26.4641 -22.6121
      vertex -38 26.4641 -30
    endloop
  endfacet
  facet normal 0.442279 0.896878 0
    outer loop
      vertex -38 26.4641 -22.6121
      vertex -38.0728 26.5 -30
      vertex -38.0728 26.5 -22.5634
    endloop
  endfacet
  facet normal -0.751842 0.659343 0
    outer loop
      vertex -43.1734 25.435 -30
      vertex -42.8284 25.8284 -22
      vertex -42.8284 25.8284 -30
    endloop
  endfacet
  facet normal -0.751842 0.659343 0
    outer loop
      vertex -42.8284 25.8284 -22
      vertex -43.1734 25.435 -30
      vertex -43.1734 25.435 -22
    endloop
  endfacet
  facet normal -0.659343 0.751842 0
    outer loop
      vertex -42.435 26.1734 -30
      vertex -42.8284 25.8284 -22
      vertex -42.435 26.1734 -22
    endloop
  endfacet
  facet normal -0.659343 0.751842 0
    outer loop
      vertex -42.8284 25.8284 -22
      vertex -42.435 26.1734 -30
      vertex -42.8284 25.8284 -30
    endloop
  endfacet
  facet normal 0.997861 0.0653646 0
    outer loop
      vertex -36 23 -22
      vertex -36.0342 23.5221 -30
      vertex -36.0342 23.5221 -22
    endloop
  endfacet
  facet normal 0.997861 0.0653646 0
    outer loop
      vertex -36.0342 23.5221 -30
      vertex -36 23 -22
      vertex -36 23 -30
    endloop
  endfacet
  facet normal 0.831432 -0.555626 0
    outer loop
      vertex -36.8266 20.565 -22
      vertex -36.5359 21 -30
      vertex -36.5359 21 -22
    endloop
  endfacet
  facet normal 0.831432 -0.555626 0
    outer loop
      vertex -36.5359 21 -30
      vertex -36.8266 20.565 -22
      vertex -36.8266 20.565 -30
    endloop
  endfacet
  facet normal 0.94691 -0.321498 0
    outer loop
      vertex -36.3045 21.4693 -22
      vertex -36.1363 21.9647 -30
      vertex -36.1363 21.9647 -22
    endloop
  endfacet
  facet normal 0.94691 -0.321498 0
    outer loop
      vertex -36.1363 21.9647 -30
      vertex -36.3045 21.4693 -22
      vertex -36.3045 21.4693 -30
    endloop
  endfacet
  facet normal 0.442238 -0.896898 0
    outer loop
      vertex -38.4693 19.3045 -30
      vertex -38 19.5359 -22
      vertex -38.4693 19.3045 -22
    endloop
  endfacet
  facet normal 0.442238 -0.896898 0
    outer loop
      vertex -38 19.5359 -22
      vertex -38.4693 19.3045 -30
      vertex -38 19.5359 -30
    endloop
  endfacet
  facet normal 0.555626 -0.831432 0
    outer loop
      vertex -38 19.5359 -30
      vertex -37.565 19.8266 -22
      vertex -38 19.5359 -22
    endloop
  endfacet
  facet normal 0.555626 -0.831432 0
    outer loop
      vertex -37.565 19.8266 -22
      vertex -38 19.5359 -30
      vertex -37.565 19.8266 -30
    endloop
  endfacet
  facet normal -0.0653646 -0.997861 0
    outer loop
      vertex -40.5221 19.0342 -30
      vertex -40 19 -22
      vertex -40.5221 19.0342 -22
    endloop
  endfacet
  facet normal -0.0653646 -0.997861 -0
    outer loop
      vertex -40 19 -22
      vertex -40.5221 19.0342 -30
      vertex -40 19 -30
    endloop
  endfacet
  facet normal -0.659343 -0.751842 0
    outer loop
      vertex -42.8284 20.1716 -30
      vertex -42.435 19.8266 -22
      vertex -42.8284 20.1716 -22
    endloop
  endfacet
  facet normal -0.659343 -0.751842 -0
    outer loop
      vertex -42.435 19.8266 -22
      vertex -42.8284 20.1716 -30
      vertex -42.435 19.8266 -30
    endloop
  endfacet
  facet normal 0 0 -1
    outer loop
      vertex -36.0342 22.4779 -30
      vertex -38.8103 22.8434 -30
      vertex -38.8 23 -30
    endloop
  endfacet
  facet normal 0 0 -1
    outer loop
      vertex -38 19.5359 -30
      vertex -38.8409 22.6894 -30
      vertex -38.8103 22.8434 -30
    endloop
  endfacet
  facet normal 0 0 -1
    outer loop
      vertex -38 19.5359 -30
      vertex -38.8913 22.5408 -30
      vertex -38.8409 22.6894 -30
    endloop
  endfacet
  facet normal 0 0 -1
    outer loop
      vertex -38 19.5359 -30
      vertex -38.9608 22.4 -30
      vertex -38.8913 22.5408 -30
    endloop
  endfacet
  facet normal 0 0 -1
    outer loop
      vertex -39.5408 21.8913 -30
      vertex -38.4693 19.3045 -30
      vertex -38.9647 19.1363 -30
    endloop
  endfacet
  facet normal 0 0 -1
    outer loop
      vertex -38 19.5359 -30
      vertex -39.048 22.2695 -30
      vertex -38.9608 22.4 -30
    endloop
  endfacet
  facet normal 0 0 -1
    outer loop
      vertex -38 19.5359 -30
      vertex -39.1515 22.1515 -30
      vertex -39.048 22.2695 -30
    endloop
  endfacet
  facet normal 0 0 -1
    outer loop
      vertex -38 19.5359 -30
      vertex -39.2695 22.048 -30
      vertex -39.1515 22.1515 -30
    endloop
  endfacet
  facet normal 0 0 -1
    outer loop
      vertex -38 19.5359 -30
      vertex -39.4 21.9608 -30
      vertex -39.2695 22.048 -30
    endloop
  endfacet
  facet normal 0 0 -1
    outer loop
      vertex -39.6894 21.8409 -30
      vertex -38.9647 19.1363 -30
      vertex -39.4779 19.0342 -30
    endloop
  endfacet
  facet normal 0 0 -1
    outer loop
      vertex -38.4693 19.3045 -30
      vertex -39.5408 21.8913 -30
      vertex -39.4 21.9608 -30
    endloop
  endfacet
  facet normal 0 0 -1
    outer loop
      vertex -38.9647 19.1363 -30
      vertex -39.6894 21.8409 -30
      vertex -39.5408 21.8913 -30
    endloop
  endfacet
  facet normal 0 0 -1
    outer loop
      vertex -39.4779 19.0342 -30
      vertex -39.8434 21.8103 -30
      vertex -39.6894 21.8409 -30
    endloop
  endfacet
  facet normal 0 0 -1
    outer loop
      vertex -40 19 -30
      vertex -39.8434 21.8103 -30
      vertex -39.4779 19.0342 -30
    endloop
  endfacet
  facet normal 0 0 -1
    outer loop
      vertex -40 19 -30
      vertex -40 21.8 -30
      vertex -39.8434 21.8103 -30
    endloop
  endfacet
  facet normal 0 0 -1
    outer loop
      vertex -40 19 -30
      vertex -40.1566 21.8103 -30
      vertex -40 21.8 -30
    endloop
  endfacet
  facet normal 0 0 -1
    outer loop
      vertex -40.5221 19.0342 -30
      vertex -40.1566 21.8103 -30
      vertex -40 19 -30
    endloop
  endfacet
  facet normal -0 0 -1
    outer loop
      vertex -40.1566 21.8103 -30
      vertex -40.5221 19.0342 -30
      vertex -40.3106 21.8409 -30
    endloop
  endfacet
  facet normal 0 0 -1
    outer loop
      vertex -41.0353 19.1363 -30
      vertex -40.3106 21.8409 -30
      vertex -40.5221 19.0342 -30
    endloop
  endfacet
  facet normal -0 0 -1
    outer loop
      vertex -40.3106 21.8409 -30
      vertex -41.0353 19.1363 -30
      vertex -40.4592 21.8913 -30
    endloop
  endfacet
  facet normal 0 0 -1
    outer loop
      vertex -41.5307 19.3045 -30
      vertex -40.4592 21.8913 -30
      vertex -41.0353 19.1363 -30
    endloop
  endfacet
  facet normal -0 0 -1
    outer loop
      vertex -40.4592 21.8913 -30
      vertex -41.5307 19.3045 -30
      vertex -40.6 21.9608 -30
    endloop
  endfacet
  facet normal 0 0 -1
    outer loop
      vertex -42 19.5359 -30
      vertex -40.6 21.9608 -30
      vertex -41.5307 19.3045 -30
    endloop
  endfacet
  facet normal -0 0 -1
    outer loop
      vertex -40.6 21.9608 -30
      vertex -42 19.5359 -30
      vertex -40.7305 22.048 -30
    endloop
  endfacet
  facet normal 0 0 -1
    outer loop
      vertex -42.435 19.8266 -30
      vertex -40.7305 22.048 -30
      vertex -42 19.5359 -30
    endloop
  endfacet
  facet normal -0 0 -1
    outer loop
      vertex -40.7305 22.048 -30
      vertex -42.435 19.8266 -30
      vertex -40.8485 22.1515 -30
    endloop
  endfacet
  facet normal 0 0 -1
    outer loop
      vertex -42.8284 20.1716 -30
      vertex -40.8485 22.1515 -30
      vertex -42.435 19.8266 -30
    endloop
  endfacet
  facet normal -0 0 -1
    outer loop
      vertex -40.8485 22.1515 -30
      vertex -42.8284 20.1716 -30
      vertex -40.952 22.2695 -30
    endloop
  endfacet
  facet normal 0 0 -1
    outer loop
      vertex -43.1734 20.565 -30
      vertex -40.952 22.2695 -30
      vertex -42.8284 20.1716 -30
    endloop
  endfacet
  facet normal -0 0 -1
    outer loop
      vertex -40.952 22.2695 -30
      vertex -43.1734 20.565 -30
      vertex -41.0392 22.4 -30
    endloop
  endfacet
  facet normal 0 0 -1
    outer loop
      vertex -38.8 23 -30
      vertex -36 23 -30
      vertex -36.0342 22.4779 -30
    endloop
  endfacet
  facet normal 0 0 -1
    outer loop
      vertex -38.8103 22.8434 -30
      vertex -36.0342 22.4779 -30
      vertex -36.1363 21.9647 -30
    endloop
  endfacet
  facet normal 0 0 -1
    outer loop
      vertex -36 23 -30
      vertex -38.8 23 -30
      vertex -36.0342 23.5221 -30
    endloop
  endfacet
  facet normal 0 0 -1
    outer loop
      vertex -38.8103 22.8434 -30
      vertex -36.1363 21.9647 -30
      vertex -36.3045 21.4693 -30
    endloop
  endfacet
  facet normal 0 0 -1
    outer loop
      vertex -38.8103 23.1566 -30
      vertex -36.0342 23.5221 -30
      vertex -38.8 23 -30
    endloop
  endfacet
  facet normal 0 0 -1
    outer loop
      vertex -38.8103 22.8434 -30
      vertex -36.3045 21.4693 -30
      vertex -36.5359 21 -30
    endloop
  endfacet
  facet normal -0 0 -1
    outer loop
      vertex -36.0342 23.5221 -30
      vertex -38.8103 23.1566 -30
      vertex -36.1363 24.0353 -30
    endloop
  endfacet
  facet normal 0 0 -1
    outer loop
      vertex -38.8103 22.8434 -30
      vertex -36.5359 21 -30
      vertex -36.8266 20.565 -30
    endloop
  endfacet
  facet normal 0 0 -1
    outer loop
      vertex -38.8409 23.3106 -30
      vertex -36.1363 24.0353 -30
      vertex -38.8103 23.1566 -30
    endloop
  endfacet
  facet normal 0 0 -1
    outer loop
      vertex -38.8103 22.8434 -30
      vertex -36.8266 20.565 -30
      vertex -37.1716 20.1716 -30
    endloop
  endfacet
  facet normal -0 0 -1
    outer loop
      vertex -36.1363 24.0353 -30
      vertex -38.8409 23.3106 -30
      vertex -36.3045 24.5307 -30
    endloop
  endfacet
  facet normal 0 0 -1
    outer loop
      vertex -38.8103 22.8434 -30
      vertex -37.1716 20.1716 -30
      vertex -37.565 19.8266 -30
    endloop
  endfacet
  facet normal 0 0 -1
    outer loop
      vertex -38.8913 23.4592 -30
      vertex -36.3045 24.5307 -30
      vertex -38.8409 23.3106 -30
    endloop
  endfacet
  facet normal 0 0 -1
    outer loop
      vertex -38.8103 22.8434 -30
      vertex -37.565 19.8266 -30
      vertex -38 19.5359 -30
    endloop
  endfacet
  facet normal -0 0 -1
    outer loop
      vertex -36.3045 24.5307 -30
      vertex -38.8913 23.4592 -30
      vertex -36.5359 25 -30
    endloop
  endfacet
  facet normal 0 0 -1
    outer loop
      vertex -38.9608 23.6 -30
      vertex -36.5359 25 -30
      vertex -38.8913 23.4592 -30
    endloop
  endfacet
  facet normal 0 0 -1
    outer loop
      vertex -39.4 21.9608 -30
      vertex -38 19.5359 -30
      vertex -38.4693 19.3045 -30
    endloop
  endfacet
  facet normal -0 0 -1
    outer loop
      vertex -36.5359 25 -30
      vertex -38.9608 23.6 -30
      vertex -36.8266 25.435 -30
    endloop
  endfacet
  facet normal 0 0 -1
    outer loop
      vertex -39.048 23.7305 -30
      vertex -36.8266 25.435 -30
      vertex -38.9608 23.6 -30
    endloop
  endfacet
  facet normal -0 0 -1
    outer loop
      vertex -36.8266 25.435 -30
      vertex -39.048 23.7305 -30
      vertex -37.1716 25.8284 -30
    endloop
  endfacet
  facet normal 0 0 -1
    outer loop
      vertex -39.1515 23.8485 -30
      vertex -37.1716 25.8284 -30
      vertex -39.048 23.7305 -30
    endloop
  endfacet
  facet normal -0 0 -1
    outer loop
      vertex -37.1716 25.8284 -30
      vertex -39.1515 23.8485 -30
      vertex -37.565 26.1734 -30
    endloop
  endfacet
  facet normal 0 0 -1
    outer loop
      vertex -39.2695 23.952 -30
      vertex -37.565 26.1734 -30
      vertex -39.1515 23.8485 -30
    endloop
  endfacet
  facet normal -0 0 -1
    outer loop
      vertex -37.565 26.1734 -30
      vertex -39.2695 23.952 -30
      vertex -38 26.4641 -30
    endloop
  endfacet
  facet normal 0 0 -1
    outer loop
      vertex -39.4 24.0392 -30
      vertex -38 26.4641 -30
      vertex -39.2695 23.952 -30
    endloop
  endfacet
  facet normal -0 0 -1
    outer loop
      vertex -38 26.4641 -30
      vertex -39.4 24.0392 -30
      vertex -38.0728 26.5 -30
    endloop
  endfacet
  facet normal 0 0 -1
    outer loop
      vertex -39.5408 24.1087 -30
      vertex -38.0728 26.5 -30
      vertex -39.4 24.0392 -30
    endloop
  endfacet
  facet normal 0 0 -1
    outer loop
      vertex -39.6894 24.1591 -30
      vertex -38.0728 26.5 -30
      vertex -39.5408 24.1087 -30
    endloop
  endfacet
  facet normal 0 0 -1
    outer loop
      vertex -39.8434 24.1897 -30
      vertex -38.0728 26.5 -30
      vertex -39.6894 24.1591 -30
    endloop
  endfacet
  facet normal 0 0 -1
    outer loop
      vertex -40 24.2 -30
      vertex -38.0728 26.5 -30
      vertex -39.8434 24.1897 -30
    endloop
  endfacet
  facet normal 0 0 -1
    outer loop
      vertex -41.9272 26.5 -30
      vertex -40 24.2 -30
      vertex -40.1566 24.1897 -30
    endloop
  endfacet
  facet normal 0 0 -1
    outer loop
      vertex -41.9272 26.5 -30
      vertex -40.1566 24.1897 -30
      vertex -40.3106 24.1591 -30
    endloop
  endfacet
  facet normal 0 0 -1
    outer loop
      vertex -41.9272 26.5 -30
      vertex -40.3106 24.1591 -30
      vertex -40.4592 24.1087 -30
    endloop
  endfacet
  facet normal 0 0 -1
    outer loop
      vertex -41.9272 26.5 -30
      vertex -40.4592 24.1087 -30
      vertex -40.6 24.0392 -30
    endloop
  endfacet
  facet normal 0 0 -1
    outer loop
      vertex -42 26.4641 -30
      vertex -40.6 24.0392 -30
      vertex -40.7305 23.952 -30
    endloop
  endfacet
  facet normal 0 0 -1
    outer loop
      vertex -42.435 26.1734 -30
      vertex -40.7305 23.952 -30
      vertex -40.8485 23.8485 -30
    endloop
  endfacet
  facet normal 0 0 -1
    outer loop
      vertex -43.4641 21 -30
      vertex -41.0392 22.4 -30
      vertex -43.1734 20.565 -30
    endloop
  endfacet
  facet normal 0 0 -1
    outer loop
      vertex -40 24.2 -30
      vertex -41.9272 26.5 -30
      vertex -38.0728 26.5 -30
    endloop
  endfacet
  facet normal 0 0 -1
    outer loop
      vertex -42.8284 25.8284 -30
      vertex -40.8485 23.8485 -30
      vertex -40.952 23.7305 -30
    endloop
  endfacet
  facet normal 0 0 -1
    outer loop
      vertex -43.1734 25.435 -30
      vertex -40.952 23.7305 -30
      vertex -41.0392 23.6 -30
    endloop
  endfacet
  facet normal 0 0 -1
    outer loop
      vertex -43.5 24.9272 -30
      vertex -41.0392 23.6 -30
      vertex -41.1087 23.4592 -30
    endloop
  endfacet
  facet normal 0 0 -1
    outer loop
      vertex -43.5 24.9272 -30
      vertex -41.1087 23.4592 -30
      vertex -41.1591 23.3106 -30
    endloop
  endfacet
  facet normal 0 0 -1
    outer loop
      vertex -43.5 24.9272 -30
      vertex -41.1591 23.3106 -30
      vertex -41.1897 23.1566 -30
    endloop
  endfacet
  facet normal 0 0 -1
    outer loop
      vertex -43.5 21.0728 -30
      vertex -41.0392 22.4 -30
      vertex -43.4641 21 -30
    endloop
  endfacet
  facet normal -0 0 -1
    outer loop
      vertex -41.0392 22.4 -30
      vertex -43.5 21.0728 -30
      vertex -41.1087 22.5408 -30
    endloop
  endfacet
  facet normal -0 0 -1
    outer loop
      vertex -41.1087 22.5408 -30
      vertex -43.5 21.0728 -30
      vertex -41.1591 22.6894 -30
    endloop
  endfacet
  facet normal 0 0 -1
    outer loop
      vertex -40.7305 23.952 -30
      vertex -42.435 26.1734 -30
      vertex -42 26.4641 -30
    endloop
  endfacet
  facet normal 0 0 -1
    outer loop
      vertex -40.6 24.0392 -30
      vertex -42 26.4641 -30
      vertex -41.9272 26.5 -30
    endloop
  endfacet
  facet normal -0 0 -1
    outer loop
      vertex -41.1591 22.6894 -30
      vertex -43.5 21.0728 -30
      vertex -41.1897 22.8434 -30
    endloop
  endfacet
  facet normal 0 0 -1
    outer loop
      vertex -40.8485 23.8485 -30
      vertex -42.8284 25.8284 -30
      vertex -42.435 26.1734 -30
    endloop
  endfacet
  facet normal -0 0 -1
    outer loop
      vertex -41.1897 22.8434 -30
      vertex -43.5 21.0728 -30
      vertex -41.2 23 -30
    endloop
  endfacet
  facet normal 0 0 -1
    outer loop
      vertex -40.952 23.7305 -30
      vertex -43.1734 25.435 -30
      vertex -42.8284 25.8284 -30
    endloop
  endfacet
  facet normal 0 0 -1
    outer loop
      vertex -43.5 24.9272 -30
      vertex -41.2 23 -30
      vertex -43.5 21.0728 -30
    endloop
  endfacet
  facet normal 0 0 -1
    outer loop
      vertex -41.2 23 -30
      vertex -43.5 24.9272 -30
      vertex -41.1897 23.1566 -30
    endloop
  endfacet
  facet normal 0 0 -1
    outer loop
      vertex -41.0392 23.6 -30
      vertex -43.5 24.9272 -30
      vertex -43.4641 25 -30
    endloop
  endfacet
  facet normal 0 0 -1
    outer loop
      vertex -41.0392 23.6 -30
      vertex -43.4641 25 -30
      vertex -43.1734 25.435 -30
    endloop
  endfacet
  facet normal -0.751842 -0.659343 0
    outer loop
      vertex -42.8284 20.1716 -30
      vertex -43.1734 20.565 -22
      vertex -43.1734 20.565 -30
    endloop
  endfacet
  facet normal -0.751842 -0.659343 0
    outer loop
      vertex -43.1734 20.565 -22
      vertex -42.8284 20.1716 -30
      vertex -42.8284 20.1716 -22
    endloop
  endfacet
  facet normal 0.980779 0.195124 0
    outer loop
      vertex -36.0342 23.5221 -22
      vertex -36.1363 24.0353 -30
      vertex -36.1363 24.0353 -22
    endloop
  endfacet
  facet normal 0.980779 0.195124 0
    outer loop
      vertex -36.1363 24.0353 -30
      vertex -36.0342 23.5221 -22
      vertex -36.0342 23.5221 -30
    endloop
  endfacet
  facet normal 0.94691 0.321498 0
    outer loop
      vertex -36.1363 24.0353 -22
      vertex -36.3045 24.5307 -30
      vertex -36.3045 24.5307 -22
    endloop
  endfacet
  facet normal 0.94691 0.321498 0
    outer loop
      vertex -36.3045 24.5307 -30
      vertex -36.1363 24.0353 -22
      vertex -36.1363 24.0353 -30
    endloop
  endfacet
  facet normal 0.751896 0.659282 0
    outer loop
      vertex -37.1028 25.75 -22
      vertex -36.8266 25.435 -22
      vertex -37.1028 25.75 -23.2116
    endloop
  endfacet
  facet normal 0.751626 0.65959 0
    outer loop
      vertex -37.1028 25.75 -23.2116
      vertex -37.1716 25.8284 -30
      vertex -37.1716 25.8284 -23.1656
    endloop
  endfacet
  facet normal 0.751896 0.659282 -0
    outer loop
      vertex -36.8266 25.435 -30
      vertex -37.1028 25.75 -23.2116
      vertex -36.8266 25.435 -22
    endloop
  endfacet
  facet normal 0.751842 0.659343 -5.04502e-06
    outer loop
      vertex -37.1028 25.75 -23.2116
      vertex -36.8266 25.435 -30
      vertex -37.1716 25.8284 -30
    endloop
  endfacet
  facet normal 0.659343 0.751842 0
    outer loop
      vertex -37.565 26.1734 -30
      vertex -37.1716 25.8284 -23.1656
      vertex -37.1716 25.8284 -30
    endloop
  endfacet
  facet normal 0.659343 0.751842 0
    outer loop
      vertex -37.1716 25.8284 -23.1656
      vertex -37.565 26.1734 -30
      vertex -37.565 26.1734 -22.9028
    endloop
  endfacet
  facet normal -0 0 1
    outer loop
      vertex -41.9272 26.5 -22
      vertex -38.7333 25.75 -22
      vertex -38.7333 26.5 -22
    endloop
  endfacet
  facet normal 0 0 1
    outer loop
      vertex -38.7333 25.75 -22
      vertex -38.8103 23.1566 -22
      vertex -38.8 23 -22
    endloop
  endfacet
  facet normal 0 0 1
    outer loop
      vertex -38.7333 25.75 -22
      vertex -38.8409 23.3106 -22
      vertex -38.8103 23.1566 -22
    endloop
  endfacet
  facet normal 0 0 1
    outer loop
      vertex -38.7333 25.75 -22
      vertex -38.8913 23.4592 -22
      vertex -38.8409 23.3106 -22
    endloop
  endfacet
  facet normal 0 0 1
    outer loop
      vertex -38.7333 25.75 -22
      vertex -38.9608 23.6 -22
      vertex -38.8913 23.4592 -22
    endloop
  endfacet
  facet normal 0 0 1
    outer loop
      vertex -38.7333 25.75 -22
      vertex -39.048 23.7305 -22
      vertex -38.9608 23.6 -22
    endloop
  endfacet
  facet normal 0 0 1
    outer loop
      vertex -38.7333 25.75 -22
      vertex -39.1515 23.8485 -22
      vertex -39.048 23.7305 -22
    endloop
  endfacet
  facet normal 0 0 1
    outer loop
      vertex -38.7333 25.75 -22
      vertex -39.2695 23.952 -22
      vertex -39.1515 23.8485 -22
    endloop
  endfacet
  facet normal 0 0 1
    outer loop
      vertex -38.7333 25.75 -22
      vertex -39.4 24.0392 -22
      vertex -39.2695 23.952 -22
    endloop
  endfacet
  facet normal 0 0 1
    outer loop
      vertex -38.7333 25.75 -22
      vertex -39.5408 24.1087 -22
      vertex -39.4 24.0392 -22
    endloop
  endfacet
  facet normal 0 0 1
    outer loop
      vertex -38.7333 25.75 -22
      vertex -39.6894 24.1591 -22
      vertex -39.5408 24.1087 -22
    endloop
  endfacet
  facet normal 0 0 1
    outer loop
      vertex -38.7333 25.75 -22
      vertex -39.8434 24.1897 -22
      vertex -39.6894 24.1591 -22
    endloop
  endfacet
  facet normal 0 0 1
    outer loop
      vertex -38.7333 25.75 -22
      vertex -40 24.2 -22
      vertex -39.8434 24.1897 -22
    endloop
  endfacet
  facet normal 0 0 1
    outer loop
      vertex -38.7333 25.75 -22
      vertex -40.1566 24.1897 -22
      vertex -40 24.2 -22
    endloop
  endfacet
  facet normal 0 0 1
    outer loop
      vertex -38.7333 25.75 -22
      vertex -41.9272 26.5 -22
      vertex -40.1566 24.1897 -22
    endloop
  endfacet
  facet normal 0 0 1
    outer loop
      vertex -40.1566 24.1897 -22
      vertex -41.9272 26.5 -22
      vertex -40.3106 24.1591 -22
    endloop
  endfacet
  facet normal 0 0 1
    outer loop
      vertex -40.3106 24.1591 -22
      vertex -41.9272 26.5 -22
      vertex -40.4592 24.1087 -22
    endloop
  endfacet
  facet normal 0 0 1
    outer loop
      vertex -40.4592 24.1087 -22
      vertex -41.9272 26.5 -22
      vertex -40.6 24.0392 -22
    endloop
  endfacet
  facet normal -0 0 1
    outer loop
      vertex -42 26.4641 -22
      vertex -40.6 24.0392 -22
      vertex -41.9272 26.5 -22
    endloop
  endfacet
  facet normal 0 0 1
    outer loop
      vertex -40.6 24.0392 -22
      vertex -42 26.4641 -22
      vertex -40.7305 23.952 -22
    endloop
  endfacet
  facet normal 0 0 1
    outer loop
      vertex -43.5 24.9272 -22
      vertex -41.2 23 -22
      vertex -41.1897 23.1566 -22
    endloop
  endfacet
  facet normal -0 0 1
    outer loop
      vertex -42.435 26.1734 -22
      vertex -40.7305 23.952 -22
      vertex -42 26.4641 -22
    endloop
  endfacet
  facet normal 0 0 1
    outer loop
      vertex -40.7305 23.952 -22
      vertex -42.435 26.1734 -22
      vertex -40.8485 23.8485 -22
    endloop
  endfacet
  facet normal -0 0 1
    outer loop
      vertex -42.8284 25.8284 -22
      vertex -40.8485 23.8485 -22
      vertex -42.435 26.1734 -22
    endloop
  endfacet
  facet normal 0 0 1
    outer loop
      vertex -40.8485 23.8485 -22
      vertex -42.8284 25.8284 -22
      vertex -40.952 23.7305 -22
    endloop
  endfacet
  facet normal -0 0 1
    outer loop
      vertex -43.1734 25.435 -22
      vertex -40.952 23.7305 -22
      vertex -42.8284 25.8284 -22
    endloop
  endfacet
  facet normal 0 0 1
    outer loop
      vertex -40.952 23.7305 -22
      vertex -43.1734 25.435 -22
      vertex -41.0392 23.6 -22
    endloop
  endfacet
  facet normal -0 0 1
    outer loop
      vertex -43.4641 25 -22
      vertex -41.0392 23.6 -22
      vertex -43.1734 25.435 -22
    endloop
  endfacet
  facet normal 0 0 1
    outer loop
      vertex -41.2 23 -22
      vertex -42 19.5359 -22
      vertex -41.5307 19.3045 -22
    endloop
  endfacet
  facet normal -0 0 1
    outer loop
      vertex -43.5 24.9272 -22
      vertex -41.0392 23.6 -22
      vertex -43.4641 25 -22
    endloop
  endfacet
  facet normal 0 0 1
    outer loop
      vertex -41.2 23 -22
      vertex -42.435 19.8266 -22
      vertex -42 19.5359 -22
    endloop
  endfacet
  facet normal 0 0 1
    outer loop
      vertex -41.0392 23.6 -22
      vertex -43.5 24.9272 -22
      vertex -41.1087 23.4592 -22
    endloop
  endfacet
  facet normal 0 0 1
    outer loop
      vertex -41.2 23 -22
      vertex -42.8284 20.1716 -22
      vertex -42.435 19.8266 -22
    endloop
  endfacet
  facet normal 0 0 1
    outer loop
      vertex -41.1087 23.4592 -22
      vertex -43.5 24.9272 -22
      vertex -41.1591 23.3106 -22
    endloop
  endfacet
  facet normal 0 0 1
    outer loop
      vertex -41.2 23 -22
      vertex -43.1734 20.565 -22
      vertex -42.8284 20.1716 -22
    endloop
  endfacet
  facet normal 0 0 1
    outer loop
      vertex -41.1591 23.3106 -22
      vertex -43.5 24.9272 -22
      vertex -41.1897 23.1566 -22
    endloop
  endfacet
  facet normal 0 0 1
    outer loop
      vertex -41.2 23 -22
      vertex -43.5 24.9272 -22
      vertex -43.5 21.0728 -22
    endloop
  endfacet
  facet normal 0 0 1
    outer loop
      vertex -41.2 23 -22
      vertex -43.5 21.0728 -22
      vertex -43.4641 21 -22
    endloop
  endfacet
  facet normal 0 0 1
    outer loop
      vertex -41.2 23 -22
      vertex -43.4641 21 -22
      vertex -43.1734 20.565 -22
    endloop
  endfacet
  facet normal 0 0 1
    outer loop
      vertex -38.8 23 -22
      vertex -36 23 -22
      vertex -36.0342 23.5221 -22
    endloop
  endfacet
  facet normal 0 0 1
    outer loop
      vertex -38.8 23 -22
      vertex -36.0342 23.5221 -22
      vertex -36.1363 24.0353 -22
    endloop
  endfacet
  facet normal 0 0 1
    outer loop
      vertex -36 23 -22
      vertex -38.8 23 -22
      vertex -36.0342 22.4779 -22
    endloop
  endfacet
  facet normal 0 0 1
    outer loop
      vertex -38.8 23 -22
      vertex -36.1363 24.0353 -22
      vertex -36.3045 24.5307 -22
    endloop
  endfacet
  facet normal -0 0 1
    outer loop
      vertex -38.8103 22.8434 -22
      vertex -36.0342 22.4779 -22
      vertex -38.8 23 -22
    endloop
  endfacet
  facet normal 0 0 1
    outer loop
      vertex -38.8 23 -22
      vertex -36.3045 24.5307 -22
      vertex -36.5359 25 -22
    endloop
  endfacet
  facet normal 0 0 1
    outer loop
      vertex -36.0342 22.4779 -22
      vertex -38.8103 22.8434 -22
      vertex -36.1363 21.9647 -22
    endloop
  endfacet
  facet normal 0 0 1
    outer loop
      vertex -38.8 23 -22
      vertex -36.5359 25 -22
      vertex -36.8266 25.435 -22
    endloop
  endfacet
  facet normal -0 0 1
    outer loop
      vertex -38.8409 22.6894 -22
      vertex -36.1363 21.9647 -22
      vertex -38.8103 22.8434 -22
    endloop
  endfacet
  facet normal -0 0 1
    outer loop
      vertex -38.7333 25.75 -22
      vertex -36.8266 25.435 -22
      vertex -37.1028 25.75 -22
    endloop
  endfacet
  facet normal 0 0 1
    outer loop
      vertex -36.1363 21.9647 -22
      vertex -38.8409 22.6894 -22
      vertex -36.3045 21.4693 -22
    endloop
  endfacet
  facet normal -0 0 1
    outer loop
      vertex -38.8913 22.5408 -22
      vertex -36.3045 21.4693 -22
      vertex -38.8409 22.6894 -22
    endloop
  endfacet
  facet normal -0 0 1
    outer loop
      vertex -38.9608 22.4 -22
      vertex -36.5359 21 -22
      vertex -38.8913 22.5408 -22
    endloop
  endfacet
  facet normal 0 0 1
    outer loop
      vertex -36.5359 21 -22
      vertex -38.9608 22.4 -22
      vertex -36.8266 20.565 -22
    endloop
  endfacet
  facet normal 0 0 1
    outer loop
      vertex -36.8266 25.435 -22
      vertex -38.7333 25.75 -22
      vertex -38.8 23 -22
    endloop
  endfacet
  facet normal 0 0 1
    outer loop
      vertex -36.3045 21.4693 -22
      vertex -38.8913 22.5408 -22
      vertex -36.5359 21 -22
    endloop
  endfacet
  facet normal -0 0 1
    outer loop
      vertex -39.048 22.2695 -22
      vertex -36.8266 20.565 -22
      vertex -38.9608 22.4 -22
    endloop
  endfacet
  facet normal 0 0 1
    outer loop
      vertex -36.8266 20.565 -22
      vertex -39.048 22.2695 -22
      vertex -37.1716 20.1716 -22
    endloop
  endfacet
  facet normal -0 0 1
    outer loop
      vertex -39.1515 22.1515 -22
      vertex -37.1716 20.1716 -22
      vertex -39.048 22.2695 -22
    endloop
  endfacet
  facet normal 0 0 1
    outer loop
      vertex -37.1716 20.1716 -22
      vertex -39.1515 22.1515 -22
      vertex -37.565 19.8266 -22
    endloop
  endfacet
  facet normal -0 0 1
    outer loop
      vertex -39.2695 22.048 -22
      vertex -37.565 19.8266 -22
      vertex -39.1515 22.1515 -22
    endloop
  endfacet
  facet normal 0 0 1
    outer loop
      vertex -37.565 19.8266 -22
      vertex -39.2695 22.048 -22
      vertex -38 19.5359 -22
    endloop
  endfacet
  facet normal -0 0 1
    outer loop
      vertex -39.4 21.9608 -22
      vertex -38 19.5359 -22
      vertex -39.2695 22.048 -22
    endloop
  endfacet
  facet normal 0 0 1
    outer loop
      vertex -38 19.5359 -22
      vertex -39.4 21.9608 -22
      vertex -38.4693 19.3045 -22
    endloop
  endfacet
  facet normal -0 0 1
    outer loop
      vertex -39.5408 21.8913 -22
      vertex -38.4693 19.3045 -22
      vertex -39.4 21.9608 -22
    endloop
  endfacet
  facet normal 0 0 1
    outer loop
      vertex -38.4693 19.3045 -22
      vertex -39.5408 21.8913 -22
      vertex -38.9647 19.1363 -22
    endloop
  endfacet
  facet normal -0 0 1
    outer loop
      vertex -39.6894 21.8409 -22
      vertex -38.9647 19.1363 -22
      vertex -39.5408 21.8913 -22
    endloop
  endfacet
  facet normal 0 0 1
    outer loop
      vertex -38.9647 19.1363 -22
      vertex -39.6894 21.8409 -22
      vertex -39.4779 19.0342 -22
    endloop
  endfacet
  facet normal -0 0 1
    outer loop
      vertex -39.8434 21.8103 -22
      vertex -39.4779 19.0342 -22
      vertex -39.6894 21.8409 -22
    endloop
  endfacet
  facet normal -0 0 1
    outer loop
      vertex -40 21.8 -22
      vertex -39.4779 19.0342 -22
      vertex -39.8434 21.8103 -22
    endloop
  endfacet
  facet normal 0 0 1
    outer loop
      vertex -40 21.8 -22
      vertex -40 19 -22
      vertex -39.4779 19.0342 -22
    endloop
  endfacet
  facet normal 0 0 1
    outer loop
      vertex -40.1566 21.8103 -22
      vertex -40 19 -22
      vertex -40 21.8 -22
    endloop
  endfacet
  facet normal 0 0 1
    outer loop
      vertex -40.5221 19.0342 -22
      vertex -40.1566 21.8103 -22
      vertex -40.3106 21.8409 -22
    endloop
  endfacet
  facet normal 0 0 1
    outer loop
      vertex -41.0353 19.1363 -22
      vertex -40.3106 21.8409 -22
      vertex -40.4592 21.8913 -22
    endloop
  endfacet
  facet normal 0 0 1
    outer loop
      vertex -40.1566 21.8103 -22
      vertex -40.5221 19.0342 -22
      vertex -40 19 -22
    endloop
  endfacet
  facet normal 0 0 1
    outer loop
      vertex -41.5307 19.3045 -22
      vertex -40.4592 21.8913 -22
      vertex -40.6 21.9608 -22
    endloop
  endfacet
  facet normal 0 0 1
    outer loop
      vertex -41.5307 19.3045 -22
      vertex -40.6 21.9608 -22
      vertex -40.7305 22.048 -22
    endloop
  endfacet
  facet normal 0 0 1
    outer loop
      vertex -41.5307 19.3045 -22
      vertex -40.7305 22.048 -22
      vertex -40.8485 22.1515 -22
    endloop
  endfacet
  facet normal 0 0 1
    outer loop
      vertex -41.5307 19.3045 -22
      vertex -40.8485 22.1515 -22
      vertex -40.952 22.2695 -22
    endloop
  endfacet
  facet normal 0 0 1
    outer loop
      vertex -40.3106 21.8409 -22
      vertex -41.0353 19.1363 -22
      vertex -40.5221 19.0342 -22
    endloop
  endfacet
  facet normal 0 0 1
    outer loop
      vertex -41.5307 19.3045 -22
      vertex -40.952 22.2695 -22
      vertex -41.0392 22.4 -22
    endloop
  endfacet
  facet normal 0 0 1
    outer loop
      vertex -41.5307 19.3045 -22
      vertex -41.0392 22.4 -22
      vertex -41.1087 22.5408 -22
    endloop
  endfacet
  facet normal 0 0 1
    outer loop
      vertex -41.5307 19.3045 -22
      vertex -41.1087 22.5408 -22
      vertex -41.1591 22.6894 -22
    endloop
  endfacet
  facet normal 0 0 1
    outer loop
      vertex -41.5307 19.3045 -22
      vertex -41.1591 22.6894 -22
      vertex -41.1897 22.8434 -22
    endloop
  endfacet
  facet normal 0 0 1
    outer loop
      vertex -41.5307 19.3045 -22
      vertex -41.1897 22.8434 -22
      vertex -41.2 23 -22
    endloop
  endfacet
  facet normal 0 0 1
    outer loop
      vertex -40.4592 21.8913 -22
      vertex -41.5307 19.3045 -22
      vertex -41.0353 19.1363 -22
    endloop
  endfacet
  facet normal -0.831432 0.555626 0
    outer loop
      vertex -43.4641 25 -30
      vertex -43.1734 25.435 -22
      vertex -43.1734 25.435 -30
    endloop
  endfacet
  facet normal -0.831432 0.555626 0
    outer loop
      vertex -43.1734 25.435 -22
      vertex -43.4641 25 -30
      vertex -43.4641 25 -22
    endloop
  endfacet
  facet normal -0.555626 0.831432 0
    outer loop
      vertex -42 26.4641 -30
      vertex -42.435 26.1734 -22
      vertex -42 26.4641 -22
    endloop
  endfacet
  facet normal -0.555626 0.831432 0
    outer loop
      vertex -42.435 26.1734 -22
      vertex -42 26.4641 -30
      vertex -42.435 26.1734 -30
    endloop
  endfacet
  facet normal -0.442279 0.896878 0
    outer loop
      vertex -41.9272 26.5 -30
      vertex -42 26.4641 -22
      vertex -41.9272 26.5 -22
    endloop
  endfacet
  facet normal -0.442279 0.896878 0
    outer loop
      vertex -42 26.4641 -22
      vertex -41.9272 26.5 -30
      vertex -42 26.4641 -30
    endloop
  endfacet
  facet normal 0.997861 -0.0653646 0
    outer loop
      vertex -36.0342 22.4779 -22
      vertex -36 23 -30
      vertex -36 23 -22
    endloop
  endfacet
  facet normal 0.997861 -0.0653646 0
    outer loop
      vertex -36 23 -30
      vertex -36.0342 22.4779 -22
      vertex -36.0342 22.4779 -30
    endloop
  endfacet
  facet normal 0.0653646 -0.997861 0
    outer loop
      vertex -40 19 -30
      vertex -39.4779 19.0342 -22
      vertex -40 19 -22
    endloop
  endfacet
  facet normal 0.0653646 -0.997861 0
    outer loop
      vertex -39.4779 19.0342 -22
      vertex -40 19 -30
      vertex -39.4779 19.0342 -30
    endloop
  endfacet
  facet normal 0.321498 -0.94691 0
    outer loop
      vertex -38.9647 19.1363 -30
      vertex -38.4693 19.3045 -22
      vertex -38.9647 19.1363 -22
    endloop
  endfacet
  facet normal 0.321498 -0.94691 0
    outer loop
      vertex -38.4693 19.3045 -22
      vertex -38.9647 19.1363 -30
      vertex -38.4693 19.3045 -30
    endloop
  endfacet
  facet normal 0.751842 -0.659343 0
    outer loop
      vertex -37.1716 20.1716 -22
      vertex -36.8266 20.565 -30
      vertex -36.8266 20.565 -22
    endloop
  endfacet
  facet normal 0.751842 -0.659343 0
    outer loop
      vertex -36.8266 20.565 -30
      vertex -37.1716 20.1716 -22
      vertex -37.1716 20.1716 -30
    endloop
  endfacet
  facet normal 0.659343 -0.751842 0
    outer loop
      vertex -37.565 19.8266 -30
      vertex -37.1716 20.1716 -22
      vertex -37.565 19.8266 -22
    endloop
  endfacet
  facet normal 0.659343 -0.751842 0
    outer loop
      vertex -37.1716 20.1716 -22
      vertex -37.565 19.8266 -30
      vertex -37.1716 20.1716 -30
    endloop
  endfacet
  facet normal -0.321498 -0.94691 0
    outer loop
      vertex -41.5307 19.3045 -30
      vertex -41.0353 19.1363 -22
      vertex -41.5307 19.3045 -22
    endloop
  endfacet
  facet normal -0.321498 -0.94691 -0
    outer loop
      vertex -41.0353 19.1363 -22
      vertex -41.5307 19.3045 -30
      vertex -41.0353 19.1363 -30
    endloop
  endfacet
  facet normal -0.555626 -0.831432 0
    outer loop
      vertex -42.435 19.8266 -30
      vertex -42 19.5359 -22
      vertex -42.435 19.8266 -22
    endloop
  endfacet
  facet normal -0.555626 -0.831432 -0
    outer loop
      vertex -42 19.5359 -22
      vertex -42.435 19.8266 -30
      vertex -42 19.5359 -30
    endloop
  endfacet
  facet normal -0.896878 -0.442279 0
    outer loop
      vertex -43.4641 21 -30
      vertex -43.5 21.0728 -22
      vertex -43.5 21.0728 -30
    endloop
  endfacet
  facet normal -0.896878 -0.442279 0
    outer loop
      vertex -43.5 21.0728 -22
      vertex -43.4641 21 -30
      vertex -43.4641 21 -22
    endloop
  endfacet
  facet normal 0.980779 -0.195124 0
    outer loop
      vertex -36.1363 21.9647 -22
      vertex -36.0342 22.4779 -30
      vertex -36.0342 22.4779 -22
    endloop
  endfacet
  facet normal 0.980779 -0.195124 0
    outer loop
      vertex -36.0342 22.4779 -30
      vertex -36.1363 21.9647 -22
      vertex -36.1363 21.9647 -30
    endloop
  endfacet
  facet normal 0.896898 -0.442238 0
    outer loop
      vertex -36.5359 21 -22
      vertex -36.3045 21.4693 -30
      vertex -36.3045 21.4693 -22
    endloop
  endfacet
  facet normal 0.896898 -0.442238 0
    outer loop
      vertex -36.3045 21.4693 -30
      vertex -36.5359 21 -22
      vertex -36.5359 21 -30
    endloop
  endfacet
  facet normal 0.195124 -0.980779 0
    outer loop
      vertex -39.4779 19.0342 -30
      vertex -38.9647 19.1363 -22
      vertex -39.4779 19.0342 -22
    endloop
  endfacet
  facet normal 0.195124 -0.980779 0
    outer loop
      vertex -38.9647 19.1363 -22
      vertex -39.4779 19.0342 -30
      vertex -38.9647 19.1363 -30
    endloop
  endfacet
  facet normal -0.195124 -0.980779 0
    outer loop
      vertex -41.0353 19.1363 -30
      vertex -40.5221 19.0342 -22
      vertex -41.0353 19.1363 -22
    endloop
  endfacet
  facet normal -0.195124 -0.980779 -0
    outer loop
      vertex -40.5221 19.0342 -22
      vertex -41.0353 19.1363 -30
      vertex -40.5221 19.0342 -30
    endloop
  endfacet
  facet normal -0.831432 -0.555626 0
    outer loop
      vertex -43.1734 20.565 -30
      vertex -43.4641 21 -22
      vertex -43.4641 21 -30
    endloop
  endfacet
  facet normal -0.831432 -0.555626 0
    outer loop
      vertex -43.4641 21 -22
      vertex -43.1734 20.565 -30
      vertex -43.1734 20.565 -22
    endloop
  endfacet
  facet normal -0.997844 -0.0656309 0
    outer loop
      vertex -38.8 23 -30
      vertex -38.8103 23.1566 -22
      vertex -38.8103 23.1566 -30
    endloop
  endfacet
  facet normal -0.997844 -0.0656309 0
    outer loop
      vertex -38.8103 23.1566 -22
      vertex -38.8 23 -30
      vertex -38.8 23 -22
    endloop
  endfacet
  facet normal 0.997844 -0.0656309 0
    outer loop
      vertex -41.2 23 -22
      vertex -41.1897 23.1566 -30
      vertex -41.1897 23.1566 -22
    endloop
  endfacet
  facet normal 0.997844 -0.0656309 0
    outer loop
      vertex -41.1897 23.1566 -30
      vertex -41.2 23 -22
      vertex -41.2 23 -30
    endloop
  endfacet
  facet normal -0.0656309 -0.997844 0
    outer loop
      vertex -40 24.2 -30
      vertex -39.8434 24.1897 -22
      vertex -40 24.2 -22
    endloop
  endfacet
  facet normal -0.0656309 -0.997844 -0
    outer loop
      vertex -39.8434 24.1897 -22
      vertex -40 24.2 -30
      vertex -39.8434 24.1897 -30
    endloop
  endfacet
  facet normal -0.751787 -0.659406 0
    outer loop
      vertex -39.048 23.7305 -30
      vertex -39.1515 23.8485 -22
      vertex -39.1515 23.8485 -30
    endloop
  endfacet
  facet normal -0.751787 -0.659406 0
    outer loop
      vertex -39.1515 23.8485 -22
      vertex -39.048 23.7305 -30
      vertex -39.048 23.7305 -22
    endloop
  endfacet
  facet normal 0.659406 -0.751787 0
    outer loop
      vertex -40.8485 23.8485 -30
      vertex -40.7305 23.952 -22
      vertex -40.8485 23.8485 -22
    endloop
  endfacet
  facet normal 0.659406 -0.751787 0
    outer loop
      vertex -40.7305 23.952 -22
      vertex -40.8485 23.8485 -30
      vertex -40.7305 23.952 -30
    endloop
  endfacet
  facet normal 0.321194 -0.947013 0
    outer loop
      vertex -40.4592 24.1087 -30
      vertex -40.3106 24.1591 -22
      vertex -40.4592 24.1087 -22
    endloop
  endfacet
  facet normal 0.321194 -0.947013 0
    outer loop
      vertex -40.3106 24.1591 -22
      vertex -40.4592 24.1087 -30
      vertex -40.3106 24.1591 -30
    endloop
  endfacet
  facet normal 0.980825 0.194891 0
    outer loop
      vertex -41.1591 22.6894 -22
      vertex -41.1897 22.8434 -30
      vertex -41.1897 22.8434 -22
    endloop
  endfacet
  facet normal 0.980825 0.194891 0
    outer loop
      vertex -41.1897 22.8434 -30
      vertex -41.1591 22.6894 -22
      vertex -41.1591 22.6894 -30
    endloop
  endfacet
  facet normal -0.896708 -0.442622 0
    outer loop
      vertex -38.8913 23.4592 -30
      vertex -38.9608 23.6 -22
      vertex -38.9608 23.6 -30
    endloop
  endfacet
  facet normal -0.896708 -0.442622 0
    outer loop
      vertex -38.9608 23.6 -22
      vertex -38.8913 23.4592 -30
      vertex -38.8913 23.4592 -22
    endloop
  endfacet
  facet normal -0.831462 -0.555582 0
    outer loop
      vertex -38.9608 23.6 -30
      vertex -39.048 23.7305 -22
      vertex -39.048 23.7305 -30
    endloop
  endfacet
  facet normal -0.831462 -0.555582 0
    outer loop
      vertex -39.048 23.7305 -22
      vertex -38.9608 23.6 -30
      vertex -38.9608 23.6 -22
    endloop
  endfacet
  facet normal -0.442622 -0.896708 0
    outer loop
      vertex -39.5408 24.1087 -30
      vertex -39.4 24.0392 -22
      vertex -39.5408 24.1087 -22
    endloop
  endfacet
  facet normal -0.442622 -0.896708 -0
    outer loop
      vertex -39.4 24.0392 -22
      vertex -39.5408 24.1087 -30
      vertex -39.4 24.0392 -30
    endloop
  endfacet
  facet normal -0.555582 -0.831462 0
    outer loop
      vertex -39.4 24.0392 -30
      vertex -39.2695 23.952 -22
      vertex -39.4 24.0392 -22
    endloop
  endfacet
  facet normal -0.555582 -0.831462 -0
    outer loop
      vertex -39.2695 23.952 -22
      vertex -39.4 24.0392 -30
      vertex -39.2695 23.952 -30
    endloop
  endfacet
  facet normal 0.896708 -0.442622 0
    outer loop
      vertex -41.1087 23.4592 -22
      vertex -41.0392 23.6 -30
      vertex -41.0392 23.6 -22
    endloop
  endfacet
  facet normal 0.896708 -0.442622 0
    outer loop
      vertex -41.0392 23.6 -30
      vertex -41.1087 23.4592 -22
      vertex -41.1087 23.4592 -30
    endloop
  endfacet
  facet normal 0.831462 -0.555582 0
    outer loop
      vertex -41.0392 23.6 -22
      vertex -40.952 23.7305 -30
      vertex -40.952 23.7305 -22
    endloop
  endfacet
  facet normal 0.831462 -0.555582 0
    outer loop
      vertex -40.952 23.7305 -30
      vertex -41.0392 23.6 -22
      vertex -41.0392 23.6 -30
    endloop
  endfacet
  facet normal 0.442622 -0.896708 0
    outer loop
      vertex -40.6 24.0392 -30
      vertex -40.4592 24.1087 -22
      vertex -40.6 24.0392 -22
    endloop
  endfacet
  facet normal 0.442622 -0.896708 0
    outer loop
      vertex -40.4592 24.1087 -22
      vertex -40.6 24.0392 -30
      vertex -40.4592 24.1087 -30
    endloop
  endfacet
  facet normal 0.0656309 -0.997844 0
    outer loop
      vertex -40.1566 24.1897 -30
      vertex -40 24.2 -22
      vertex -40.1566 24.1897 -22
    endloop
  endfacet
  facet normal 0.0656309 -0.997844 0
    outer loop
      vertex -40 24.2 -22
      vertex -40.1566 24.1897 -30
      vertex -40 24.2 -30
    endloop
  endfacet
  facet normal -0.194891 0.980825 0
    outer loop
      vertex -39.6894 21.8409 -30
      vertex -39.8434 21.8103 -22
      vertex -39.6894 21.8409 -22
    endloop
  endfacet
  facet normal -0.194891 0.980825 0
    outer loop
      vertex -39.8434 21.8103 -22
      vertex -39.6894 21.8409 -30
      vertex -39.8434 21.8103 -30
    endloop
  endfacet
  facet normal -0.0656309 0.997844 0
    outer loop
      vertex -39.8434 21.8103 -30
      vertex -40 21.8 -22
      vertex -39.8434 21.8103 -22
    endloop
  endfacet
  facet normal -0.0656309 0.997844 0
    outer loop
      vertex -40 21.8 -22
      vertex -39.8434 21.8103 -30
      vertex -40 21.8 -30
    endloop
  endfacet
  facet normal -0.659406 0.751787 0
    outer loop
      vertex -39.1515 22.1515 -30
      vertex -39.2695 22.048 -22
      vertex -39.1515 22.1515 -22
    endloop
  endfacet
  facet normal -0.659406 0.751787 0
    outer loop
      vertex -39.2695 22.048 -22
      vertex -39.1515 22.1515 -30
      vertex -39.2695 22.048 -30
    endloop
  endfacet
  facet normal -0.442622 0.896708 0
    outer loop
      vertex -39.4 21.9608 -30
      vertex -39.5408 21.8913 -22
      vertex -39.4 21.9608 -22
    endloop
  endfacet
  facet normal -0.442622 0.896708 0
    outer loop
      vertex -39.5408 21.8913 -22
      vertex -39.4 21.9608 -30
      vertex -39.5408 21.8913 -30
    endloop
  endfacet
  facet normal -0.947013 0.321194 0
    outer loop
      vertex -38.8913 22.5408 -30
      vertex -38.8409 22.6894 -22
      vertex -38.8409 22.6894 -30
    endloop
  endfacet
  facet normal -0.947013 0.321194 0
    outer loop
      vertex -38.8409 22.6894 -22
      vertex -38.8913 22.5408 -30
      vertex -38.8913 22.5408 -22
    endloop
  endfacet
  facet normal 0.442622 0.896708 -0
    outer loop
      vertex -40.4592 21.8913 -30
      vertex -40.6 21.9608 -22
      vertex -40.4592 21.8913 -22
    endloop
  endfacet
  facet normal 0.442622 0.896708 0
    outer loop
      vertex -40.6 21.9608 -22
      vertex -40.4592 21.8913 -30
      vertex -40.6 21.9608 -30
    endloop
  endfacet
  facet normal 0.321194 0.947013 -0
    outer loop
      vertex -40.3106 21.8409 -30
      vertex -40.4592 21.8913 -22
      vertex -40.3106 21.8409 -22
    endloop
  endfacet
  facet normal 0.321194 0.947013 0
    outer loop
      vertex -40.4592 21.8913 -22
      vertex -40.3106 21.8409 -30
      vertex -40.4592 21.8913 -30
    endloop
  endfacet
  facet normal 0.896708 0.442622 0
    outer loop
      vertex -41.0392 22.4 -22
      vertex -41.1087 22.5408 -30
      vertex -41.1087 22.5408 -22
    endloop
  endfacet
  facet normal 0.896708 0.442622 0
    outer loop
      vertex -41.1087 22.5408 -30
      vertex -41.0392 22.4 -22
      vertex -41.0392 22.4 -30
    endloop
  endfacet
  facet normal 0.831462 0.555582 0
    outer loop
      vertex -40.952 22.2695 -22
      vertex -41.0392 22.4 -30
      vertex -41.0392 22.4 -22
    endloop
  endfacet
  facet normal 0.831462 0.555582 0
    outer loop
      vertex -41.0392 22.4 -30
      vertex -40.952 22.2695 -22
      vertex -40.952 22.2695 -30
    endloop
  endfacet
  facet normal 0.997844 0.0656309 0
    outer loop
      vertex -41.1897 22.8434 -22
      vertex -41.2 23 -30
      vertex -41.2 23 -22
    endloop
  endfacet
  facet normal 0.997844 0.0656309 0
    outer loop
      vertex -41.2 23 -30
      vertex -41.1897 22.8434 -22
      vertex -41.1897 22.8434 -30
    endloop
  endfacet
  facet normal -0.947013 -0.321194 0
    outer loop
      vertex -38.8409 23.3106 -30
      vertex -38.8913 23.4592 -22
      vertex -38.8913 23.4592 -30
    endloop
  endfacet
  facet normal -0.947013 -0.321194 0
    outer loop
      vertex -38.8913 23.4592 -22
      vertex -38.8409 23.3106 -30
      vertex -38.8409 23.3106 -22
    endloop
  endfacet
  facet normal -0.980825 -0.194891 0
    outer loop
      vertex -38.8103 23.1566 -30
      vertex -38.8409 23.3106 -22
      vertex -38.8409 23.3106 -30
    endloop
  endfacet
  facet normal -0.980825 -0.194891 0
    outer loop
      vertex -38.8409 23.3106 -22
      vertex -38.8103 23.1566 -30
      vertex -38.8103 23.1566 -22
    endloop
  endfacet
  facet normal -0.321194 -0.947013 0
    outer loop
      vertex -39.6894 24.1591 -30
      vertex -39.5408 24.1087 -22
      vertex -39.6894 24.1591 -22
    endloop
  endfacet
  facet normal -0.321194 -0.947013 -0
    outer loop
      vertex -39.5408 24.1087 -22
      vertex -39.6894 24.1591 -30
      vertex -39.5408 24.1087 -30
    endloop
  endfacet
  facet normal -0.194891 -0.980825 0
    outer loop
      vertex -39.8434 24.1897 -30
      vertex -39.6894 24.1591 -22
      vertex -39.8434 24.1897 -22
    endloop
  endfacet
  facet normal -0.194891 -0.980825 -0
    outer loop
      vertex -39.6894 24.1591 -22
      vertex -39.8434 24.1897 -30
      vertex -39.6894 24.1591 -30
    endloop
  endfacet
  facet normal -0.659406 -0.751787 0
    outer loop
      vertex -39.2695 23.952 -30
      vertex -39.1515 23.8485 -22
      vertex -39.2695 23.952 -22
    endloop
  endfacet
  facet normal -0.659406 -0.751787 -0
    outer loop
      vertex -39.1515 23.8485 -22
      vertex -39.2695 23.952 -30
      vertex -39.1515 23.8485 -30
    endloop
  endfacet
  facet normal 0.947013 -0.321194 0
    outer loop
      vertex -41.1591 23.3106 -22
      vertex -41.1087 23.4592 -30
      vertex -41.1087 23.4592 -22
    endloop
  endfacet
  facet normal 0.947013 -0.321194 0
    outer loop
      vertex -41.1087 23.4592 -30
      vertex -41.1591 23.3106 -22
      vertex -41.1591 23.3106 -30
    endloop
  endfacet
  facet normal 0.980825 -0.194891 0
    outer loop
      vertex -41.1897 23.1566 -22
      vertex -41.1591 23.3106 -30
      vertex -41.1591 23.3106 -22
    endloop
  endfacet
  facet normal 0.980825 -0.194891 0
    outer loop
      vertex -41.1591 23.3106 -30
      vertex -41.1897 23.1566 -22
      vertex -41.1897 23.1566 -30
    endloop
  endfacet
  facet normal -0.997844 0.0656309 0
    outer loop
      vertex -38.8103 22.8434 -30
      vertex -38.8 23 -22
      vertex -38.8 23 -30
    endloop
  endfacet
  facet normal -0.997844 0.0656309 0
    outer loop
      vertex -38.8 23 -22
      vertex -38.8103 22.8434 -30
      vertex -38.8103 22.8434 -22
    endloop
  endfacet
  facet normal -0.555582 0.831462 0
    outer loop
      vertex -39.2695 22.048 -30
      vertex -39.4 21.9608 -22
      vertex -39.2695 22.048 -22
    endloop
  endfacet
  facet normal -0.555582 0.831462 0
    outer loop
      vertex -39.4 21.9608 -22
      vertex -39.2695 22.048 -30
      vertex -39.4 21.9608 -30
    endloop
  endfacet
  facet normal -0.896708 0.442622 0
    outer loop
      vertex -38.9608 22.4 -30
      vertex -38.8913 22.5408 -22
      vertex -38.8913 22.5408 -30
    endloop
  endfacet
  facet normal -0.896708 0.442622 0
    outer loop
      vertex -38.8913 22.5408 -22
      vertex -38.9608 22.4 -30
      vertex -38.9608 22.4 -22
    endloop
  endfacet
  facet normal -0.751787 0.659406 0
    outer loop
      vertex -39.1515 22.1515 -30
      vertex -39.048 22.2695 -22
      vertex -39.048 22.2695 -30
    endloop
  endfacet
  facet normal -0.751787 0.659406 0
    outer loop
      vertex -39.048 22.2695 -22
      vertex -39.1515 22.1515 -30
      vertex -39.1515 22.1515 -22
    endloop
  endfacet
  facet normal -0.831462 0.555582 0
    outer loop
      vertex -39.048 22.2695 -30
      vertex -38.9608 22.4 -22
      vertex -38.9608 22.4 -30
    endloop
  endfacet
  facet normal -0.831462 0.555582 0
    outer loop
      vertex -38.9608 22.4 -22
      vertex -39.048 22.2695 -30
      vertex -39.048 22.2695 -22
    endloop
  endfacet
  facet normal 0.659406 0.751787 -0
    outer loop
      vertex -40.7305 22.048 -30
      vertex -40.8485 22.1515 -22
      vertex -40.7305 22.048 -22
    endloop
  endfacet
  facet normal 0.659406 0.751787 0
    outer loop
      vertex -40.8485 22.1515 -22
      vertex -40.7305 22.048 -30
      vertex -40.8485 22.1515 -30
    endloop
  endfacet
  facet normal 0.555582 0.831462 -0
    outer loop
      vertex -40.6 21.9608 -30
      vertex -40.7305 22.048 -22
      vertex -40.6 21.9608 -22
    endloop
  endfacet
  facet normal 0.555582 0.831462 0
    outer loop
      vertex -40.7305 22.048 -22
      vertex -40.6 21.9608 -30
      vertex -40.7305 22.048 -30
    endloop
  endfacet
  facet normal 0.0656309 0.997844 -0
    outer loop
      vertex -40 21.8 -30
      vertex -40.1566 21.8103 -22
      vertex -40 21.8 -22
    endloop
  endfacet
  facet normal 0.0656309 0.997844 0
    outer loop
      vertex -40.1566 21.8103 -22
      vertex -40 21.8 -30
      vertex -40.1566 21.8103 -30
    endloop
  endfacet
  facet normal 0.751787 0.659406 0
    outer loop
      vertex -40.8485 22.1515 -22
      vertex -40.952 22.2695 -30
      vertex -40.952 22.2695 -22
    endloop
  endfacet
  facet normal 0.751787 0.659406 0
    outer loop
      vertex -40.952 22.2695 -30
      vertex -40.8485 22.1515 -22
      vertex -40.8485 22.1515 -30
    endloop
  endfacet
  facet normal 0.751787 -0.659406 0
    outer loop
      vertex -40.952 23.7305 -22
      vertex -40.8485 23.8485 -30
      vertex -40.8485 23.8485 -22
    endloop
  endfacet
  facet normal 0.751787 -0.659406 0
    outer loop
      vertex -40.8485 23.8485 -30
      vertex -40.952 23.7305 -22
      vertex -40.952 23.7305 -30
    endloop
  endfacet
  facet normal 0.555582 -0.831462 0
    outer loop
      vertex -40.7305 23.952 -30
      vertex -40.6 24.0392 -22
      vertex -40.7305 23.952 -22
    endloop
  endfacet
  facet normal 0.555582 -0.831462 0
    outer loop
      vertex -40.6 24.0392 -22
      vertex -40.7305 23.952 -30
      vertex -40.6 24.0392 -30
    endloop
  endfacet
  facet normal 0.194891 -0.980825 0
    outer loop
      vertex -40.3106 24.1591 -30
      vertex -40.1566 24.1897 -22
      vertex -40.3106 24.1591 -22
    endloop
  endfacet
  facet normal 0.194891 -0.980825 0
    outer loop
      vertex -40.1566 24.1897 -22
      vertex -40.3106 24.1591 -30
      vertex -40.1566 24.1897 -30
    endloop
  endfacet
  facet normal -0.321194 0.947013 0
    outer loop
      vertex -39.5408 21.8913 -30
      vertex -39.6894 21.8409 -22
      vertex -39.5408 21.8913 -22
    endloop
  endfacet
  facet normal -0.321194 0.947013 0
    outer loop
      vertex -39.6894 21.8409 -22
      vertex -39.5408 21.8913 -30
      vertex -39.6894 21.8409 -30
    endloop
  endfacet
  facet normal -0.980825 0.194891 0
    outer loop
      vertex -38.8409 22.6894 -30
      vertex -38.8103 22.8434 -22
      vertex -38.8103 22.8434 -30
    endloop
  endfacet
  facet normal -0.980825 0.194891 0
    outer loop
      vertex -38.8103 22.8434 -22
      vertex -38.8409 22.6894 -30
      vertex -38.8409 22.6894 -22
    endloop
  endfacet
  facet normal 0.194891 0.980825 -0
    outer loop
      vertex -40.1566 21.8103 -30
      vertex -40.3106 21.8409 -22
      vertex -40.1566 21.8103 -22
    endloop
  endfacet
  facet normal 0.194891 0.980825 0
    outer loop
      vertex -40.3106 21.8409 -22
      vertex -40.1566 21.8103 -30
      vertex -40.3106 21.8409 -30
    endloop
  endfacet
  facet normal 0.947013 0.321194 0
    outer loop
      vertex -41.1087 22.5408 -22
      vertex -41.1591 22.6894 -30
      vertex -41.1591 22.6894 -22
    endloop
  endfacet
  facet normal 0.947013 0.321194 0
    outer loop
      vertex -41.1591 22.6894 -30
      vertex -41.1087 22.5408 -22
      vertex -41.1087 22.5408 -30
    endloop
  endfacet
  facet normal 0.555626 0.831432 -0
    outer loop
      vertex 42.435 -19.8266 -30
      vertex 42 -19.5359 -22
      vertex 42.435 -19.8266 -22
    endloop
  endfacet
  facet normal 0.555626 0.831432 0
    outer loop
      vertex 42 -19.5359 -22
      vertex 42.435 -19.8266 -30
      vertex 42 -19.5359 -30
    endloop
  endfacet
  facet normal -0.321498 0.94691 0
    outer loop
      vertex 38.9647 -19.1363 -30
      vertex 38.4693 -19.3045 -22
      vertex 38.9647 -19.1363 -22
    endloop
  endfacet
  facet normal -0.321498 0.94691 0
    outer loop
      vertex 38.4693 -19.3045 -22
      vertex 38.9647 -19.1363 -30
      vertex 38.4693 -19.3045 -30
    endloop
  endfacet
  facet normal -0.896898 0.442238 0
    outer loop
      vertex 36.3045 -21.4693 -30
      vertex 36.5359 -21 -22
      vertex 36.5359 -21 -30
    endloop
  endfacet
  facet normal -0.896898 0.442238 0
    outer loop
      vertex 36.5359 -21 -22
      vertex 36.3045 -21.4693 -30
      vertex 36.3045 -21.4693 -22
    endloop
  endfacet
  facet normal -0.442279 -0.896878 0
    outer loop
      vertex 38 -26.4641 -30
      vertex 38.0728 -26.5 -22
      vertex 38 -26.4641 -22
    endloop
  endfacet
  facet normal -0.442279 -0.896878 -0
    outer loop
      vertex 38.0728 -26.5 -22
      vertex 38 -26.4641 -30
      vertex 38.0728 -26.5 -30
    endloop
  endfacet
  facet normal 0.896878 0.442279 0
    outer loop
      vertex 43.5 -21.0728 -22
      vertex 43.4641 -21 -30
      vertex 43.4641 -21 -22
    endloop
  endfacet
  facet normal 0.896878 0.442279 0
    outer loop
      vertex 43.4641 -21 -30
      vertex 43.5 -21.0728 -22
      vertex 43.5 -21.0728 -30
    endloop
  endfacet
  facet normal 0.831432 0.555626 0
    outer loop
      vertex 43.4641 -21 -22
      vertex 43.1734 -20.565 -30
      vertex 43.1734 -20.565 -22
    endloop
  endfacet
  facet normal 0.831432 0.555626 0
    outer loop
      vertex 43.1734 -20.565 -30
      vertex 43.4641 -21 -22
      vertex 43.4641 -21 -30
    endloop
  endfacet
  facet normal 0.442238 0.896898 -0
    outer loop
      vertex 42 -19.5359 -30
      vertex 41.5307 -19.3045 -22
      vertex 42 -19.5359 -22
    endloop
  endfacet
  facet normal 0.442238 0.896898 0
    outer loop
      vertex 41.5307 -19.3045 -22
      vertex 42 -19.5359 -30
      vertex 41.5307 -19.3045 -30
    endloop
  endfacet
  facet normal 0.0653646 0.997861 -0
    outer loop
      vertex 40.5221 -19.0342 -30
      vertex 40 -19 -22
      vertex 40.5221 -19.0342 -22
    endloop
  endfacet
  facet normal 0.0653646 0.997861 0
    outer loop
      vertex 40 -19 -22
      vertex 40.5221 -19.0342 -30
      vertex 40 -19 -30
    endloop
  endfacet
  facet normal -0.997861 0.0653646 0
    outer loop
      vertex 36 -23 -30
      vertex 36.0342 -22.4779 -22
      vertex 36.0342 -22.4779 -30
    endloop
  endfacet
  facet normal -0.997861 0.0653646 0
    outer loop
      vertex 36.0342 -22.4779 -22
      vertex 36 -23 -30
      vertex 36 -23 -22
    endloop
  endfacet
  facet normal -0.751842 0.659343 0
    outer loop
      vertex 36.8266 -20.565 -30
      vertex 37.1716 -20.1716 -22
      vertex 37.1716 -20.1716 -30
    endloop
  endfacet
  facet normal -0.751842 0.659343 0
    outer loop
      vertex 37.1716 -20.1716 -22
      vertex 36.8266 -20.565 -30
      vertex 36.8266 -20.565 -22
    endloop
  endfacet
  facet normal -0.0653646 0.997861 0
    outer loop
      vertex 40 -19 -30
      vertex 39.4779 -19.0342 -22
      vertex 40 -19 -22
    endloop
  endfacet
  facet normal -0.0653646 0.997861 0
    outer loop
      vertex 39.4779 -19.0342 -22
      vertex 40 -19 -30
      vertex 39.4779 -19.0342 -30
    endloop
  endfacet
  facet normal -0.659343 0.751842 0
    outer loop
      vertex 37.565 -19.8266 -30
      vertex 37.1716 -20.1716 -22
      vertex 37.565 -19.8266 -22
    endloop
  endfacet
  facet normal -0.659343 0.751842 0
    outer loop
      vertex 37.1716 -20.1716 -22
      vertex 37.565 -19.8266 -30
      vertex 37.1716 -20.1716 -30
    endloop
  endfacet
  facet normal 0.831432 -0.555626 0
    outer loop
      vertex 43.1734 -25.435 -22
      vertex 43.4641 -25 -30
      vertex 43.4641 -25 -22
    endloop
  endfacet
  facet normal 0.831432 -0.555626 0
    outer loop
      vertex 43.4641 -25 -30
      vertex 43.1734 -25.435 -22
      vertex 43.1734 -25.435 -30
    endloop
  endfacet
  facet normal 0.442279 -0.896878 0
    outer loop
      vertex 41.9272 -26.5 -30
      vertex 42 -26.4641 -22
      vertex 41.9272 -26.5 -22
    endloop
  endfacet
  facet normal 0.442279 -0.896878 0
    outer loop
      vertex 42 -26.4641 -22
      vertex 41.9272 -26.5 -30
      vertex 42 -26.4641 -30
    endloop
  endfacet
  facet normal 0.555626 -0.831432 0
    outer loop
      vertex 42 -26.4641 -30
      vertex 42.435 -26.1734 -22
      vertex 42 -26.4641 -22
    endloop
  endfacet
  facet normal 0.555626 -0.831432 0
    outer loop
      vertex 42.435 -26.1734 -22
      vertex 42 -26.4641 -30
      vertex 42.435 -26.1734 -30
    endloop
  endfacet
  facet normal -0.659343 -0.751842 0
    outer loop
      vertex 37.1716 -25.8284 -30
      vertex 37.565 -26.1734 -22
      vertex 37.1716 -25.8284 -22
    endloop
  endfacet
  facet normal -0.659343 -0.751842 -0
    outer loop
      vertex 37.565 -26.1734 -22
      vertex 37.1716 -25.8284 -30
      vertex 37.565 -26.1734 -30
    endloop
  endfacet
  facet normal -0.997861 -0.0653646 0
    outer loop
      vertex 36.0342 -23.5221 -30
      vertex 36 -23 -22
      vertex 36 -23 -30
    endloop
  endfacet
  facet normal -0.997861 -0.0653646 0
    outer loop
      vertex 36 -23 -22
      vertex 36.0342 -23.5221 -30
      vertex 36.0342 -23.5221 -22
    endloop
  endfacet
  facet normal 0 0 -1
    outer loop
      vertex 41.0392 -23.6 -30
      vertex 43.5 -24.9272 -30
      vertex 43.4641 -25 -30
    endloop
  endfacet
  facet normal 0 0 -1
    outer loop
      vertex 43.5 -24.9272 -30
      vertex 41.2 -23 -30
      vertex 43.5 -21.0728 -30
    endloop
  endfacet
  facet normal 0 0 -1
    outer loop
      vertex 41.0392 -23.6 -30
      vertex 43.4641 -25 -30
      vertex 43.1734 -25.435 -30
    endloop
  endfacet
  facet normal 0 0 -1
    outer loop
      vertex 41.1897 -22.8434 -30
      vertex 43.5 -21.0728 -30
      vertex 41.2 -23 -30
    endloop
  endfacet
  facet normal 0 0 -1
    outer loop
      vertex 40.952 -23.7305 -30
      vertex 43.1734 -25.435 -30
      vertex 42.8284 -25.8284 -30
    endloop
  endfacet
  facet normal 0 0 -1
    outer loop
      vertex 41.1591 -22.6894 -30
      vertex 43.5 -21.0728 -30
      vertex 41.1897 -22.8434 -30
    endloop
  endfacet
  facet normal 0 0 -1
    outer loop
      vertex 40.8485 -23.8485 -30
      vertex 42.8284 -25.8284 -30
      vertex 42.435 -26.1734 -30
    endloop
  endfacet
  facet normal 0 0 -1
    outer loop
      vertex 41.1087 -22.5408 -30
      vertex 43.5 -21.0728 -30
      vertex 41.1591 -22.6894 -30
    endloop
  endfacet
  facet normal 0 0 -1
    outer loop
      vertex 40.7305 -23.952 -30
      vertex 42.435 -26.1734 -30
      vertex 42 -26.4641 -30
    endloop
  endfacet
  facet normal 0 0 -1
    outer loop
      vertex 41.0392 -22.4 -30
      vertex 43.5 -21.0728 -30
      vertex 41.1087 -22.5408 -30
    endloop
  endfacet
  facet normal 0 0 -1
    outer loop
      vertex 40.6 -24.0392 -30
      vertex 42 -26.4641 -30
      vertex 41.9272 -26.5 -30
    endloop
  endfacet
  facet normal -0 0 -1
    outer loop
      vertex 43.5 -21.0728 -30
      vertex 41.0392 -22.4 -30
      vertex 43.4641 -21 -30
    endloop
  endfacet
  facet normal -0 0 -1
    outer loop
      vertex 43.4641 -21 -30
      vertex 41.0392 -22.4 -30
      vertex 43.1734 -20.565 -30
    endloop
  endfacet
  facet normal 0 0 -1
    outer loop
      vertex 43.5 -24.9272 -30
      vertex 41.1897 -23.1566 -30
      vertex 41.2 -23 -30
    endloop
  endfacet
  facet normal 0 0 -1
    outer loop
      vertex 43.5 -24.9272 -30
      vertex 41.1591 -23.3106 -30
      vertex 41.1897 -23.1566 -30
    endloop
  endfacet
  facet normal 0 0 -1
    outer loop
      vertex 43.5 -24.9272 -30
      vertex 41.1087 -23.4592 -30
      vertex 41.1591 -23.3106 -30
    endloop
  endfacet
  facet normal 0 0 -1
    outer loop
      vertex 43.5 -24.9272 -30
      vertex 41.0392 -23.6 -30
      vertex 41.1087 -23.4592 -30
    endloop
  endfacet
  facet normal 0 0 -1
    outer loop
      vertex 43.1734 -25.435 -30
      vertex 40.952 -23.7305 -30
      vertex 41.0392 -23.6 -30
    endloop
  endfacet
  facet normal 0 0 -1
    outer loop
      vertex 42.8284 -25.8284 -30
      vertex 40.8485 -23.8485 -30
      vertex 40.952 -23.7305 -30
    endloop
  endfacet
  facet normal 0 0 -1
    outer loop
      vertex 42.435 -26.1734 -30
      vertex 40.7305 -23.952 -30
      vertex 40.8485 -23.8485 -30
    endloop
  endfacet
  facet normal 0 0 -1
    outer loop
      vertex 42 -26.4641 -30
      vertex 40.6 -24.0392 -30
      vertex 40.7305 -23.952 -30
    endloop
  endfacet
  facet normal 0 0 -1
    outer loop
      vertex 41.9272 -26.5 -30
      vertex 40.4592 -24.1087 -30
      vertex 40.6 -24.0392 -30
    endloop
  endfacet
  facet normal 0 0 -1
    outer loop
      vertex 41.9272 -26.5 -30
      vertex 40.3106 -24.1591 -30
      vertex 40.4592 -24.1087 -30
    endloop
  endfacet
  facet normal 0 0 -1
    outer loop
      vertex 41.9272 -26.5 -30
      vertex 40.1566 -24.1897 -30
      vertex 40.3106 -24.1591 -30
    endloop
  endfacet
  facet normal 0 0 -1
    outer loop
      vertex 41.9272 -26.5 -30
      vertex 40 -24.2 -30
      vertex 40.1566 -24.1897 -30
    endloop
  endfacet
  facet normal 0 0 -1
    outer loop
      vertex 38.0728 -26.5 -30
      vertex 40 -24.2 -30
      vertex 41.9272 -26.5 -30
    endloop
  endfacet
  facet normal -0 0 -1
    outer loop
      vertex 40 -24.2 -30
      vertex 38.0728 -26.5 -30
      vertex 39.8434 -24.1897 -30
    endloop
  endfacet
  facet normal -0 0 -1
    outer loop
      vertex 39.8434 -24.1897 -30
      vertex 38.0728 -26.5 -30
      vertex 39.6894 -24.1591 -30
    endloop
  endfacet
  facet normal -0 0 -1
    outer loop
      vertex 39.6894 -24.1591 -30
      vertex 38.0728 -26.5 -30
      vertex 39.5408 -24.1087 -30
    endloop
  endfacet
  facet normal -0 0 -1
    outer loop
      vertex 39.5408 -24.1087 -30
      vertex 38.0728 -26.5 -30
      vertex 39.4 -24.0392 -30
    endloop
  endfacet
  facet normal 0 0 -1
    outer loop
      vertex 38 -26.4641 -30
      vertex 39.4 -24.0392 -30
      vertex 38.0728 -26.5 -30
    endloop
  endfacet
  facet normal 0 0 -1
    outer loop
      vertex 36 -23 -30
      vertex 38.8 -23 -30
      vertex 38.8103 -23.1566 -30
    endloop
  endfacet
  facet normal -0 0 -1
    outer loop
      vertex 39.4 -24.0392 -30
      vertex 38 -26.4641 -30
      vertex 39.2695 -23.952 -30
    endloop
  endfacet
  facet normal 0 0 -1
    outer loop
      vertex 37.565 -26.1734 -30
      vertex 39.2695 -23.952 -30
      vertex 38 -26.4641 -30
    endloop
  endfacet
  facet normal -0 0 -1
    outer loop
      vertex 39.2695 -23.952 -30
      vertex 37.565 -26.1734 -30
      vertex 39.1515 -23.8485 -30
    endloop
  endfacet
  facet normal 0 0 -1
    outer loop
      vertex 37.1716 -25.8284 -30
      vertex 39.1515 -23.8485 -30
      vertex 37.565 -26.1734 -30
    endloop
  endfacet
  facet normal -0 0 -1
    outer loop
      vertex 39.1515 -23.8485 -30
      vertex 37.1716 -25.8284 -30
      vertex 39.048 -23.7305 -30
    endloop
  endfacet
  facet normal 0 0 -1
    outer loop
      vertex 36.8266 -25.435 -30
      vertex 39.048 -23.7305 -30
      vertex 37.1716 -25.8284 -30
    endloop
  endfacet
  facet normal -0 0 -1
    outer loop
      vertex 39.048 -23.7305 -30
      vertex 36.8266 -25.435 -30
      vertex 38.9608 -23.6 -30
    endloop
  endfacet
  facet normal 0 0 -1
    outer loop
      vertex 36.5359 -25 -30
      vertex 38.9608 -23.6 -30
      vertex 36.8266 -25.435 -30
    endloop
  endfacet
  facet normal 0 0 -1
    outer loop
      vertex 38.8 -23 -30
      vertex 38 -19.5359 -30
      vertex 38.4693 -19.3045 -30
    endloop
  endfacet
  facet normal -0 0 -1
    outer loop
      vertex 38.9608 -23.6 -30
      vertex 36.5359 -25 -30
      vertex 38.8913 -23.4592 -30
    endloop
  endfacet
  facet normal 0 0 -1
    outer loop
      vertex 38.8 -23 -30
      vertex 37.565 -19.8266 -30
      vertex 38 -19.5359 -30
    endloop
  endfacet
  facet normal 0 0 -1
    outer loop
      vertex 36.3045 -24.5307 -30
      vertex 38.8913 -23.4592 -30
      vertex 36.5359 -25 -30
    endloop
  endfacet
  facet normal 0 0 -1
    outer loop
      vertex 38.8 -23 -30
      vertex 37.1716 -20.1716 -30
      vertex 37.565 -19.8266 -30
    endloop
  endfacet
  facet normal -0 0 -1
    outer loop
      vertex 38.8913 -23.4592 -30
      vertex 36.3045 -24.5307 -30
      vertex 38.8409 -23.3106 -30
    endloop
  endfacet
  facet normal 0 0 -1
    outer loop
      vertex 38.8 -23 -30
      vertex 36.8266 -20.565 -30
      vertex 37.1716 -20.1716 -30
    endloop
  endfacet
  facet normal 0 0 -1
    outer loop
      vertex 36.1363 -24.0353 -30
      vertex 38.8409 -23.3106 -30
      vertex 36.3045 -24.5307 -30
    endloop
  endfacet
  facet normal 0 0 -1
    outer loop
      vertex 38.8 -23 -30
      vertex 36.5359 -21 -30
      vertex 36.8266 -20.565 -30
    endloop
  endfacet
  facet normal -0 0 -1
    outer loop
      vertex 38.8409 -23.3106 -30
      vertex 36.1363 -24.0353 -30
      vertex 38.8103 -23.1566 -30
    endloop
  endfacet
  facet normal 0 0 -1
    outer loop
      vertex 38.8 -23 -30
      vertex 36.3045 -21.4693 -30
      vertex 36.5359 -21 -30
    endloop
  endfacet
  facet normal 0 0 -1
    outer loop
      vertex 36.0342 -23.5221 -30
      vertex 38.8103 -23.1566 -30
      vertex 36.1363 -24.0353 -30
    endloop
  endfacet
  facet normal 0 0 -1
    outer loop
      vertex 38.8 -23 -30
      vertex 36.1363 -21.9647 -30
      vertex 36.3045 -21.4693 -30
    endloop
  endfacet
  facet normal 0 0 -1
    outer loop
      vertex 36 -23 -30
      vertex 38.8103 -23.1566 -30
      vertex 36.0342 -23.5221 -30
    endloop
  endfacet
  facet normal 0 0 -1
    outer loop
      vertex 38.8 -23 -30
      vertex 36.0342 -22.4779 -30
      vertex 36.1363 -21.9647 -30
    endloop
  endfacet
  facet normal 0 0 -1
    outer loop
      vertex 38.8 -23 -30
      vertex 36 -23 -30
      vertex 36.0342 -22.4779 -30
    endloop
  endfacet
  facet normal 0 0 -1
    outer loop
      vertex 40.952 -22.2695 -30
      vertex 43.1734 -20.565 -30
      vertex 41.0392 -22.4 -30
    endloop
  endfacet
  facet normal -0 0 -1
    outer loop
      vertex 43.1734 -20.565 -30
      vertex 40.952 -22.2695 -30
      vertex 42.8284 -20.1716 -30
    endloop
  endfacet
  facet normal 0 0 -1
    outer loop
      vertex 40.8485 -22.1515 -30
      vertex 42.8284 -20.1716 -30
      vertex 40.952 -22.2695 -30
    endloop
  endfacet
  facet normal -0 0 -1
    outer loop
      vertex 42.8284 -20.1716 -30
      vertex 40.8485 -22.1515 -30
      vertex 42.435 -19.8266 -30
    endloop
  endfacet
  facet normal 0 0 -1
    outer loop
      vertex 40.7305 -22.048 -30
      vertex 42.435 -19.8266 -30
      vertex 40.8485 -22.1515 -30
    endloop
  endfacet
  facet normal -0 0 -1
    outer loop
      vertex 42.435 -19.8266 -30
      vertex 40.7305 -22.048 -30
      vertex 42 -19.5359 -30
    endloop
  endfacet
  facet normal 0 0 -1
    outer loop
      vertex 40.6 -21.9608 -30
      vertex 42 -19.5359 -30
      vertex 40.7305 -22.048 -30
    endloop
  endfacet
  facet normal -0 0 -1
    outer loop
      vertex 42 -19.5359 -30
      vertex 40.6 -21.9608 -30
      vertex 41.5307 -19.3045 -30
    endloop
  endfacet
  facet normal 0 0 -1
    outer loop
      vertex 40.4592 -21.8913 -30
      vertex 41.5307 -19.3045 -30
      vertex 40.6 -21.9608 -30
    endloop
  endfacet
  facet normal -0 0 -1
    outer loop
      vertex 41.5307 -19.3045 -30
      vertex 40.4592 -21.8913 -30
      vertex 41.0353 -19.1363 -30
    endloop
  endfacet
  facet normal 0 0 -1
    outer loop
      vertex 40.3106 -21.8409 -30
      vertex 41.0353 -19.1363 -30
      vertex 40.4592 -21.8913 -30
    endloop
  endfacet
  facet normal -0 0 -1
    outer loop
      vertex 41.0353 -19.1363 -30
      vertex 40.3106 -21.8409 -30
      vertex 40.5221 -19.0342 -30
    endloop
  endfacet
  facet normal 0 0 -1
    outer loop
      vertex 40.1566 -21.8103 -30
      vertex 40.5221 -19.0342 -30
      vertex 40.3106 -21.8409 -30
    endloop
  endfacet
  facet normal 0 0 -1
    outer loop
      vertex 40 -21.8 -30
      vertex 40.5221 -19.0342 -30
      vertex 40.1566 -21.8103 -30
    endloop
  endfacet
  facet normal 0 0 -1
    outer loop
      vertex 40 -21.8 -30
      vertex 40 -19 -30
      vertex 40.5221 -19.0342 -30
    endloop
  endfacet
  facet normal 0 0 -1
    outer loop
      vertex 39.8434 -21.8103 -30
      vertex 40 -19 -30
      vertex 40 -21.8 -30
    endloop
  endfacet
  facet normal 0 0 -1
    outer loop
      vertex 39.4779 -19.0342 -30
      vertex 39.8434 -21.8103 -30
      vertex 39.6894 -21.8409 -30
    endloop
  endfacet
  facet normal 0 0 -1
    outer loop
      vertex 38.9647 -19.1363 -30
      vertex 39.6894 -21.8409 -30
      vertex 39.5408 -21.8913 -30
    endloop
  endfacet
  facet normal 0 0 -1
    outer loop
      vertex 39.8434 -21.8103 -30
      vertex 39.4779 -19.0342 -30
      vertex 40 -19 -30
    endloop
  endfacet
  facet normal 0 0 -1
    outer loop
      vertex 38.4693 -19.3045 -30
      vertex 39.5408 -21.8913 -30
      vertex 39.4 -21.9608 -30
    endloop
  endfacet
  facet normal 0 0 -1
    outer loop
      vertex 38.4693 -19.3045 -30
      vertex 39.4 -21.9608 -30
      vertex 39.2695 -22.048 -30
    endloop
  endfacet
  facet normal 0 0 -1
    outer loop
      vertex 38.4693 -19.3045 -30
      vertex 39.2695 -22.048 -30
      vertex 39.1515 -22.1515 -30
    endloop
  endfacet
  facet normal 0 0 -1
    outer loop
      vertex 38.4693 -19.3045 -30
      vertex 39.1515 -22.1515 -30
      vertex 39.048 -22.2695 -30
    endloop
  endfacet
  facet normal 0 0 -1
    outer loop
      vertex 39.6894 -21.8409 -30
      vertex 38.9647 -19.1363 -30
      vertex 39.4779 -19.0342 -30
    endloop
  endfacet
  facet normal 0 0 -1
    outer loop
      vertex 38.4693 -19.3045 -30
      vertex 39.048 -22.2695 -30
      vertex 38.9608 -22.4 -30
    endloop
  endfacet
  facet normal 0 0 -1
    outer loop
      vertex 38.4693 -19.3045 -30
      vertex 38.9608 -22.4 -30
      vertex 38.8913 -22.5408 -30
    endloop
  endfacet
  facet normal 0 0 -1
    outer loop
      vertex 38.4693 -19.3045 -30
      vertex 38.8913 -22.5408 -30
      vertex 38.8409 -22.6894 -30
    endloop
  endfacet
  facet normal 0 0 -1
    outer loop
      vertex 38.4693 -19.3045 -30
      vertex 38.8409 -22.6894 -30
      vertex 38.8103 -22.8434 -30
    endloop
  endfacet
  facet normal 0 0 -1
    outer loop
      vertex 38.4693 -19.3045 -30
      vertex 38.8103 -22.8434 -30
      vertex 38.8 -23 -30
    endloop
  endfacet
  facet normal 0 0 -1
    outer loop
      vertex 39.5408 -21.8913 -30
      vertex 38.4693 -19.3045 -30
      vertex 38.9647 -19.1363 -30
    endloop
  endfacet
  facet normal -0.751842 -0.659343 0
    outer loop
      vertex 37.1716 -25.8284 -30
      vertex 36.8266 -25.435 -22
      vertex 36.8266 -25.435 -30
    endloop
  endfacet
  facet normal -0.751842 -0.659343 0
    outer loop
      vertex 36.8266 -25.435 -22
      vertex 37.1716 -25.8284 -30
      vertex 37.1716 -25.8284 -22
    endloop
  endfacet
  facet normal 0.751842 0.659343 0
    outer loop
      vertex 43.1734 -20.565 -22
      vertex 42.8284 -20.1716 -30
      vertex 42.8284 -20.1716 -22
    endloop
  endfacet
  facet normal 0.751842 0.659343 0
    outer loop
      vertex 42.8284 -20.1716 -30
      vertex 43.1734 -20.565 -22
      vertex 43.1734 -20.565 -30
    endloop
  endfacet
  facet normal 0.659343 0.751842 -0
    outer loop
      vertex 42.8284 -20.1716 -30
      vertex 42.435 -19.8266 -22
      vertex 42.8284 -20.1716 -22
    endloop
  endfacet
  facet normal 0.659343 0.751842 0
    outer loop
      vertex 42.435 -19.8266 -22
      vertex 42.8284 -20.1716 -30
      vertex 42.435 -19.8266 -30
    endloop
  endfacet
  facet normal 0.321498 0.94691 -0
    outer loop
      vertex 41.5307 -19.3045 -30
      vertex 41.0353 -19.1363 -22
      vertex 41.5307 -19.3045 -22
    endloop
  endfacet
  facet normal 0.321498 0.94691 0
    outer loop
      vertex 41.0353 -19.1363 -22
      vertex 41.5307 -19.3045 -30
      vertex 41.0353 -19.1363 -30
    endloop
  endfacet
  facet normal 0.195124 0.980779 -0
    outer loop
      vertex 41.0353 -19.1363 -30
      vertex 40.5221 -19.0342 -22
      vertex 41.0353 -19.1363 -22
    endloop
  endfacet
  facet normal 0.195124 0.980779 0
    outer loop
      vertex 40.5221 -19.0342 -22
      vertex 41.0353 -19.1363 -30
      vertex 40.5221 -19.0342 -30
    endloop
  endfacet
  facet normal 0 0 1
    outer loop
      vertex 43.5 -21.0728 -22
      vertex 41.1897 -22.8434 -22
      vertex 41.2 -23 -22
    endloop
  endfacet
  facet normal 0 0 1
    outer loop
      vertex 42 -19.5359 -22
      vertex 41.1591 -22.6894 -22
      vertex 41.1897 -22.8434 -22
    endloop
  endfacet
  facet normal 0 0 1
    outer loop
      vertex 42 -19.5359 -22
      vertex 41.1087 -22.5408 -22
      vertex 41.1591 -22.6894 -22
    endloop
  endfacet
  facet normal 0 0 1
    outer loop
      vertex 42 -19.5359 -22
      vertex 41.0392 -22.4 -22
      vertex 41.1087 -22.5408 -22
    endloop
  endfacet
  facet normal 0 0 1
    outer loop
      vertex 40.4592 -21.8913 -22
      vertex 41.5307 -19.3045 -22
      vertex 41.0353 -19.1363 -22
    endloop
  endfacet
  facet normal 0 0 1
    outer loop
      vertex 42 -19.5359 -22
      vertex 40.952 -22.2695 -22
      vertex 41.0392 -22.4 -22
    endloop
  endfacet
  facet normal 0 0 1
    outer loop
      vertex 42 -19.5359 -22
      vertex 40.8485 -22.1515 -22
      vertex 40.952 -22.2695 -22
    endloop
  endfacet
  facet normal 0 0 1
    outer loop
      vertex 42 -19.5359 -22
      vertex 40.7305 -22.048 -22
      vertex 40.8485 -22.1515 -22
    endloop
  endfacet
  facet normal 0 0 1
    outer loop
      vertex 42 -19.5359 -22
      vertex 40.6 -21.9608 -22
      vertex 40.7305 -22.048 -22
    endloop
  endfacet
  facet normal 0 0 1
    outer loop
      vertex 40.3106 -21.8409 -22
      vertex 41.0353 -19.1363 -22
      vertex 40.5221 -19.0342 -22
    endloop
  endfacet
  facet normal 0 0 1
    outer loop
      vertex 41.5307 -19.3045 -22
      vertex 40.4592 -21.8913 -22
      vertex 40.6 -21.9608 -22
    endloop
  endfacet
  facet normal 0 0 1
    outer loop
      vertex 41.0353 -19.1363 -22
      vertex 40.3106 -21.8409 -22
      vertex 40.4592 -21.8913 -22
    endloop
  endfacet
  facet normal 0 0 1
    outer loop
      vertex 40.5221 -19.0342 -22
      vertex 40.1566 -21.8103 -22
      vertex 40.3106 -21.8409 -22
    endloop
  endfacet
  facet normal 0 0 1
    outer loop
      vertex 40 -19 -22
      vertex 40.1566 -21.8103 -22
      vertex 40.5221 -19.0342 -22
    endloop
  endfacet
  facet normal 0 0 1
    outer loop
      vertex 40 -19 -22
      vertex 40 -21.8 -22
      vertex 40.1566 -21.8103 -22
    endloop
  endfacet
  facet normal 0 0 1
    outer loop
      vertex 40 -19 -22
      vertex 39.8434 -21.8103 -22
      vertex 40 -21.8 -22
    endloop
  endfacet
  facet normal -0 0 1
    outer loop
      vertex 39.4779 -19.0342 -22
      vertex 39.8434 -21.8103 -22
      vertex 40 -19 -22
    endloop
  endfacet
  facet normal 0 0 1
    outer loop
      vertex 39.8434 -21.8103 -22
      vertex 39.4779 -19.0342 -22
      vertex 39.6894 -21.8409 -22
    endloop
  endfacet
  facet normal -0 0 1
    outer loop
      vertex 38.9647 -19.1363 -22
      vertex 39.6894 -21.8409 -22
      vertex 39.4779 -19.0342 -22
    endloop
  endfacet
  facet normal 0 0 1
    outer loop
      vertex 39.6894 -21.8409 -22
      vertex 38.9647 -19.1363 -22
      vertex 39.5408 -21.8913 -22
    endloop
  endfacet
  facet normal -0 0 1
    outer loop
      vertex 38.4693 -19.3045 -22
      vertex 39.5408 -21.8913 -22
      vertex 38.9647 -19.1363 -22
    endloop
  endfacet
  facet normal 0 0 1
    outer loop
      vertex 39.5408 -21.8913 -22
      vertex 38.4693 -19.3045 -22
      vertex 39.4 -21.9608 -22
    endloop
  endfacet
  facet normal -0 0 1
    outer loop
      vertex 38 -19.5359 -22
      vertex 39.4 -21.9608 -22
      vertex 38.4693 -19.3045 -22
    endloop
  endfacet
  facet normal 0 0 1
    outer loop
      vertex 39.4 -21.9608 -22
      vertex 38 -19.5359 -22
      vertex 39.2695 -22.048 -22
    endloop
  endfacet
  facet normal -0 0 1
    outer loop
      vertex 37.565 -19.8266 -22
      vertex 39.2695 -22.048 -22
      vertex 38 -19.5359 -22
    endloop
  endfacet
  facet normal 0 0 1
    outer loop
      vertex 39.2695 -22.048 -22
      vertex 37.565 -19.8266 -22
      vertex 39.1515 -22.1515 -22
    endloop
  endfacet
  facet normal -0 0 1
    outer loop
      vertex 37.1716 -20.1716 -22
      vertex 39.1515 -22.1515 -22
      vertex 37.565 -19.8266 -22
    endloop
  endfacet
  facet normal 0 0 1
    outer loop
      vertex 39.1515 -22.1515 -22
      vertex 37.1716 -20.1716 -22
      vertex 39.048 -22.2695 -22
    endloop
  endfacet
  facet normal -0 0 1
    outer loop
      vertex 36.8266 -20.565 -22
      vertex 39.048 -22.2695 -22
      vertex 37.1716 -20.1716 -22
    endloop
  endfacet
  facet normal 0 0 1
    outer loop
      vertex 39.048 -22.2695 -22
      vertex 36.8266 -20.565 -22
      vertex 38.9608 -22.4 -22
    endloop
  endfacet
  facet normal 0 0 1
    outer loop
      vertex 41.1897 -22.8434 -22
      vertex 43.5 -21.0728 -22
      vertex 43.4641 -21 -22
    endloop
  endfacet
  facet normal 0 0 1
    outer loop
      vertex 43.5 -21.0728 -22
      vertex 41.2 -23 -22
      vertex 43.5 -24.9272 -22
    endloop
  endfacet
  facet normal 0 0 1
    outer loop
      vertex 41.1897 -22.8434 -22
      vertex 43.4641 -21 -22
      vertex 43.1734 -20.565 -22
    endloop
  endfacet
  facet normal -0 0 1
    outer loop
      vertex 41.1897 -23.1566 -22
      vertex 43.5 -24.9272 -22
      vertex 41.2 -23 -22
    endloop
  endfacet
  facet normal 0 0 1
    outer loop
      vertex 41.1897 -22.8434 -22
      vertex 43.1734 -20.565 -22
      vertex 42.8284 -20.1716 -22
    endloop
  endfacet
  facet normal -0 0 1
    outer loop
      vertex 41.1591 -23.3106 -22
      vertex 43.5 -24.9272 -22
      vertex 41.1897 -23.1566 -22
    endloop
  endfacet
  facet normal 0 0 1
    outer loop
      vertex 41.1897 -22.8434 -22
      vertex 42.8284 -20.1716 -22
      vertex 42.435 -19.8266 -22
    endloop
  endfacet
  facet normal -0 0 1
    outer loop
      vertex 41.1087 -23.4592 -22
      vertex 43.5 -24.9272 -22
      vertex 41.1591 -23.3106 -22
    endloop
  endfacet
  facet normal 0 0 1
    outer loop
      vertex 41.1897 -22.8434 -22
      vertex 42.435 -19.8266 -22
      vertex 42 -19.5359 -22
    endloop
  endfacet
  facet normal -0 0 1
    outer loop
      vertex 41.0392 -23.6 -22
      vertex 43.5 -24.9272 -22
      vertex 41.1087 -23.4592 -22
    endloop
  endfacet
  facet normal 0 0 1
    outer loop
      vertex 43.5 -24.9272 -22
      vertex 41.0392 -23.6 -22
      vertex 43.4641 -25 -22
    endloop
  endfacet
  facet normal 0 0 1
    outer loop
      vertex 40.6 -21.9608 -22
      vertex 42 -19.5359 -22
      vertex 41.5307 -19.3045 -22
    endloop
  endfacet
  facet normal 0 0 1
    outer loop
      vertex 43.4641 -25 -22
      vertex 41.0392 -23.6 -22
      vertex 43.1734 -25.435 -22
    endloop
  endfacet
  facet normal -0 0 1
    outer loop
      vertex 40.952 -23.7305 -22
      vertex 43.1734 -25.435 -22
      vertex 41.0392 -23.6 -22
    endloop
  endfacet
  facet normal 0 0 1
    outer loop
      vertex 43.1734 -25.435 -22
      vertex 40.952 -23.7305 -22
      vertex 42.8284 -25.8284 -22
    endloop
  endfacet
  facet normal -0 0 1
    outer loop
      vertex 40.8485 -23.8485 -22
      vertex 42.8284 -25.8284 -22
      vertex 40.952 -23.7305 -22
    endloop
  endfacet
  facet normal 0 0 1
    outer loop
      vertex 42.8284 -25.8284 -22
      vertex 40.8485 -23.8485 -22
      vertex 42.435 -26.1734 -22
    endloop
  endfacet
  facet normal -0 0 1
    outer loop
      vertex 40.7305 -23.952 -22
      vertex 42.435 -26.1734 -22
      vertex 40.8485 -23.8485 -22
    endloop
  endfacet
  facet normal 0 0 1
    outer loop
      vertex 42.435 -26.1734 -22
      vertex 40.7305 -23.952 -22
      vertex 42 -26.4641 -22
    endloop
  endfacet
  facet normal -0 0 1
    outer loop
      vertex 40.6 -24.0392 -22
      vertex 42 -26.4641 -22
      vertex 40.7305 -23.952 -22
    endloop
  endfacet
  facet normal 0 0 1
    outer loop
      vertex 42 -26.4641 -22
      vertex 40.6 -24.0392 -22
      vertex 41.9272 -26.5 -22
    endloop
  endfacet
  facet normal -0 0 1
    outer loop
      vertex 40.4592 -24.1087 -22
      vertex 41.9272 -26.5 -22
      vertex 40.6 -24.0392 -22
    endloop
  endfacet
  facet normal -0 0 1
    outer loop
      vertex 40.3106 -24.1591 -22
      vertex 41.9272 -26.5 -22
      vertex 40.4592 -24.1087 -22
    endloop
  endfacet
  facet normal -0 0 1
    outer loop
      vertex 40.1566 -24.1897 -22
      vertex 41.9272 -26.5 -22
      vertex 40.3106 -24.1591 -22
    endloop
  endfacet
  facet normal -0 0 1
    outer loop
      vertex 40 -24.2 -22
      vertex 41.9272 -26.5 -22
      vertex 40.1566 -24.1897 -22
    endloop
  endfacet
  facet normal 0 0 1
    outer loop
      vertex 38.0728 -26.5 -22
      vertex 40 -24.2 -22
      vertex 39.8434 -24.1897 -22
    endloop
  endfacet
  facet normal 0 0 1
    outer loop
      vertex 38.0728 -26.5 -22
      vertex 39.8434 -24.1897 -22
      vertex 39.6894 -24.1591 -22
    endloop
  endfacet
  facet normal 0 0 1
    outer loop
      vertex 38.0728 -26.5 -22
      vertex 39.6894 -24.1591 -22
      vertex 39.5408 -24.1087 -22
    endloop
  endfacet
  facet normal 0 0 1
    outer loop
      vertex 38.0728 -26.5 -22
      vertex 39.5408 -24.1087 -22
      vertex 39.4 -24.0392 -22
    endloop
  endfacet
  facet normal 0 0 1
    outer loop
      vertex 38 -26.4641 -22
      vertex 39.4 -24.0392 -22
      vertex 39.2695 -23.952 -22
    endloop
  endfacet
  facet normal 0 0 1
    outer loop
      vertex 37.565 -26.1734 -22
      vertex 39.2695 -23.952 -22
      vertex 39.1515 -23.8485 -22
    endloop
  endfacet
  facet normal -0 0 1
    outer loop
      vertex 36.5359 -21 -22
      vertex 38.9608 -22.4 -22
      vertex 36.8266 -20.565 -22
    endloop
  endfacet
  facet normal 0 0 1
    outer loop
      vertex 40 -24.2 -22
      vertex 38.0728 -26.5 -22
      vertex 41.9272 -26.5 -22
    endloop
  endfacet
  facet normal 0 0 1
    outer loop
      vertex 37.1716 -25.8284 -22
      vertex 39.1515 -23.8485 -22
      vertex 39.048 -23.7305 -22
    endloop
  endfacet
  facet normal 0 0 1
    outer loop
      vertex 36.8266 -25.435 -22
      vertex 39.048 -23.7305 -22
      vertex 38.9608 -23.6 -22
    endloop
  endfacet
  facet normal 0 0 1
    outer loop
      vertex 36.5359 -25 -22
      vertex 38.9608 -23.6 -22
      vertex 38.8913 -23.4592 -22
    endloop
  endfacet
  facet normal 0 0 1
    outer loop
      vertex 36.3045 -24.5307 -22
      vertex 38.8913 -23.4592 -22
      vertex 38.8409 -23.3106 -22
    endloop
  endfacet
  facet normal 0 0 1
    outer loop
      vertex 36.1363 -24.0353 -22
      vertex 38.8409 -23.3106 -22
      vertex 38.8103 -23.1566 -22
    endloop
  endfacet
  facet normal 0 0 1
    outer loop
      vertex 38.9608 -22.4 -22
      vertex 36.5359 -21 -22
      vertex 38.8913 -22.5408 -22
    endloop
  endfacet
  facet normal -0 0 1
    outer loop
      vertex 36.3045 -21.4693 -22
      vertex 38.8913 -22.5408 -22
      vertex 36.5359 -21 -22
    endloop
  endfacet
  facet normal 0 0 1
    outer loop
      vertex 38.8913 -22.5408 -22
      vertex 36.3045 -21.4693 -22
      vertex 38.8409 -22.6894 -22
    endloop
  endfacet
  facet normal 0 0 1
    outer loop
      vertex 39.2695 -23.952 -22
      vertex 37.565 -26.1734 -22
      vertex 38 -26.4641 -22
    endloop
  endfacet
  facet normal 0 0 1
    outer loop
      vertex 39.4 -24.0392 -22
      vertex 38 -26.4641 -22
      vertex 38.0728 -26.5 -22
    endloop
  endfacet
  facet normal -0 0 1
    outer loop
      vertex 36.1363 -21.9647 -22
      vertex 38.8409 -22.6894 -22
      vertex 36.3045 -21.4693 -22
    endloop
  endfacet
  facet normal 0 0 1
    outer loop
      vertex 39.1515 -23.8485 -22
      vertex 37.1716 -25.8284 -22
      vertex 37.565 -26.1734 -22
    endloop
  endfacet
  facet normal 0 0 1
    outer loop
      vertex 38.8409 -22.6894 -22
      vertex 36.1363 -21.9647 -22
      vertex 38.8103 -22.8434 -22
    endloop
  endfacet
  facet normal 0 0 1
    outer loop
      vertex 39.048 -23.7305 -22
      vertex 36.8266 -25.435 -22
      vertex 37.1716 -25.8284 -22
    endloop
  endfacet
  facet normal -0 0 1
    outer loop
      vertex 36.0342 -22.4779 -22
      vertex 38.8103 -22.8434 -22
      vertex 36.1363 -21.9647 -22
    endloop
  endfacet
  facet normal 0 0 1
    outer loop
      vertex 38.9608 -23.6 -22
      vertex 36.5359 -25 -22
      vertex 36.8266 -25.435 -22
    endloop
  endfacet
  facet normal 0 0 1
    outer loop
      vertex 38.8103 -22.8434 -22
      vertex 36.0342 -22.4779 -22
      vertex 38.8 -23 -22
    endloop
  endfacet
  facet normal 0 0 1
    outer loop
      vertex 38.8913 -23.4592 -22
      vertex 36.3045 -24.5307 -22
      vertex 36.5359 -25 -22
    endloop
  endfacet
  facet normal 0 0 1
    outer loop
      vertex 36 -23 -22
      vertex 38.8 -23 -22
      vertex 36.0342 -22.4779 -22
    endloop
  endfacet
  facet normal 0 0 1
    outer loop
      vertex 38.8409 -23.3106 -22
      vertex 36.1363 -24.0353 -22
      vertex 36.3045 -24.5307 -22
    endloop
  endfacet
  facet normal 0 0 1
    outer loop
      vertex 38.8 -23 -22
      vertex 36 -23 -22
      vertex 38.8103 -23.1566 -22
    endloop
  endfacet
  facet normal 0 0 1
    outer loop
      vertex 38.8103 -23.1566 -22
      vertex 36.0342 -23.5221 -22
      vertex 36.1363 -24.0353 -22
    endloop
  endfacet
  facet normal 0 0 1
    outer loop
      vertex 38.8103 -23.1566 -22
      vertex 36 -23 -22
      vertex 36.0342 -23.5221 -22
    endloop
  endfacet
  facet normal -0.94691 0.321498 0
    outer loop
      vertex 36.1363 -21.9647 -30
      vertex 36.3045 -21.4693 -22
      vertex 36.3045 -21.4693 -30
    endloop
  endfacet
  facet normal -0.94691 0.321498 0
    outer loop
      vertex 36.3045 -21.4693 -22
      vertex 36.1363 -21.9647 -30
      vertex 36.1363 -21.9647 -22
    endloop
  endfacet
  facet normal -0.980779 0.195124 0
    outer loop
      vertex 36.0342 -22.4779 -30
      vertex 36.1363 -21.9647 -22
      vertex 36.1363 -21.9647 -30
    endloop
  endfacet
  facet normal -0.980779 0.195124 0
    outer loop
      vertex 36.1363 -21.9647 -22
      vertex 36.0342 -22.4779 -30
      vertex 36.0342 -22.4779 -22
    endloop
  endfacet
  facet normal -0.831432 0.555626 0
    outer loop
      vertex 36.5359 -21 -30
      vertex 36.8266 -20.565 -22
      vertex 36.8266 -20.565 -30
    endloop
  endfacet
  facet normal -0.831432 0.555626 0
    outer loop
      vertex 36.8266 -20.565 -22
      vertex 36.5359 -21 -30
      vertex 36.5359 -21 -22
    endloop
  endfacet
  facet normal -0.195124 0.980779 0
    outer loop
      vertex 39.4779 -19.0342 -30
      vertex 38.9647 -19.1363 -22
      vertex 39.4779 -19.0342 -22
    endloop
  endfacet
  facet normal -0.195124 0.980779 0
    outer loop
      vertex 38.9647 -19.1363 -22
      vertex 39.4779 -19.0342 -30
      vertex 38.9647 -19.1363 -30
    endloop
  endfacet
  facet normal -0.555626 0.831432 0
    outer loop
      vertex 38 -19.5359 -30
      vertex 37.565 -19.8266 -22
      vertex 38 -19.5359 -22
    endloop
  endfacet
  facet normal -0.555626 0.831432 0
    outer loop
      vertex 37.565 -19.8266 -22
      vertex 38 -19.5359 -30
      vertex 37.565 -19.8266 -30
    endloop
  endfacet
  facet normal -0.442238 0.896898 0
    outer loop
      vertex 38.4693 -19.3045 -30
      vertex 38 -19.5359 -22
      vertex 38.4693 -19.3045 -22
    endloop
  endfacet
  facet normal -0.442238 0.896898 0
    outer loop
      vertex 38 -19.5359 -22
      vertex 38.4693 -19.3045 -30
      vertex 38 -19.5359 -30
    endloop
  endfacet
  facet normal 0.751842 -0.659343 0
    outer loop
      vertex 42.8284 -25.8284 -22
      vertex 43.1734 -25.435 -30
      vertex 43.1734 -25.435 -22
    endloop
  endfacet
  facet normal 0.751842 -0.659343 0
    outer loop
      vertex 43.1734 -25.435 -30
      vertex 42.8284 -25.8284 -22
      vertex 42.8284 -25.8284 -30
    endloop
  endfacet
  facet normal 0.659343 -0.751842 0
    outer loop
      vertex 42.435 -26.1734 -30
      vertex 42.8284 -25.8284 -22
      vertex 42.435 -26.1734 -22
    endloop
  endfacet
  facet normal 0.659343 -0.751842 0
    outer loop
      vertex 42.8284 -25.8284 -22
      vertex 42.435 -26.1734 -30
      vertex 42.8284 -25.8284 -30
    endloop
  endfacet
  facet normal -0.555626 -0.831432 0
    outer loop
      vertex 37.565 -26.1734 -30
      vertex 38 -26.4641 -22
      vertex 37.565 -26.1734 -22
    endloop
  endfacet
  facet normal -0.555626 -0.831432 -0
    outer loop
      vertex 38 -26.4641 -22
      vertex 37.565 -26.1734 -30
      vertex 38 -26.4641 -30
    endloop
  endfacet
  facet normal -0.980779 -0.195124 0
    outer loop
      vertex 36.1363 -24.0353 -30
      vertex 36.0342 -23.5221 -22
      vertex 36.0342 -23.5221 -30
    endloop
  endfacet
  facet normal -0.980779 -0.195124 0
    outer loop
      vertex 36.0342 -23.5221 -22
      vertex 36.1363 -24.0353 -30
      vertex 36.1363 -24.0353 -22
    endloop
  endfacet
  facet normal -0.896898 -0.442238 0
    outer loop
      vertex 36.5359 -25 -30
      vertex 36.3045 -24.5307 -22
      vertex 36.3045 -24.5307 -30
    endloop
  endfacet
  facet normal -0.896898 -0.442238 0
    outer loop
      vertex 36.3045 -24.5307 -22
      vertex 36.5359 -25 -30
      vertex 36.5359 -25 -22
    endloop
  endfacet
  facet normal 0.896878 -0.442279 0
    outer loop
      vertex 43.4641 -25 -22
      vertex 43.5 -24.9272 -30
      vertex 43.5 -24.9272 -22
    endloop
  endfacet
  facet normal 0.896878 -0.442279 0
    outer loop
      vertex 43.5 -24.9272 -30
      vertex 43.4641 -25 -22
      vertex 43.4641 -25 -30
    endloop
  endfacet
  facet normal -0.94691 -0.321498 0
    outer loop
      vertex 36.3045 -24.5307 -30
      vertex 36.1363 -24.0353 -22
      vertex 36.1363 -24.0353 -30
    endloop
  endfacet
  facet normal -0.94691 -0.321498 0
    outer loop
      vertex 36.1363 -24.0353 -22
      vertex 36.3045 -24.5307 -30
      vertex 36.3045 -24.5307 -22
    endloop
  endfacet
  facet normal -0.831432 -0.555626 0
    outer loop
      vertex 36.8266 -25.435 -30
      vertex 36.5359 -25 -22
      vertex 36.5359 -25 -30
    endloop
  endfacet
  facet normal -0.831432 -0.555626 0
    outer loop
      vertex 36.5359 -25 -22
      vertex 36.8266 -25.435 -30
      vertex 36.8266 -25.435 -22
    endloop
  endfacet
  facet normal -0.997844 -0.0656309 0
    outer loop
      vertex 41.2 -23 -30
      vertex 41.1897 -22.8434 -22
      vertex 41.1897 -22.8434 -30
    endloop
  endfacet
  facet normal -0.997844 -0.0656309 0
    outer loop
      vertex 41.1897 -22.8434 -22
      vertex 41.2 -23 -30
      vertex 41.2 -23 -22
    endloop
  endfacet
  facet normal 0.997844 -0.0656309 0
    outer loop
      vertex 38.8 -23 -22
      vertex 38.8103 -22.8434 -30
      vertex 38.8103 -22.8434 -22
    endloop
  endfacet
  facet normal 0.997844 -0.0656309 0
    outer loop
      vertex 38.8103 -22.8434 -30
      vertex 38.8 -23 -22
      vertex 38.8 -23 -30
    endloop
  endfacet
  facet normal -0.0656309 -0.997844 0
    outer loop
      vertex 40 -21.8 -30
      vertex 40.1566 -21.8103 -22
      vertex 40 -21.8 -22
    endloop
  endfacet
  facet normal -0.0656309 -0.997844 -0
    outer loop
      vertex 40.1566 -21.8103 -22
      vertex 40 -21.8 -30
      vertex 40.1566 -21.8103 -30
    endloop
  endfacet
  facet normal -0.751787 -0.659406 0
    outer loop
      vertex 40.952 -22.2695 -30
      vertex 40.8485 -22.1515 -22
      vertex 40.8485 -22.1515 -30
    endloop
  endfacet
  facet normal -0.751787 -0.659406 0
    outer loop
      vertex 40.8485 -22.1515 -22
      vertex 40.952 -22.2695 -30
      vertex 40.952 -22.2695 -22
    endloop
  endfacet
  facet normal 0.659406 -0.751787 0
    outer loop
      vertex 39.1515 -22.1515 -30
      vertex 39.2695 -22.048 -22
      vertex 39.1515 -22.1515 -22
    endloop
  endfacet
  facet normal 0.659406 -0.751787 0
    outer loop
      vertex 39.2695 -22.048 -22
      vertex 39.1515 -22.1515 -30
      vertex 39.2695 -22.048 -30
    endloop
  endfacet
  facet normal 0.321194 -0.947013 0
    outer loop
      vertex 39.5408 -21.8913 -30
      vertex 39.6894 -21.8409 -22
      vertex 39.5408 -21.8913 -22
    endloop
  endfacet
  facet normal 0.321194 -0.947013 0
    outer loop
      vertex 39.6894 -21.8409 -22
      vertex 39.5408 -21.8913 -30
      vertex 39.6894 -21.8409 -30
    endloop
  endfacet
  facet normal 0.980825 0.194891 0
    outer loop
      vertex 38.8409 -23.3106 -22
      vertex 38.8103 -23.1566 -30
      vertex 38.8103 -23.1566 -22
    endloop
  endfacet
  facet normal 0.980825 0.194891 0
    outer loop
      vertex 38.8103 -23.1566 -30
      vertex 38.8409 -23.3106 -22
      vertex 38.8409 -23.3106 -30
    endloop
  endfacet
  facet normal -0.896708 -0.442622 0
    outer loop
      vertex 41.1087 -22.5408 -30
      vertex 41.0392 -22.4 -22
      vertex 41.0392 -22.4 -30
    endloop
  endfacet
  facet normal -0.896708 -0.442622 0
    outer loop
      vertex 41.0392 -22.4 -22
      vertex 41.1087 -22.5408 -30
      vertex 41.1087 -22.5408 -22
    endloop
  endfacet
  facet normal -0.831462 -0.555582 0
    outer loop
      vertex 41.0392 -22.4 -30
      vertex 40.952 -22.2695 -22
      vertex 40.952 -22.2695 -30
    endloop
  endfacet
  facet normal -0.831462 -0.555582 0
    outer loop
      vertex 40.952 -22.2695 -22
      vertex 41.0392 -22.4 -30
      vertex 41.0392 -22.4 -22
    endloop
  endfacet
  facet normal -0.442622 -0.896708 0
    outer loop
      vertex 40.4592 -21.8913 -30
      vertex 40.6 -21.9608 -22
      vertex 40.4592 -21.8913 -22
    endloop
  endfacet
  facet normal -0.442622 -0.896708 -0
    outer loop
      vertex 40.6 -21.9608 -22
      vertex 40.4592 -21.8913 -30
      vertex 40.6 -21.9608 -30
    endloop
  endfacet
  facet normal -0.555582 -0.831462 0
    outer loop
      vertex 40.6 -21.9608 -30
      vertex 40.7305 -22.048 -22
      vertex 40.6 -21.9608 -22
    endloop
  endfacet
  facet normal -0.555582 -0.831462 -0
    outer loop
      vertex 40.7305 -22.048 -22
      vertex 40.6 -21.9608 -30
      vertex 40.7305 -22.048 -30
    endloop
  endfacet
  facet normal 0.896708 -0.442622 0
    outer loop
      vertex 38.8913 -22.5408 -22
      vertex 38.9608 -22.4 -30
      vertex 38.9608 -22.4 -22
    endloop
  endfacet
  facet normal 0.896708 -0.442622 0
    outer loop
      vertex 38.9608 -22.4 -30
      vertex 38.8913 -22.5408 -22
      vertex 38.8913 -22.5408 -30
    endloop
  endfacet
  facet normal 0.831462 -0.555582 0
    outer loop
      vertex 38.9608 -22.4 -22
      vertex 39.048 -22.2695 -30
      vertex 39.048 -22.2695 -22
    endloop
  endfacet
  facet normal 0.831462 -0.555582 0
    outer loop
      vertex 39.048 -22.2695 -30
      vertex 38.9608 -22.4 -22
      vertex 38.9608 -22.4 -30
    endloop
  endfacet
  facet normal 0.442622 -0.896708 0
    outer loop
      vertex 39.4 -21.9608 -30
      vertex 39.5408 -21.8913 -22
      vertex 39.4 -21.9608 -22
    endloop
  endfacet
  facet normal 0.442622 -0.896708 0
    outer loop
      vertex 39.5408 -21.8913 -22
      vertex 39.4 -21.9608 -30
      vertex 39.5408 -21.8913 -30
    endloop
  endfacet
  facet normal 0.0656309 -0.997844 0
    outer loop
      vertex 39.8434 -21.8103 -30
      vertex 40 -21.8 -22
      vertex 39.8434 -21.8103 -22
    endloop
  endfacet
  facet normal 0.0656309 -0.997844 0
    outer loop
      vertex 40 -21.8 -22
      vertex 39.8434 -21.8103 -30
      vertex 40 -21.8 -30
    endloop
  endfacet
  facet normal -0.194891 0.980825 0
    outer loop
      vertex 40.3106 -24.1591 -30
      vertex 40.1566 -24.1897 -22
      vertex 40.3106 -24.1591 -22
    endloop
  endfacet
  facet normal -0.194891 0.980825 0
    outer loop
      vertex 40.1566 -24.1897 -22
      vertex 40.3106 -24.1591 -30
      vertex 40.1566 -24.1897 -30
    endloop
  endfacet
  facet normal -0.0656309 0.997844 0
    outer loop
      vertex 40.1566 -24.1897 -30
      vertex 40 -24.2 -22
      vertex 40.1566 -24.1897 -22
    endloop
  endfacet
  facet normal -0.0656309 0.997844 0
    outer loop
      vertex 40 -24.2 -22
      vertex 40.1566 -24.1897 -30
      vertex 40 -24.2 -30
    endloop
  endfacet
  facet normal -0.659406 0.751787 0
    outer loop
      vertex 40.8485 -23.8485 -30
      vertex 40.7305 -23.952 -22
      vertex 40.8485 -23.8485 -22
    endloop
  endfacet
  facet normal -0.659406 0.751787 0
    outer loop
      vertex 40.7305 -23.952 -22
      vertex 40.8485 -23.8485 -30
      vertex 40.7305 -23.952 -30
    endloop
  endfacet
  facet normal -0.442622 0.896708 0
    outer loop
      vertex 40.6 -24.0392 -30
      vertex 40.4592 -24.1087 -22
      vertex 40.6 -24.0392 -22
    endloop
  endfacet
  facet normal -0.442622 0.896708 0
    outer loop
      vertex 40.4592 -24.1087 -22
      vertex 40.6 -24.0392 -30
      vertex 40.4592 -24.1087 -30
    endloop
  endfacet
  facet normal -0.947013 0.321194 0
    outer loop
      vertex 41.1087 -23.4592 -30
      vertex 41.1591 -23.3106 -22
      vertex 41.1591 -23.3106 -30
    endloop
  endfacet
  facet normal -0.947013 0.321194 0
    outer loop
      vertex 41.1591 -23.3106 -22
      vertex 41.1087 -23.4592 -30
      vertex 41.1087 -23.4592 -22
    endloop
  endfacet
  facet normal 0.442622 0.896708 -0
    outer loop
      vertex 39.5408 -24.1087 -30
      vertex 39.4 -24.0392 -22
      vertex 39.5408 -24.1087 -22
    endloop
  endfacet
  facet normal 0.442622 0.896708 0
    outer loop
      vertex 39.4 -24.0392 -22
      vertex 39.5408 -24.1087 -30
      vertex 39.4 -24.0392 -30
    endloop
  endfacet
  facet normal 0.321194 0.947013 -0
    outer loop
      vertex 39.6894 -24.1591 -30
      vertex 39.5408 -24.1087 -22
      vertex 39.6894 -24.1591 -22
    endloop
  endfacet
  facet normal 0.321194 0.947013 0
    outer loop
      vertex 39.5408 -24.1087 -22
      vertex 39.6894 -24.1591 -30
      vertex 39.5408 -24.1087 -30
    endloop
  endfacet
  facet normal 0.896708 0.442622 0
    outer loop
      vertex 38.9608 -23.6 -22
      vertex 38.8913 -23.4592 -30
      vertex 38.8913 -23.4592 -22
    endloop
  endfacet
  facet normal 0.896708 0.442622 0
    outer loop
      vertex 38.8913 -23.4592 -30
      vertex 38.9608 -23.6 -22
      vertex 38.9608 -23.6 -30
    endloop
  endfacet
  facet normal 0.831462 0.555582 0
    outer loop
      vertex 39.048 -23.7305 -22
      vertex 38.9608 -23.6 -30
      vertex 38.9608 -23.6 -22
    endloop
  endfacet
  facet normal 0.831462 0.555582 0
    outer loop
      vertex 38.9608 -23.6 -30
      vertex 39.048 -23.7305 -22
      vertex 39.048 -23.7305 -30
    endloop
  endfacet
  facet normal 0.997844 0.0656309 0
    outer loop
      vertex 38.8103 -23.1566 -22
      vertex 38.8 -23 -30
      vertex 38.8 -23 -22
    endloop
  endfacet
  facet normal 0.997844 0.0656309 0
    outer loop
      vertex 38.8 -23 -30
      vertex 38.8103 -23.1566 -22
      vertex 38.8103 -23.1566 -30
    endloop
  endfacet
  facet normal -0.947013 -0.321194 0
    outer loop
      vertex 41.1591 -22.6894 -30
      vertex 41.1087 -22.5408 -22
      vertex 41.1087 -22.5408 -30
    endloop
  endfacet
  facet normal -0.947013 -0.321194 0
    outer loop
      vertex 41.1087 -22.5408 -22
      vertex 41.1591 -22.6894 -30
      vertex 41.1591 -22.6894 -22
    endloop
  endfacet
  facet normal -0.980825 -0.194891 0
    outer loop
      vertex 41.1897 -22.8434 -30
      vertex 41.1591 -22.6894 -22
      vertex 41.1591 -22.6894 -30
    endloop
  endfacet
  facet normal -0.980825 -0.194891 0
    outer loop
      vertex 41.1591 -22.6894 -22
      vertex 41.1897 -22.8434 -30
      vertex 41.1897 -22.8434 -22
    endloop
  endfacet
  facet normal -0.321194 -0.947013 0
    outer loop
      vertex 40.3106 -21.8409 -30
      vertex 40.4592 -21.8913 -22
      vertex 40.3106 -21.8409 -22
    endloop
  endfacet
  facet normal -0.321194 -0.947013 -0
    outer loop
      vertex 40.4592 -21.8913 -22
      vertex 40.3106 -21.8409 -30
      vertex 40.4592 -21.8913 -30
    endloop
  endfacet
  facet normal -0.194891 -0.980825 0
    outer loop
      vertex 40.1566 -21.8103 -30
      vertex 40.3106 -21.8409 -22
      vertex 40.1566 -21.8103 -22
    endloop
  endfacet
  facet normal -0.194891 -0.980825 -0
    outer loop
      vertex 40.3106 -21.8409 -22
      vertex 40.1566 -21.8103 -30
      vertex 40.3106 -21.8409 -30
    endloop
  endfacet
  facet normal -0.659406 -0.751787 0
    outer loop
      vertex 40.7305 -22.048 -30
      vertex 40.8485 -22.1515 -22
      vertex 40.7305 -22.048 -22
    endloop
  endfacet
  facet normal -0.659406 -0.751787 -0
    outer loop
      vertex 40.8485 -22.1515 -22
      vertex 40.7305 -22.048 -30
      vertex 40.8485 -22.1515 -30
    endloop
  endfacet
  facet normal 0.947013 -0.321194 0
    outer loop
      vertex 38.8409 -22.6894 -22
      vertex 38.8913 -22.5408 -30
      vertex 38.8913 -22.5408 -22
    endloop
  endfacet
  facet normal 0.947013 -0.321194 0
    outer loop
      vertex 38.8913 -22.5408 -30
      vertex 38.8409 -22.6894 -22
      vertex 38.8409 -22.6894 -30
    endloop
  endfacet
  facet normal 0.980825 -0.194891 0
    outer loop
      vertex 38.8103 -22.8434 -22
      vertex 38.8409 -22.6894 -30
      vertex 38.8409 -22.6894 -22
    endloop
  endfacet
  facet normal 0.980825 -0.194891 0
    outer loop
      vertex 38.8409 -22.6894 -30
      vertex 38.8103 -22.8434 -22
      vertex 38.8103 -22.8434 -30
    endloop
  endfacet
  facet normal -0.997844 0.0656309 0
    outer loop
      vertex 41.1897 -23.1566 -30
      vertex 41.2 -23 -22
      vertex 41.2 -23 -30
    endloop
  endfacet
  facet normal -0.997844 0.0656309 0
    outer loop
      vertex 41.2 -23 -22
      vertex 41.1897 -23.1566 -30
      vertex 41.1897 -23.1566 -22
    endloop
  endfacet
  facet normal -0.555582 0.831462 0
    outer loop
      vertex 40.7305 -23.952 -30
      vertex 40.6 -24.0392 -22
      vertex 40.7305 -23.952 -22
    endloop
  endfacet
  facet normal -0.555582 0.831462 0
    outer loop
      vertex 40.6 -24.0392 -22
      vertex 40.7305 -23.952 -30
      vertex 40.6 -24.0392 -30
    endloop
  endfacet
  facet normal -0.896708 0.442622 0
    outer loop
      vertex 41.0392 -23.6 -30
      vertex 41.1087 -23.4592 -22
      vertex 41.1087 -23.4592 -30
    endloop
  endfacet
  facet normal -0.896708 0.442622 0
    outer loop
      vertex 41.1087 -23.4592 -22
      vertex 41.0392 -23.6 -30
      vertex 41.0392 -23.6 -22
    endloop
  endfacet
  facet normal -0.751787 0.659406 0
    outer loop
      vertex 40.8485 -23.8485 -30
      vertex 40.952 -23.7305 -22
      vertex 40.952 -23.7305 -30
    endloop
  endfacet
  facet normal -0.751787 0.659406 0
    outer loop
      vertex 40.952 -23.7305 -22
      vertex 40.8485 -23.8485 -30
      vertex 40.8485 -23.8485 -22
    endloop
  endfacet
  facet normal -0.831462 0.555582 0
    outer loop
      vertex 40.952 -23.7305 -30
      vertex 41.0392 -23.6 -22
      vertex 41.0392 -23.6 -30
    endloop
  endfacet
  facet normal -0.831462 0.555582 0
    outer loop
      vertex 41.0392 -23.6 -22
      vertex 40.952 -23.7305 -30
      vertex 40.952 -23.7305 -22
    endloop
  endfacet
  facet normal 0.659406 0.751787 -0
    outer loop
      vertex 39.2695 -23.952 -30
      vertex 39.1515 -23.8485 -22
      vertex 39.2695 -23.952 -22
    endloop
  endfacet
  facet normal 0.659406 0.751787 0
    outer loop
      vertex 39.1515 -23.8485 -22
      vertex 39.2695 -23.952 -30
      vertex 39.1515 -23.8485 -30
    endloop
  endfacet
  facet normal 0.555582 0.831462 -0
    outer loop
      vertex 39.4 -24.0392 -30
      vertex 39.2695 -23.952 -22
      vertex 39.4 -24.0392 -22
    endloop
  endfacet
  facet normal 0.555582 0.831462 0
    outer loop
      vertex 39.2695 -23.952 -22
      vertex 39.4 -24.0392 -30
      vertex 39.2695 -23.952 -30
    endloop
  endfacet
  facet normal 0.0656309 0.997844 -0
    outer loop
      vertex 40 -24.2 -30
      vertex 39.8434 -24.1897 -22
      vertex 40 -24.2 -22
    endloop
  endfacet
  facet normal 0.0656309 0.997844 0
    outer loop
      vertex 39.8434 -24.1897 -22
      vertex 40 -24.2 -30
      vertex 39.8434 -24.1897 -30
    endloop
  endfacet
  facet normal 0.751787 0.659406 0
    outer loop
      vertex 39.1515 -23.8485 -22
      vertex 39.048 -23.7305 -30
      vertex 39.048 -23.7305 -22
    endloop
  endfacet
  facet normal 0.751787 0.659406 0
    outer loop
      vertex 39.048 -23.7305 -30
      vertex 39.1515 -23.8485 -22
      vertex 39.1515 -23.8485 -30
    endloop
  endfacet
  facet normal 0.751787 -0.659406 0
    outer loop
      vertex 39.048 -22.2695 -22
      vertex 39.1515 -22.1515 -30
      vertex 39.1515 -22.1515 -22
    endloop
  endfacet
  facet normal 0.751787 -0.659406 0
    outer loop
      vertex 39.1515 -22.1515 -30
      vertex 39.048 -22.2695 -22
      vertex 39.048 -22.2695 -30
    endloop
  endfacet
  facet normal 0.555582 -0.831462 0
    outer loop
      vertex 39.2695 -22.048 -30
      vertex 39.4 -21.9608 -22
      vertex 39.2695 -22.048 -22
    endloop
  endfacet
  facet normal 0.555582 -0.831462 0
    outer loop
      vertex 39.4 -21.9608 -22
      vertex 39.2695 -22.048 -30
      vertex 39.4 -21.9608 -30
    endloop
  endfacet
  facet normal 0.194891 -0.980825 0
    outer loop
      vertex 39.6894 -21.8409 -30
      vertex 39.8434 -21.8103 -22
      vertex 39.6894 -21.8409 -22
    endloop
  endfacet
  facet normal 0.194891 -0.980825 0
    outer loop
      vertex 39.8434 -21.8103 -22
      vertex 39.6894 -21.8409 -30
      vertex 39.8434 -21.8103 -30
    endloop
  endfacet
  facet normal -0.321194 0.947013 0
    outer loop
      vertex 40.4592 -24.1087 -30
      vertex 40.3106 -24.1591 -22
      vertex 40.4592 -24.1087 -22
    endloop
  endfacet
  facet normal -0.321194 0.947013 0
    outer loop
      vertex 40.3106 -24.1591 -22
      vertex 40.4592 -24.1087 -30
      vertex 40.3106 -24.1591 -30
    endloop
  endfacet
  facet normal -0.980825 0.194891 0
    outer loop
      vertex 41.1591 -23.3106 -30
      vertex 41.1897 -23.1566 -22
      vertex 41.1897 -23.1566 -30
    endloop
  endfacet
  facet normal -0.980825 0.194891 0
    outer loop
      vertex 41.1897 -23.1566 -22
      vertex 41.1591 -23.3106 -30
      vertex 41.1591 -23.3106 -22
    endloop
  endfacet
  facet normal 0.194891 0.980825 -0
    outer loop
      vertex 39.8434 -24.1897 -30
      vertex 39.6894 -24.1591 -22
      vertex 39.8434 -24.1897 -22
    endloop
  endfacet
  facet normal 0.194891 0.980825 0
    outer loop
      vertex 39.6894 -24.1591 -22
      vertex 39.8434 -24.1897 -30
      vertex 39.6894 -24.1591 -30
    endloop
  endfacet
  facet normal 0.947013 0.321194 0
    outer loop
      vertex 38.8913 -23.4592 -22
      vertex 38.8409 -23.3106 -30
      vertex 38.8409 -23.3106 -22
    endloop
  endfacet
  facet normal 0.947013 0.321194 0
    outer loop
      vertex 38.8409 -23.3106 -30
      vertex 38.8913 -23.4592 -22
      vertex 38.8913 -23.4592 -30
    endloop
  endfacet
  facet normal 0.555626 0.831432 -0
    outer loop
      vertex -37.565 -19.8266 -30
      vertex -38 -19.5359 -22
      vertex -37.565 -19.8266 -22
    endloop
  endfacet
  facet normal 0.555626 0.831432 0
    outer loop
      vertex -38 -19.5359 -22
      vertex -37.565 -19.8266 -30
      vertex -38 -19.5359 -30
    endloop
  endfacet
  facet normal -0.321498 0.94691 0
    outer loop
      vertex -41.0353 -19.1363 -30
      vertex -41.5307 -19.3045 -22
      vertex -41.0353 -19.1363 -22
    endloop
  endfacet
  facet normal -0.321498 0.94691 0
    outer loop
      vertex -41.5307 -19.3045 -22
      vertex -41.0353 -19.1363 -30
      vertex -41.5307 -19.3045 -30
    endloop
  endfacet
  facet normal -0.896878 0.442279 0
    outer loop
      vertex -43.5 -21.0728 -30
      vertex -43.4641 -21 -22
      vertex -43.4641 -21 -30
    endloop
  endfacet
  facet normal -0.896878 0.442279 0
    outer loop
      vertex -43.4641 -21 -22
      vertex -43.5 -21.0728 -30
      vertex -43.5 -21.0728 -22
    endloop
  endfacet
  facet normal -0.442279 -0.896878 0
    outer loop
      vertex -42 -26.4641 -30
      vertex -41.9272 -26.5 -22
      vertex -42 -26.4641 -22
    endloop
  endfacet
  facet normal -0.442279 -0.896878 -0
    outer loop
      vertex -41.9272 -26.5 -22
      vertex -42 -26.4641 -30
      vertex -41.9272 -26.5 -30
    endloop
  endfacet
  facet normal 0.896898 0.442238 0
    outer loop
      vertex -36.3045 -21.4693 -22
      vertex -36.5359 -21 -30
      vertex -36.5359 -21 -22
    endloop
  endfacet
  facet normal 0.896898 0.442238 0
    outer loop
      vertex -36.5359 -21 -30
      vertex -36.3045 -21.4693 -22
      vertex -36.3045 -21.4693 -30
    endloop
  endfacet
  facet normal 0.831432 0.555626 0
    outer loop
      vertex -36.5359 -21 -22
      vertex -36.8266 -20.565 -30
      vertex -36.8266 -20.565 -22
    endloop
  endfacet
  facet normal 0.831432 0.555626 0
    outer loop
      vertex -36.8266 -20.565 -30
      vertex -36.5359 -21 -22
      vertex -36.5359 -21 -30
    endloop
  endfacet
  facet normal 0.442238 0.896898 -0
    outer loop
      vertex -38 -19.5359 -30
      vertex -38.4693 -19.3045 -22
      vertex -38 -19.5359 -22
    endloop
  endfacet
  facet normal 0.442238 0.896898 0
    outer loop
      vertex -38.4693 -19.3045 -22
      vertex -38 -19.5359 -30
      vertex -38.4693 -19.3045 -30
    endloop
  endfacet
  facet normal 0.0653646 0.997861 -0
    outer loop
      vertex -39.4779 -19.0342 -30
      vertex -40 -19 -22
      vertex -39.4779 -19.0342 -22
    endloop
  endfacet
  facet normal 0.0653646 0.997861 0
    outer loop
      vertex -40 -19 -22
      vertex -39.4779 -19.0342 -30
      vertex -40 -19 -30
    endloop
  endfacet
  facet normal -0.751842 0.659343 0
    outer loop
      vertex -43.1734 -20.565 -30
      vertex -42.8284 -20.1716 -22
      vertex -42.8284 -20.1716 -30
    endloop
  endfacet
  facet normal -0.751842 0.659343 0
    outer loop
      vertex -42.8284 -20.1716 -22
      vertex -43.1734 -20.565 -30
      vertex -43.1734 -20.565 -22
    endloop
  endfacet
  facet normal -0.0653646 0.997861 0
    outer loop
      vertex -40 -19 -30
      vertex -40.5221 -19.0342 -22
      vertex -40 -19 -22
    endloop
  endfacet
  facet normal -0.0653646 0.997861 0
    outer loop
      vertex -40.5221 -19.0342 -22
      vertex -40 -19 -30
      vertex -40.5221 -19.0342 -30
    endloop
  endfacet
  facet normal -0.659343 0.751842 0
    outer loop
      vertex -42.435 -19.8266 -30
      vertex -42.8284 -20.1716 -22
      vertex -42.435 -19.8266 -22
    endloop
  endfacet
  facet normal -0.659343 0.751842 0
    outer loop
      vertex -42.8284 -20.1716 -22
      vertex -42.435 -19.8266 -30
      vertex -42.8284 -20.1716 -30
    endloop
  endfacet
  facet normal 0.997861 0.0653646 0
    outer loop
      vertex -36 -23 -22
      vertex -36.0342 -22.4779 -30
      vertex -36.0342 -22.4779 -22
    endloop
  endfacet
  facet normal 0.997861 0.0653646 0
    outer loop
      vertex -36.0342 -22.4779 -30
      vertex -36 -23 -22
      vertex -36 -23 -30
    endloop
  endfacet
  facet normal 0.831432 -0.555626 0
    outer loop
      vertex -36.8266 -25.435 -22
      vertex -36.5359 -25 -30
      vertex -36.5359 -25 -22
    endloop
  endfacet
  facet normal 0.831432 -0.555626 0
    outer loop
      vertex -36.5359 -25 -30
      vertex -36.8266 -25.435 -22
      vertex -36.8266 -25.435 -30
    endloop
  endfacet
  facet normal 0.94691 -0.321498 0
    outer loop
      vertex -36.3045 -24.5307 -22
      vertex -36.1363 -24.0353 -30
      vertex -36.1363 -24.0353 -22
    endloop
  endfacet
  facet normal 0.94691 -0.321498 0
    outer loop
      vertex -36.1363 -24.0353 -30
      vertex -36.3045 -24.5307 -22
      vertex -36.3045 -24.5307 -30
    endloop
  endfacet
  facet normal 0.442279 -0.896878 0
    outer loop
      vertex -38.0728 -26.5 -30
      vertex -38 -26.4641 -22
      vertex -38.0728 -26.5 -22
    endloop
  endfacet
  facet normal 0.442279 -0.896878 0
    outer loop
      vertex -38 -26.4641 -22
      vertex -38.0728 -26.5 -30
      vertex -38 -26.4641 -30
    endloop
  endfacet
  facet normal 0.555626 -0.831432 0
    outer loop
      vertex -38 -26.4641 -30
      vertex -37.565 -26.1734 -22
      vertex -38 -26.4641 -22
    endloop
  endfacet
  facet normal 0.555626 -0.831432 0
    outer loop
      vertex -37.565 -26.1734 -22
      vertex -38 -26.4641 -30
      vertex -37.565 -26.1734 -30
    endloop
  endfacet
  facet normal -0.659343 -0.751842 0
    outer loop
      vertex -42.8284 -25.8284 -30
      vertex -42.435 -26.1734 -22
      vertex -42.8284 -25.8284 -22
    endloop
  endfacet
  facet normal -0.659343 -0.751842 -0
    outer loop
      vertex -42.435 -26.1734 -22
      vertex -42.8284 -25.8284 -30
      vertex -42.435 -26.1734 -30
    endloop
  endfacet
  facet normal 0 0 -1
    outer loop
      vertex -38.8 -23 -30
      vertex -36 -23 -30
      vertex -36.0342 -23.5221 -30
    endloop
  endfacet
  facet normal 0 0 -1
    outer loop
      vertex -38.8103 -23.1566 -30
      vertex -36.0342 -23.5221 -30
      vertex -36.1363 -24.0353 -30
    endloop
  endfacet
  facet normal 0 0 -1
    outer loop
      vertex -36 -23 -30
      vertex -38.8 -23 -30
      vertex -36.0342 -22.4779 -30
    endloop
  endfacet
  facet normal 0 0 -1
    outer loop
      vertex -38.8409 -23.3106 -30
      vertex -36.1363 -24.0353 -30
      vertex -36.3045 -24.5307 -30
    endloop
  endfacet
  facet normal 0 0 -1
    outer loop
      vertex -38.8103 -22.8434 -30
      vertex -36.0342 -22.4779 -30
      vertex -38.8 -23 -30
    endloop
  endfacet
  facet normal 0 0 -1
    outer loop
      vertex -38.8913 -23.4592 -30
      vertex -36.3045 -24.5307 -30
      vertex -36.5359 -25 -30
    endloop
  endfacet
  facet normal -0 0 -1
    outer loop
      vertex -36.0342 -22.4779 -30
      vertex -38.8103 -22.8434 -30
      vertex -36.1363 -21.9647 -30
    endloop
  endfacet
  facet normal 0 0 -1
    outer loop
      vertex -38.9608 -23.6 -30
      vertex -36.5359 -25 -30
      vertex -36.8266 -25.435 -30
    endloop
  endfacet
  facet normal 0 0 -1
    outer loop
      vertex -38.8409 -22.6894 -30
      vertex -36.1363 -21.9647 -30
      vertex -38.8103 -22.8434 -30
    endloop
  endfacet
  facet normal 0 0 -1
    outer loop
      vertex -39.048 -23.7305 -30
      vertex -36.8266 -25.435 -30
      vertex -37.1716 -25.8284 -30
    endloop
  endfacet
  facet normal -0 0 -1
    outer loop
      vertex -36.1363 -21.9647 -30
      vertex -38.8409 -22.6894 -30
      vertex -36.3045 -21.4693 -30
    endloop
  endfacet
  facet normal 0 0 -1
    outer loop
      vertex -39.1515 -23.8485 -30
      vertex -37.1716 -25.8284 -30
      vertex -37.565 -26.1734 -30
    endloop
  endfacet
  facet normal 0 0 -1
    outer loop
      vertex -38.8913 -22.5408 -30
      vertex -36.3045 -21.4693 -30
      vertex -38.8409 -22.6894 -30
    endloop
  endfacet
  facet normal 0 0 -1
    outer loop
      vertex -39.2695 -23.952 -30
      vertex -37.565 -26.1734 -30
      vertex -38 -26.4641 -30
    endloop
  endfacet
  facet normal -0 0 -1
    outer loop
      vertex -36.3045 -21.4693 -30
      vertex -38.8913 -22.5408 -30
      vertex -36.5359 -21 -30
    endloop
  endfacet
  facet normal 0 0 -1
    outer loop
      vertex -39.4 -24.0392 -30
      vertex -38 -26.4641 -30
      vertex -38.0728 -26.5 -30
    endloop
  endfacet
  facet normal 0 0 -1
    outer loop
      vertex -38.9608 -22.4 -30
      vertex -36.5359 -21 -30
      vertex -38.8913 -22.5408 -30
    endloop
  endfacet
  facet normal -0 0 -1
    outer loop
      vertex -36.5359 -21 -30
      vertex -38.9608 -22.4 -30
      vertex -36.8266 -20.565 -30
    endloop
  endfacet
  facet normal 0 0 -1
    outer loop
      vertex -36.0342 -23.5221 -30
      vertex -38.8103 -23.1566 -30
      vertex -38.8 -23 -30
    endloop
  endfacet
  facet normal 0 0 -1
    outer loop
      vertex -36.1363 -24.0353 -30
      vertex -38.8409 -23.3106 -30
      vertex -38.8103 -23.1566 -30
    endloop
  endfacet
  facet normal 0 0 -1
    outer loop
      vertex -36.3045 -24.5307 -30
      vertex -38.8913 -23.4592 -30
      vertex -38.8409 -23.3106 -30
    endloop
  endfacet
  facet normal 0 0 -1
    outer loop
      vertex -36.5359 -25 -30
      vertex -38.9608 -23.6 -30
      vertex -38.8913 -23.4592 -30
    endloop
  endfacet
  facet normal 0 0 -1
    outer loop
      vertex -36.8266 -25.435 -30
      vertex -39.048 -23.7305 -30
      vertex -38.9608 -23.6 -30
    endloop
  endfacet
  facet normal 0 0 -1
    outer loop
      vertex -37.1716 -25.8284 -30
      vertex -39.1515 -23.8485 -30
      vertex -39.048 -23.7305 -30
    endloop
  endfacet
  facet normal 0 0 -1
    outer loop
      vertex -37.565 -26.1734 -30
      vertex -39.2695 -23.952 -30
      vertex -39.1515 -23.8485 -30
    endloop
  endfacet
  facet normal 0 0 -1
    outer loop
      vertex -38 -26.4641 -30
      vertex -39.4 -24.0392 -30
      vertex -39.2695 -23.952 -30
    endloop
  endfacet
  facet normal 0 0 -1
    outer loop
      vertex -38.0728 -26.5 -30
      vertex -39.5408 -24.1087 -30
      vertex -39.4 -24.0392 -30
    endloop
  endfacet
  facet normal 0 0 -1
    outer loop
      vertex -38.0728 -26.5 -30
      vertex -39.6894 -24.1591 -30
      vertex -39.5408 -24.1087 -30
    endloop
  endfacet
  facet normal 0 0 -1
    outer loop
      vertex -38.0728 -26.5 -30
      vertex -39.8434 -24.1897 -30
      vertex -39.6894 -24.1591 -30
    endloop
  endfacet
  facet normal 0 0 -1
    outer loop
      vertex -38.0728 -26.5 -30
      vertex -40 -24.2 -30
      vertex -39.8434 -24.1897 -30
    endloop
  endfacet
  facet normal 0 0 -1
    outer loop
      vertex -41.9272 -26.5 -30
      vertex -40 -24.2 -30
      vertex -38.0728 -26.5 -30
    endloop
  endfacet
  facet normal -0 0 -1
    outer loop
      vertex -40 -24.2 -30
      vertex -41.9272 -26.5 -30
      vertex -40.1566 -24.1897 -30
    endloop
  endfacet
  facet normal -0 0 -1
    outer loop
      vertex -40.1566 -24.1897 -30
      vertex -41.9272 -26.5 -30
      vertex -40.3106 -24.1591 -30
    endloop
  endfacet
  facet normal -0 0 -1
    outer loop
      vertex -40.3106 -24.1591 -30
      vertex -41.9272 -26.5 -30
      vertex -40.4592 -24.1087 -30
    endloop
  endfacet
  facet normal -0 0 -1
    outer loop
      vertex -40.4592 -24.1087 -30
      vertex -41.9272 -26.5 -30
      vertex -40.6 -24.0392 -30
    endloop
  endfacet
  facet normal 0 0 -1
    outer loop
      vertex -42 -26.4641 -30
      vertex -40.6 -24.0392 -30
      vertex -41.9272 -26.5 -30
    endloop
  endfacet
  facet normal 0 0 -1
    outer loop
      vertex -43.5 -24.9272 -30
      vertex -41.2 -23 -30
      vertex -41.1897 -23.1566 -30
    endloop
  endfacet
  facet normal -0 0 -1
    outer loop
      vertex -40.6 -24.0392 -30
      vertex -42 -26.4641 -30
      vertex -40.7305 -23.952 -30
    endloop
  endfacet
  facet normal 0 0 -1
    outer loop
      vertex -42.435 -26.1734 -30
      vertex -40.7305 -23.952 -30
      vertex -42 -26.4641 -30
    endloop
  endfacet
  facet normal -0 0 -1
    outer loop
      vertex -40.7305 -23.952 -30
      vertex -42.435 -26.1734 -30
      vertex -40.8485 -23.8485 -30
    endloop
  endfacet
  facet normal 0 0 -1
    outer loop
      vertex -42.8284 -25.8284 -30
      vertex -40.8485 -23.8485 -30
      vertex -42.435 -26.1734 -30
    endloop
  endfacet
  facet normal -0 0 -1
    outer loop
      vertex -40.8485 -23.8485 -30
      vertex -42.8284 -25.8284 -30
      vertex -40.952 -23.7305 -30
    endloop
  endfacet
  facet normal 0 0 -1
    outer loop
      vertex -43.1734 -25.435 -30
      vertex -40.952 -23.7305 -30
      vertex -42.8284 -25.8284 -30
    endloop
  endfacet
  facet normal -0 0 -1
    outer loop
      vertex -40.952 -23.7305 -30
      vertex -43.1734 -25.435 -30
      vertex -41.0392 -23.6 -30
    endloop
  endfacet
  facet normal 0 0 -1
    outer loop
      vertex -43.4641 -25 -30
      vertex -41.0392 -23.6 -30
      vertex -43.1734 -25.435 -30
    endloop
  endfacet
  facet normal 0 0 -1
    outer loop
      vertex -41.2 -23 -30
      vertex -42 -19.5359 -30
      vertex -41.5307 -19.3045 -30
    endloop
  endfacet
  facet normal 0 0 -1
    outer loop
      vertex -43.5 -24.9272 -30
      vertex -41.0392 -23.6 -30
      vertex -43.4641 -25 -30
    endloop
  endfacet
  facet normal 0 0 -1
    outer loop
      vertex -41.2 -23 -30
      vertex -42.435 -19.8266 -30
      vertex -42 -19.5359 -30
    endloop
  endfacet
  facet normal -0 0 -1
    outer loop
      vertex -41.0392 -23.6 -30
      vertex -43.5 -24.9272 -30
      vertex -41.1087 -23.4592 -30
    endloop
  endfacet
  facet normal 0 0 -1
    outer loop
      vertex -41.2 -23 -30
      vertex -42.8284 -20.1716 -30
      vertex -42.435 -19.8266 -30
    endloop
  endfacet
  facet normal -0 0 -1
    outer loop
      vertex -41.1087 -23.4592 -30
      vertex -43.5 -24.9272 -30
      vertex -41.1591 -23.3106 -30
    endloop
  endfacet
  facet normal 0 0 -1
    outer loop
      vertex -41.2 -23 -30
      vertex -43.1734 -20.565 -30
      vertex -42.8284 -20.1716 -30
    endloop
  endfacet
  facet normal -0 0 -1
    outer loop
      vertex -41.1591 -23.3106 -30
      vertex -43.5 -24.9272 -30
      vertex -41.1897 -23.1566 -30
    endloop
  endfacet
  facet normal -0 0 -1
    outer loop
      vertex -41.2 -23 -30
      vertex -43.5 -24.9272 -30
      vertex -43.5 -21.0728 -30
    endloop
  endfacet
  facet normal 0 0 -1
    outer loop
      vertex -41.2 -23 -30
      vertex -43.5 -21.0728 -30
      vertex -43.4641 -21 -30
    endloop
  endfacet
  facet normal 0 0 -1
    outer loop
      vertex -41.2 -23 -30
      vertex -43.4641 -21 -30
      vertex -43.1734 -20.565 -30
    endloop
  endfacet
  facet normal 0 0 -1
    outer loop
      vertex -39.048 -22.2695 -30
      vertex -36.8266 -20.565 -30
      vertex -38.9608 -22.4 -30
    endloop
  endfacet
  facet normal -0 0 -1
    outer loop
      vertex -36.8266 -20.565 -30
      vertex -39.048 -22.2695 -30
      vertex -37.1716 -20.1716 -30
    endloop
  endfacet
  facet normal 0 0 -1
    outer loop
      vertex -39.1515 -22.1515 -30
      vertex -37.1716 -20.1716 -30
      vertex -39.048 -22.2695 -30
    endloop
  endfacet
  facet normal -0 0 -1
    outer loop
      vertex -37.1716 -20.1716 -30
      vertex -39.1515 -22.1515 -30
      vertex -37.565 -19.8266 -30
    endloop
  endfacet
  facet normal 0 0 -1
    outer loop
      vertex -39.2695 -22.048 -30
      vertex -37.565 -19.8266 -30
      vertex -39.1515 -22.1515 -30
    endloop
  endfacet
  facet normal -0 0 -1
    outer loop
      vertex -37.565 -19.8266 -30
      vertex -39.2695 -22.048 -30
      vertex -38 -19.5359 -30
    endloop
  endfacet
  facet normal 0 0 -1
    outer loop
      vertex -39.4 -21.9608 -30
      vertex -38 -19.5359 -30
      vertex -39.2695 -22.048 -30
    endloop
  endfacet
  facet normal -0 0 -1
    outer loop
      vertex -38 -19.5359 -30
      vertex -39.4 -21.9608 -30
      vertex -38.4693 -19.3045 -30
    endloop
  endfacet
  facet normal 0 0 -1
    outer loop
      vertex -39.5408 -21.8913 -30
      vertex -38.4693 -19.3045 -30
      vertex -39.4 -21.9608 -30
    endloop
  endfacet
  facet normal -0 0 -1
    outer loop
      vertex -38.4693 -19.3045 -30
      vertex -39.5408 -21.8913 -30
      vertex -38.9647 -19.1363 -30
    endloop
  endfacet
  facet normal 0 0 -1
    outer loop
      vertex -39.6894 -21.8409 -30
      vertex -38.9647 -19.1363 -30
      vertex -39.5408 -21.8913 -30
    endloop
  endfacet
  facet normal -0 0 -1
    outer loop
      vertex -38.9647 -19.1363 -30
      vertex -39.6894 -21.8409 -30
      vertex -39.4779 -19.0342 -30
    endloop
  endfacet
  facet normal 0 0 -1
    outer loop
      vertex -39.8434 -21.8103 -30
      vertex -39.4779 -19.0342 -30
      vertex -39.6894 -21.8409 -30
    endloop
  endfacet
  facet normal 0 0 -1
    outer loop
      vertex -40 -21.8 -30
      vertex -39.4779 -19.0342 -30
      vertex -39.8434 -21.8103 -30
    endloop
  endfacet
  facet normal 0 0 -1
    outer loop
      vertex -40 -21.8 -30
      vertex -40 -19 -30
      vertex -39.4779 -19.0342 -30
    endloop
  endfacet
  facet normal 0 0 -1
    outer loop
      vertex -40.1566 -21.8103 -30
      vertex -40 -19 -30
      vertex -40 -21.8 -30
    endloop
  endfacet
  facet normal 0 0 -1
    outer loop
      vertex -40.5221 -19.0342 -30
      vertex -40.1566 -21.8103 -30
      vertex -40.3106 -21.8409 -30
    endloop
  endfacet
  facet normal 0 0 -1
    outer loop
      vertex -41.0353 -19.1363 -30
      vertex -40.3106 -21.8409 -30
      vertex -40.4592 -21.8913 -30
    endloop
  endfacet
  facet normal 0 0 -1
    outer loop
      vertex -40.1566 -21.8103 -30
      vertex -40.5221 -19.0342 -30
      vertex -40 -19 -30
    endloop
  endfacet
  facet normal 0 0 -1
    outer loop
      vertex -41.5307 -19.3045 -30
      vertex -40.4592 -21.8913 -30
      vertex -40.6 -21.9608 -30
    endloop
  endfacet
  facet normal 0 0 -1
    outer loop
      vertex -41.5307 -19.3045 -30
      vertex -40.6 -21.9608 -30
      vertex -40.7305 -22.048 -30
    endloop
  endfacet
  facet normal 0 0 -1
    outer loop
      vertex -41.5307 -19.3045 -30
      vertex -40.7305 -22.048 -30
      vertex -40.8485 -22.1515 -30
    endloop
  endfacet
  facet normal 0 0 -1
    outer loop
      vertex -41.5307 -19.3045 -30
      vertex -40.8485 -22.1515 -30
      vertex -40.952 -22.2695 -30
    endloop
  endfacet
  facet normal 0 0 -1
    outer loop
      vertex -40.3106 -21.8409 -30
      vertex -41.0353 -19.1363 -30
      vertex -40.5221 -19.0342 -30
    endloop
  endfacet
  facet normal 0 0 -1
    outer loop
      vertex -41.5307 -19.3045 -30
      vertex -40.952 -22.2695 -30
      vertex -41.0392 -22.4 -30
    endloop
  endfacet
  facet normal 0 0 -1
    outer loop
      vertex -41.5307 -19.3045 -30
      vertex -41.0392 -22.4 -30
      vertex -41.1087 -22.5408 -30
    endloop
  endfacet
  facet normal 0 0 -1
    outer loop
      vertex -41.5307 -19.3045 -30
      vertex -41.1087 -22.5408 -30
      vertex -41.1591 -22.6894 -30
    endloop
  endfacet
  facet normal 0 0 -1
    outer loop
      vertex -41.5307 -19.3045 -30
      vertex -41.1591 -22.6894 -30
      vertex -41.1897 -22.8434 -30
    endloop
  endfacet
  facet normal 0 0 -1
    outer loop
      vertex -41.5307 -19.3045 -30
      vertex -41.1897 -22.8434 -30
      vertex -41.2 -23 -30
    endloop
  endfacet
  facet normal 0 0 -1
    outer loop
      vertex -40.4592 -21.8913 -30
      vertex -41.5307 -19.3045 -30
      vertex -41.0353 -19.1363 -30
    endloop
  endfacet
  facet normal -0.751842 -0.659343 0
    outer loop
      vertex -42.8284 -25.8284 -30
      vertex -43.1734 -25.435 -22
      vertex -43.1734 -25.435 -30
    endloop
  endfacet
  facet normal -0.751842 -0.659343 0
    outer loop
      vertex -43.1734 -25.435 -22
      vertex -42.8284 -25.8284 -30
      vertex -42.8284 -25.8284 -22
    endloop
  endfacet
  facet normal 0.980779 0.195124 0
    outer loop
      vertex -36.0342 -22.4779 -22
      vertex -36.1363 -21.9647 -30
      vertex -36.1363 -21.9647 -22
    endloop
  endfacet
  facet normal 0.980779 0.195124 0
    outer loop
      vertex -36.1363 -21.9647 -30
      vertex -36.0342 -22.4779 -22
      vertex -36.0342 -22.4779 -30
    endloop
  endfacet
  facet normal 0.94691 0.321498 0
    outer loop
      vertex -36.1363 -21.9647 -22
      vertex -36.3045 -21.4693 -30
      vertex -36.3045 -21.4693 -22
    endloop
  endfacet
  facet normal 0.94691 0.321498 0
    outer loop
      vertex -36.3045 -21.4693 -30
      vertex -36.1363 -21.9647 -22
      vertex -36.1363 -21.9647 -30
    endloop
  endfacet
  facet normal 0.751842 0.659343 0
    outer loop
      vertex -36.8266 -20.565 -22
      vertex -37.1716 -20.1716 -30
      vertex -37.1716 -20.1716 -22
    endloop
  endfacet
  facet normal 0.751842 0.659343 0
    outer loop
      vertex -37.1716 -20.1716 -30
      vertex -36.8266 -20.565 -22
      vertex -36.8266 -20.565 -30
    endloop
  endfacet
  facet normal 0.659343 0.751842 -0
    outer loop
      vertex -37.1716 -20.1716 -30
      vertex -37.565 -19.8266 -22
      vertex -37.1716 -20.1716 -22
    endloop
  endfacet
  facet normal 0.659343 0.751842 0
    outer loop
      vertex -37.565 -19.8266 -22
      vertex -37.1716 -20.1716 -30
      vertex -37.565 -19.8266 -30
    endloop
  endfacet
  facet normal 0.321498 0.94691 -0
    outer loop
      vertex -38.4693 -19.3045 -30
      vertex -38.9647 -19.1363 -22
      vertex -38.4693 -19.3045 -22
    endloop
  endfacet
  facet normal 0.321498 0.94691 0
    outer loop
      vertex -38.9647 -19.1363 -22
      vertex -38.4693 -19.3045 -30
      vertex -38.9647 -19.1363 -30
    endloop
  endfacet
  facet normal 0.195124 0.980779 -0
    outer loop
      vertex -38.9647 -19.1363 -30
      vertex -39.4779 -19.0342 -22
      vertex -38.9647 -19.1363 -22
    endloop
  endfacet
  facet normal 0.195124 0.980779 0
    outer loop
      vertex -39.4779 -19.0342 -22
      vertex -38.9647 -19.1363 -30
      vertex -39.4779 -19.0342 -30
    endloop
  endfacet
  facet normal 0 0 1
    outer loop
      vertex -36.0342 -22.4779 -22
      vertex -38.8103 -22.8434 -22
      vertex -38.8 -23 -22
    endloop
  endfacet
  facet normal 0 0 1
    outer loop
      vertex -38 -19.5359 -22
      vertex -38.8409 -22.6894 -22
      vertex -38.8103 -22.8434 -22
    endloop
  endfacet
  facet normal 0 0 1
    outer loop
      vertex -38 -19.5359 -22
      vertex -38.8913 -22.5408 -22
      vertex -38.8409 -22.6894 -22
    endloop
  endfacet
  facet normal 0 0 1
    outer loop
      vertex -38 -19.5359 -22
      vertex -38.9608 -22.4 -22
      vertex -38.8913 -22.5408 -22
    endloop
  endfacet
  facet normal 0 0 1
    outer loop
      vertex -39.5408 -21.8913 -22
      vertex -38.4693 -19.3045 -22
      vertex -38.9647 -19.1363 -22
    endloop
  endfacet
  facet normal 0 0 1
    outer loop
      vertex -38 -19.5359 -22
      vertex -39.048 -22.2695 -22
      vertex -38.9608 -22.4 -22
    endloop
  endfacet
  facet normal 0 0 1
    outer loop
      vertex -38 -19.5359 -22
      vertex -39.1515 -22.1515 -22
      vertex -39.048 -22.2695 -22
    endloop
  endfacet
  facet normal 0 0 1
    outer loop
      vertex -38 -19.5359 -22
      vertex -39.2695 -22.048 -22
      vertex -39.1515 -22.1515 -22
    endloop
  endfacet
  facet normal 0 0 1
    outer loop
      vertex -38 -19.5359 -22
      vertex -39.4 -21.9608 -22
      vertex -39.2695 -22.048 -22
    endloop
  endfacet
  facet normal 0 0 1
    outer loop
      vertex -39.6894 -21.8409 -22
      vertex -38.9647 -19.1363 -22
      vertex -39.4779 -19.0342 -22
    endloop
  endfacet
  facet normal 0 0 1
    outer loop
      vertex -38.4693 -19.3045 -22
      vertex -39.5408 -21.8913 -22
      vertex -39.4 -21.9608 -22
    endloop
  endfacet
  facet normal 0 0 1
    outer loop
      vertex -38.9647 -19.1363 -22
      vertex -39.6894 -21.8409 -22
      vertex -39.5408 -21.8913 -22
    endloop
  endfacet
  facet normal 0 0 1
    outer loop
      vertex -39.4779 -19.0342 -22
      vertex -39.8434 -21.8103 -22
      vertex -39.6894 -21.8409 -22
    endloop
  endfacet
  facet normal 0 0 1
    outer loop
      vertex -40 -19 -22
      vertex -39.8434 -21.8103 -22
      vertex -39.4779 -19.0342 -22
    endloop
  endfacet
  facet normal 0 0 1
    outer loop
      vertex -40 -19 -22
      vertex -40 -21.8 -22
      vertex -39.8434 -21.8103 -22
    endloop
  endfacet
  facet normal 0 0 1
    outer loop
      vertex -40 -19 -22
      vertex -40.1566 -21.8103 -22
      vertex -40 -21.8 -22
    endloop
  endfacet
  facet normal -0 0 1
    outer loop
      vertex -40.5221 -19.0342 -22
      vertex -40.1566 -21.8103 -22
      vertex -40 -19 -22
    endloop
  endfacet
  facet normal 0 0 1
    outer loop
      vertex -40.1566 -21.8103 -22
      vertex -40.5221 -19.0342 -22
      vertex -40.3106 -21.8409 -22
    endloop
  endfacet
  facet normal -0 0 1
    outer loop
      vertex -41.0353 -19.1363 -22
      vertex -40.3106 -21.8409 -22
      vertex -40.5221 -19.0342 -22
    endloop
  endfacet
  facet normal 0 0 1
    outer loop
      vertex -40.3106 -21.8409 -22
      vertex -41.0353 -19.1363 -22
      vertex -40.4592 -21.8913 -22
    endloop
  endfacet
  facet normal -0 0 1
    outer loop
      vertex -41.5307 -19.3045 -22
      vertex -40.4592 -21.8913 -22
      vertex -41.0353 -19.1363 -22
    endloop
  endfacet
  facet normal 0 0 1
    outer loop
      vertex -40.4592 -21.8913 -22
      vertex -41.5307 -19.3045 -22
      vertex -40.6 -21.9608 -22
    endloop
  endfacet
  facet normal -0 0 1
    outer loop
      vertex -42 -19.5359 -22
      vertex -40.6 -21.9608 -22
      vertex -41.5307 -19.3045 -22
    endloop
  endfacet
  facet normal 0 0 1
    outer loop
      vertex -40.6 -21.9608 -22
      vertex -42 -19.5359 -22
      vertex -40.7305 -22.048 -22
    endloop
  endfacet
  facet normal -0 0 1
    outer loop
      vertex -42.435 -19.8266 -22
      vertex -40.7305 -22.048 -22
      vertex -42 -19.5359 -22
    endloop
  endfacet
  facet normal 0 0 1
    outer loop
      vertex -40.7305 -22.048 -22
      vertex -42.435 -19.8266 -22
      vertex -40.8485 -22.1515 -22
    endloop
  endfacet
  facet normal -0 0 1
    outer loop
      vertex -42.8284 -20.1716 -22
      vertex -40.8485 -22.1515 -22
      vertex -42.435 -19.8266 -22
    endloop
  endfacet
  facet normal 0 0 1
    outer loop
      vertex -40.8485 -22.1515 -22
      vertex -42.8284 -20.1716 -22
      vertex -40.952 -22.2695 -22
    endloop
  endfacet
  facet normal -0 0 1
    outer loop
      vertex -43.1734 -20.565 -22
      vertex -40.952 -22.2695 -22
      vertex -42.8284 -20.1716 -22
    endloop
  endfacet
  facet normal 0 0 1
    outer loop
      vertex -40.952 -22.2695 -22
      vertex -43.1734 -20.565 -22
      vertex -41.0392 -22.4 -22
    endloop
  endfacet
  facet normal 0 0 1
    outer loop
      vertex -38.8 -23 -22
      vertex -36 -23 -22
      vertex -36.0342 -22.4779 -22
    endloop
  endfacet
  facet normal 0 0 1
    outer loop
      vertex -38.8103 -22.8434 -22
      vertex -36.0342 -22.4779 -22
      vertex -36.1363 -21.9647 -22
    endloop
  endfacet
  facet normal 0 0 1
    outer loop
      vertex -36 -23 -22
      vertex -38.8 -23 -22
      vertex -36.0342 -23.5221 -22
    endloop
  endfacet
  facet normal 0 0 1
    outer loop
      vertex -38.8103 -22.8434 -22
      vertex -36.1363 -21.9647 -22
      vertex -36.3045 -21.4693 -22
    endloop
  endfacet
  facet normal -0 0 1
    outer loop
      vertex -38.8103 -23.1566 -22
      vertex -36.0342 -23.5221 -22
      vertex -38.8 -23 -22
    endloop
  endfacet
  facet normal 0 0 1
    outer loop
      vertex -38.8103 -22.8434 -22
      vertex -36.3045 -21.4693 -22
      vertex -36.5359 -21 -22
    endloop
  endfacet
  facet normal 0 0 1
    outer loop
      vertex -36.0342 -23.5221 -22
      vertex -38.8103 -23.1566 -22
      vertex -36.1363 -24.0353 -22
    endloop
  endfacet
  facet normal 0 0 1
    outer loop
      vertex -38.8103 -22.8434 -22
      vertex -36.5359 -21 -22
      vertex -36.8266 -20.565 -22
    endloop
  endfacet
  facet normal -0 0 1
    outer loop
      vertex -38.8409 -23.3106 -22
      vertex -36.1363 -24.0353 -22
      vertex -38.8103 -23.1566 -22
    endloop
  endfacet
  facet normal 0 0 1
    outer loop
      vertex -38.8103 -22.8434 -22
      vertex -36.8266 -20.565 -22
      vertex -37.1716 -20.1716 -22
    endloop
  endfacet
  facet normal 0 0 1
    outer loop
      vertex -36.1363 -24.0353 -22
      vertex -38.8409 -23.3106 -22
      vertex -36.3045 -24.5307 -22
    endloop
  endfacet
  facet normal 0 0 1
    outer loop
      vertex -38.8103 -22.8434 -22
      vertex -37.1716 -20.1716 -22
      vertex -37.565 -19.8266 -22
    endloop
  endfacet
  facet normal -0 0 1
    outer loop
      vertex -38.8913 -23.4592 -22
      vertex -36.3045 -24.5307 -22
      vertex -38.8409 -23.3106 -22
    endloop
  endfacet
  facet normal 0 0 1
    outer loop
      vertex -38.8103 -22.8434 -22
      vertex -37.565 -19.8266 -22
      vertex -38 -19.5359 -22
    endloop
  endfacet
  facet normal 0 0 1
    outer loop
      vertex -36.3045 -24.5307 -22
      vertex -38.8913 -23.4592 -22
      vertex -36.5359 -25 -22
    endloop
  endfacet
  facet normal -0 0 1
    outer loop
      vertex -38.9608 -23.6 -22
      vertex -36.5359 -25 -22
      vertex -38.8913 -23.4592 -22
    endloop
  endfacet
  facet normal 0 0 1
    outer loop
      vertex -39.4 -21.9608 -22
      vertex -38 -19.5359 -22
      vertex -38.4693 -19.3045 -22
    endloop
  endfacet
  facet normal 0 0 1
    outer loop
      vertex -36.5359 -25 -22
      vertex -38.9608 -23.6 -22
      vertex -36.8266 -25.435 -22
    endloop
  endfacet
  facet normal -0 0 1
    outer loop
      vertex -39.048 -23.7305 -22
      vertex -36.8266 -25.435 -22
      vertex -38.9608 -23.6 -22
    endloop
  endfacet
  facet normal 0 0 1
    outer loop
      vertex -36.8266 -25.435 -22
      vertex -39.048 -23.7305 -22
      vertex -37.1716 -25.8284 -22
    endloop
  endfacet
  facet normal -0 0 1
    outer loop
      vertex -39.1515 -23.8485 -22
      vertex -37.1716 -25.8284 -22
      vertex -39.048 -23.7305 -22
    endloop
  endfacet
  facet normal 0 0 1
    outer loop
      vertex -37.1716 -25.8284 -22
      vertex -39.1515 -23.8485 -22
      vertex -37.565 -26.1734 -22
    endloop
  endfacet
  facet normal -0 0 1
    outer loop
      vertex -39.2695 -23.952 -22
      vertex -37.565 -26.1734 -22
      vertex -39.1515 -23.8485 -22
    endloop
  endfacet
  facet normal 0 0 1
    outer loop
      vertex -37.565 -26.1734 -22
      vertex -39.2695 -23.952 -22
      vertex -38 -26.4641 -22
    endloop
  endfacet
  facet normal -0 0 1
    outer loop
      vertex -39.4 -24.0392 -22
      vertex -38 -26.4641 -22
      vertex -39.2695 -23.952 -22
    endloop
  endfacet
  facet normal 0 0 1
    outer loop
      vertex -38 -26.4641 -22
      vertex -39.4 -24.0392 -22
      vertex -38.0728 -26.5 -22
    endloop
  endfacet
  facet normal -0 0 1
    outer loop
      vertex -39.5408 -24.1087 -22
      vertex -38.0728 -26.5 -22
      vertex -39.4 -24.0392 -22
    endloop
  endfacet
  facet normal -0 0 1
    outer loop
      vertex -39.6894 -24.1591 -22
      vertex -38.0728 -26.5 -22
      vertex -39.5408 -24.1087 -22
    endloop
  endfacet
  facet normal -0 0 1
    outer loop
      vertex -39.8434 -24.1897 -22
      vertex -38.0728 -26.5 -22
      vertex -39.6894 -24.1591 -22
    endloop
  endfacet
  facet normal -0 0 1
    outer loop
      vertex -40 -24.2 -22
      vertex -38.0728 -26.5 -22
      vertex -39.8434 -24.1897 -22
    endloop
  endfacet
  facet normal 0 0 1
    outer loop
      vertex -41.9272 -26.5 -22
      vertex -40 -24.2 -22
      vertex -40.1566 -24.1897 -22
    endloop
  endfacet
  facet normal 0 0 1
    outer loop
      vertex -41.9272 -26.5 -22
      vertex -40.1566 -24.1897 -22
      vertex -40.3106 -24.1591 -22
    endloop
  endfacet
  facet normal 0 0 1
    outer loop
      vertex -41.9272 -26.5 -22
      vertex -40.3106 -24.1591 -22
      vertex -40.4592 -24.1087 -22
    endloop
  endfacet
  facet normal 0 0 1
    outer loop
      vertex -41.9272 -26.5 -22
      vertex -40.4592 -24.1087 -22
      vertex -40.6 -24.0392 -22
    endloop
  endfacet
  facet normal 0 0 1
    outer loop
      vertex -42 -26.4641 -22
      vertex -40.6 -24.0392 -22
      vertex -40.7305 -23.952 -22
    endloop
  endfacet
  facet normal 0 0 1
    outer loop
      vertex -42.435 -26.1734 -22
      vertex -40.7305 -23.952 -22
      vertex -40.8485 -23.8485 -22
    endloop
  endfacet
  facet normal -0 0 1
    outer loop
      vertex -43.4641 -21 -22
      vertex -41.0392 -22.4 -22
      vertex -43.1734 -20.565 -22
    endloop
  endfacet
  facet normal 0 0 1
    outer loop
      vertex -40 -24.2 -22
      vertex -41.9272 -26.5 -22
      vertex -38.0728 -26.5 -22
    endloop
  endfacet
  facet normal 0 0 1
    outer loop
      vertex -42.8284 -25.8284 -22
      vertex -40.8485 -23.8485 -22
      vertex -40.952 -23.7305 -22
    endloop
  endfacet
  facet normal 0 0 1
    outer loop
      vertex -43.1734 -25.435 -22
      vertex -40.952 -23.7305 -22
      vertex -41.0392 -23.6 -22
    endloop
  endfacet
  facet normal 0 0 1
    outer loop
      vertex -43.5 -24.9272 -22
      vertex -41.0392 -23.6 -22
      vertex -41.1087 -23.4592 -22
    endloop
  endfacet
  facet normal 0 0 1
    outer loop
      vertex -43.5 -24.9272 -22
      vertex -41.1087 -23.4592 -22
      vertex -41.1591 -23.3106 -22
    endloop
  endfacet
  facet normal 0 0 1
    outer loop
      vertex -43.5 -24.9272 -22
      vertex -41.1591 -23.3106 -22
      vertex -41.1897 -23.1566 -22
    endloop
  endfacet
  facet normal -0 0 1
    outer loop
      vertex -43.5 -21.0728 -22
      vertex -41.0392 -22.4 -22
      vertex -43.4641 -21 -22
    endloop
  endfacet
  facet normal 0 0 1
    outer loop
      vertex -41.0392 -22.4 -22
      vertex -43.5 -21.0728 -22
      vertex -41.1087 -22.5408 -22
    endloop
  endfacet
  facet normal 0 0 1
    outer loop
      vertex -41.1087 -22.5408 -22
      vertex -43.5 -21.0728 -22
      vertex -41.1591 -22.6894 -22
    endloop
  endfacet
  facet normal 0 0 1
    outer loop
      vertex -40.7305 -23.952 -22
      vertex -42.435 -26.1734 -22
      vertex -42 -26.4641 -22
    endloop
  endfacet
  facet normal 0 0 1
    outer loop
      vertex -40.6 -24.0392 -22
      vertex -42 -26.4641 -22
      vertex -41.9272 -26.5 -22
    endloop
  endfacet
  facet normal 0 0 1
    outer loop
      vertex -41.1591 -22.6894 -22
      vertex -43.5 -21.0728 -22
      vertex -41.1897 -22.8434 -22
    endloop
  endfacet
  facet normal 0 0 1
    outer loop
      vertex -40.8485 -23.8485 -22
      vertex -42.8284 -25.8284 -22
      vertex -42.435 -26.1734 -22
    endloop
  endfacet
  facet normal 0 0 1
    outer loop
      vertex -41.1897 -22.8434 -22
      vertex -43.5 -21.0728 -22
      vertex -41.2 -23 -22
    endloop
  endfacet
  facet normal 0 0 1
    outer loop
      vertex -40.952 -23.7305 -22
      vertex -43.1734 -25.435 -22
      vertex -42.8284 -25.8284 -22
    endloop
  endfacet
  facet normal 0 0 1
    outer loop
      vertex -43.5 -24.9272 -22
      vertex -41.2 -23 -22
      vertex -43.5 -21.0728 -22
    endloop
  endfacet
  facet normal 0 0 1
    outer loop
      vertex -41.2 -23 -22
      vertex -43.5 -24.9272 -22
      vertex -41.1897 -23.1566 -22
    endloop
  endfacet
  facet normal 0 0 1
    outer loop
      vertex -41.0392 -23.6 -22
      vertex -43.5 -24.9272 -22
      vertex -43.4641 -25 -22
    endloop
  endfacet
  facet normal 0 0 1
    outer loop
      vertex -41.0392 -23.6 -22
      vertex -43.4641 -25 -22
      vertex -43.1734 -25.435 -22
    endloop
  endfacet
  facet normal -0.831432 0.555626 0
    outer loop
      vertex -43.4641 -21 -30
      vertex -43.1734 -20.565 -22
      vertex -43.1734 -20.565 -30
    endloop
  endfacet
  facet normal -0.831432 0.555626 0
    outer loop
      vertex -43.1734 -20.565 -22
      vertex -43.4641 -21 -30
      vertex -43.4641 -21 -22
    endloop
  endfacet
  facet normal -0.195124 0.980779 0
    outer loop
      vertex -40.5221 -19.0342 -30
      vertex -41.0353 -19.1363 -22
      vertex -40.5221 -19.0342 -22
    endloop
  endfacet
  facet normal -0.195124 0.980779 0
    outer loop
      vertex -41.0353 -19.1363 -22
      vertex -40.5221 -19.0342 -30
      vertex -41.0353 -19.1363 -30
    endloop
  endfacet
  facet normal -0.555626 0.831432 0
    outer loop
      vertex -42 -19.5359 -30
      vertex -42.435 -19.8266 -22
      vertex -42 -19.5359 -22
    endloop
  endfacet
  facet normal -0.555626 0.831432 0
    outer loop
      vertex -42.435 -19.8266 -22
      vertex -42 -19.5359 -30
      vertex -42.435 -19.8266 -30
    endloop
  endfacet
  facet normal -0.442238 0.896898 0
    outer loop
      vertex -41.5307 -19.3045 -30
      vertex -42 -19.5359 -22
      vertex -41.5307 -19.3045 -22
    endloop
  endfacet
  facet normal -0.442238 0.896898 0
    outer loop
      vertex -42 -19.5359 -22
      vertex -41.5307 -19.3045 -30
      vertex -42 -19.5359 -30
    endloop
  endfacet
  facet normal 0.997861 -0.0653646 0
    outer loop
      vertex -36.0342 -23.5221 -22
      vertex -36 -23 -30
      vertex -36 -23 -22
    endloop
  endfacet
  facet normal 0.997861 -0.0653646 0
    outer loop
      vertex -36 -23 -30
      vertex -36.0342 -23.5221 -22
      vertex -36.0342 -23.5221 -30
    endloop
  endfacet
  facet normal 0.751842 -0.659343 0
    outer loop
      vertex -37.1716 -25.8284 -22
      vertex -36.8266 -25.435 -30
      vertex -36.8266 -25.435 -22
    endloop
  endfacet
  facet normal 0.751842 -0.659343 0
    outer loop
      vertex -36.8266 -25.435 -30
      vertex -37.1716 -25.8284 -22
      vertex -37.1716 -25.8284 -30
    endloop
  endfacet
  facet normal 0.659343 -0.751842 0
    outer loop
      vertex -37.565 -26.1734 -30
      vertex -37.1716 -25.8284 -22
      vertex -37.565 -26.1734 -22
    endloop
  endfacet
  facet normal 0.659343 -0.751842 0
    outer loop
      vertex -37.1716 -25.8284 -22
      vertex -37.565 -26.1734 -30
      vertex -37.1716 -25.8284 -30
    endloop
  endfacet
  facet normal -0.555626 -0.831432 0
    outer loop
      vertex -42.435 -26.1734 -30
      vertex -42 -26.4641 -22
      vertex -42.435 -26.1734 -22
    endloop
  endfacet
  facet normal -0.555626 -0.831432 -0
    outer loop
      vertex -42 -26.4641 -22
      vertex -42.435 -26.1734 -30
      vertex -42 -26.4641 -30
    endloop
  endfacet
  facet normal -0.896878 -0.442279 0
    outer loop
      vertex -43.4641 -25 -30
      vertex -43.5 -24.9272 -22
      vertex -43.5 -24.9272 -30
    endloop
  endfacet
  facet normal -0.896878 -0.442279 0
    outer loop
      vertex -43.5 -24.9272 -22
      vertex -43.4641 -25 -30
      vertex -43.4641 -25 -22
    endloop
  endfacet
  facet normal 0.980779 -0.195124 0
    outer loop
      vertex -36.1363 -24.0353 -22
      vertex -36.0342 -23.5221 -30
      vertex -36.0342 -23.5221 -22
    endloop
  endfacet
  facet normal 0.980779 -0.195124 0
    outer loop
      vertex -36.0342 -23.5221 -30
      vertex -36.1363 -24.0353 -22
      vertex -36.1363 -24.0353 -30
    endloop
  endfacet
  facet normal 0.896898 -0.442238 0
    outer loop
      vertex -36.5359 -25 -22
      vertex -36.3045 -24.5307 -30
      vertex -36.3045 -24.5307 -22
    endloop
  endfacet
  facet normal 0.896898 -0.442238 0
    outer loop
      vertex -36.3045 -24.5307 -30
      vertex -36.5359 -25 -22
      vertex -36.5359 -25 -30
    endloop
  endfacet
  facet normal -0.831432 -0.555626 0
    outer loop
      vertex -43.1734 -25.435 -30
      vertex -43.4641 -25 -22
      vertex -43.4641 -25 -30
    endloop
  endfacet
  facet normal -0.831432 -0.555626 0
    outer loop
      vertex -43.4641 -25 -22
      vertex -43.1734 -25.435 -30
      vertex -43.1734 -25.435 -22
    endloop
  endfacet
  facet normal -0.997844 -0.0656309 0
    outer loop
      vertex -38.8 -23 -30
      vertex -38.8103 -22.8434 -22
      vertex -38.8103 -22.8434 -30
    endloop
  endfacet
  facet normal -0.997844 -0.0656309 0
    outer loop
      vertex -38.8103 -22.8434 -22
      vertex -38.8 -23 -30
      vertex -38.8 -23 -22
    endloop
  endfacet
  facet normal 0.997844 -0.0656309 0
    outer loop
      vertex -41.2 -23 -22
      vertex -41.1897 -22.8434 -30
      vertex -41.1897 -22.8434 -22
    endloop
  endfacet
  facet normal 0.997844 -0.0656309 0
    outer loop
      vertex -41.1897 -22.8434 -30
      vertex -41.2 -23 -22
      vertex -41.2 -23 -30
    endloop
  endfacet
  facet normal -0.0656309 -0.997844 0
    outer loop
      vertex -40 -21.8 -30
      vertex -39.8434 -21.8103 -22
      vertex -40 -21.8 -22
    endloop
  endfacet
  facet normal -0.0656309 -0.997844 -0
    outer loop
      vertex -39.8434 -21.8103 -22
      vertex -40 -21.8 -30
      vertex -39.8434 -21.8103 -30
    endloop
  endfacet
  facet normal -0.751787 -0.659406 0
    outer loop
      vertex -39.048 -22.2695 -30
      vertex -39.1515 -22.1515 -22
      vertex -39.1515 -22.1515 -30
    endloop
  endfacet
  facet normal -0.751787 -0.659406 0
    outer loop
      vertex -39.1515 -22.1515 -22
      vertex -39.048 -22.2695 -30
      vertex -39.048 -22.2695 -22
    endloop
  endfacet
  facet normal 0.659406 -0.751787 0
    outer loop
      vertex -40.8485 -22.1515 -30
      vertex -40.7305 -22.048 -22
      vertex -40.8485 -22.1515 -22
    endloop
  endfacet
  facet normal 0.659406 -0.751787 0
    outer loop
      vertex -40.7305 -22.048 -22
      vertex -40.8485 -22.1515 -30
      vertex -40.7305 -22.048 -30
    endloop
  endfacet
  facet normal 0.321194 -0.947013 0
    outer loop
      vertex -40.4592 -21.8913 -30
      vertex -40.3106 -21.8409 -22
      vertex -40.4592 -21.8913 -22
    endloop
  endfacet
  facet normal 0.321194 -0.947013 0
    outer loop
      vertex -40.3106 -21.8409 -22
      vertex -40.4592 -21.8913 -30
      vertex -40.3106 -21.8409 -30
    endloop
  endfacet
  facet normal 0.980825 0.194891 0
    outer loop
      vertex -41.1591 -23.3106 -22
      vertex -41.1897 -23.1566 -30
      vertex -41.1897 -23.1566 -22
    endloop
  endfacet
  facet normal 0.980825 0.194891 0
    outer loop
      vertex -41.1897 -23.1566 -30
      vertex -41.1591 -23.3106 -22
      vertex -41.1591 -23.3106 -30
    endloop
  endfacet
  facet normal -0.896708 -0.442622 0
    outer loop
      vertex -38.8913 -22.5408 -30
      vertex -38.9608 -22.4 -22
      vertex -38.9608 -22.4 -30
    endloop
  endfacet
  facet normal -0.896708 -0.442622 0
    outer loop
      vertex -38.9608 -22.4 -22
      vertex -38.8913 -22.5408 -30
      vertex -38.8913 -22.5408 -22
    endloop
  endfacet
  facet normal -0.831462 -0.555582 0
    outer loop
      vertex -38.9608 -22.4 -30
      vertex -39.048 -22.2695 -22
      vertex -39.048 -22.2695 -30
    endloop
  endfacet
  facet normal -0.831462 -0.555582 0
    outer loop
      vertex -39.048 -22.2695 -22
      vertex -38.9608 -22.4 -30
      vertex -38.9608 -22.4 -22
    endloop
  endfacet
  facet normal -0.442622 -0.896708 0
    outer loop
      vertex -39.5408 -21.8913 -30
      vertex -39.4 -21.9608 -22
      vertex -39.5408 -21.8913 -22
    endloop
  endfacet
  facet normal -0.442622 -0.896708 -0
    outer loop
      vertex -39.4 -21.9608 -22
      vertex -39.5408 -21.8913 -30
      vertex -39.4 -21.9608 -30
    endloop
  endfacet
  facet normal -0.555582 -0.831462 0
    outer loop
      vertex -39.4 -21.9608 -30
      vertex -39.2695 -22.048 -22
      vertex -39.4 -21.9608 -22
    endloop
  endfacet
  facet normal -0.555582 -0.831462 -0
    outer loop
      vertex -39.2695 -22.048 -22
      vertex -39.4 -21.9608 -30
      vertex -39.2695 -22.048 -30
    endloop
  endfacet
  facet normal 0.896708 -0.442622 0
    outer loop
      vertex -41.1087 -22.5408 -22
      vertex -41.0392 -22.4 -30
      vertex -41.0392 -22.4 -22
    endloop
  endfacet
  facet normal 0.896708 -0.442622 0
    outer loop
      vertex -41.0392 -22.4 -30
      vertex -41.1087 -22.5408 -22
      vertex -41.1087 -22.5408 -30
    endloop
  endfacet
  facet normal 0.831462 -0.555582 0
    outer loop
      vertex -41.0392 -22.4 -22
      vertex -40.952 -22.2695 -30
      vertex -40.952 -22.2695 -22
    endloop
  endfacet
  facet normal 0.831462 -0.555582 0
    outer loop
      vertex -40.952 -22.2695 -30
      vertex -41.0392 -22.4 -22
      vertex -41.0392 -22.4 -30
    endloop
  endfacet
  facet normal 0.442622 -0.896708 0
    outer loop
      vertex -40.6 -21.9608 -30
      vertex -40.4592 -21.8913 -22
      vertex -40.6 -21.9608 -22
    endloop
  endfacet
  facet normal 0.442622 -0.896708 0
    outer loop
      vertex -40.4592 -21.8913 -22
      vertex -40.6 -21.9608 -30
      vertex -40.4592 -21.8913 -30
    endloop
  endfacet
  facet normal 0.0656309 -0.997844 0
    outer loop
      vertex -40.1566 -21.8103 -30
      vertex -40 -21.8 -22
      vertex -40.1566 -21.8103 -22
    endloop
  endfacet
  facet normal 0.0656309 -0.997844 0
    outer loop
      vertex -40 -21.8 -22
      vertex -40.1566 -21.8103 -30
      vertex -40 -21.8 -30
    endloop
  endfacet
  facet normal -0.194891 0.980825 0
    outer loop
      vertex -39.6894 -24.1591 -30
      vertex -39.8434 -24.1897 -22
      vertex -39.6894 -24.1591 -22
    endloop
  endfacet
  facet normal -0.194891 0.980825 0
    outer loop
      vertex -39.8434 -24.1897 -22
      vertex -39.6894 -24.1591 -30
      vertex -39.8434 -24.1897 -30
    endloop
  endfacet
  facet normal -0.0656309 0.997844 0
    outer loop
      vertex -39.8434 -24.1897 -30
      vertex -40 -24.2 -22
      vertex -39.8434 -24.1897 -22
    endloop
  endfacet
  facet normal -0.0656309 0.997844 0
    outer loop
      vertex -40 -24.2 -22
      vertex -39.8434 -24.1897 -30
      vertex -40 -24.2 -30
    endloop
  endfacet
  facet normal -0.659406 0.751787 0
    outer loop
      vertex -39.1515 -23.8485 -30
      vertex -39.2695 -23.952 -22
      vertex -39.1515 -23.8485 -22
    endloop
  endfacet
  facet normal -0.659406 0.751787 0
    outer loop
      vertex -39.2695 -23.952 -22
      vertex -39.1515 -23.8485 -30
      vertex -39.2695 -23.952 -30
    endloop
  endfacet
  facet normal -0.442622 0.896708 0
    outer loop
      vertex -39.4 -24.0392 -30
      vertex -39.5408 -24.1087 -22
      vertex -39.4 -24.0392 -22
    endloop
  endfacet
  facet normal -0.442622 0.896708 0
    outer loop
      vertex -39.5408 -24.1087 -22
      vertex -39.4 -24.0392 -30
      vertex -39.5408 -24.1087 -30
    endloop
  endfacet
  facet normal -0.947013 0.321194 0
    outer loop
      vertex -38.8913 -23.4592 -30
      vertex -38.8409 -23.3106 -22
      vertex -38.8409 -23.3106 -30
    endloop
  endfacet
  facet normal -0.947013 0.321194 0
    outer loop
      vertex -38.8409 -23.3106 -22
      vertex -38.8913 -23.4592 -30
      vertex -38.8913 -23.4592 -22
    endloop
  endfacet
  facet normal 0.442622 0.896708 -0
    outer loop
      vertex -40.4592 -24.1087 -30
      vertex -40.6 -24.0392 -22
      vertex -40.4592 -24.1087 -22
    endloop
  endfacet
  facet normal 0.442622 0.896708 0
    outer loop
      vertex -40.6 -24.0392 -22
      vertex -40.4592 -24.1087 -30
      vertex -40.6 -24.0392 -30
    endloop
  endfacet
  facet normal 0.321194 0.947013 -0
    outer loop
      vertex -40.3106 -24.1591 -30
      vertex -40.4592 -24.1087 -22
      vertex -40.3106 -24.1591 -22
    endloop
  endfacet
  facet normal 0.321194 0.947013 0
    outer loop
      vertex -40.4592 -24.1087 -22
      vertex -40.3106 -24.1591 -30
      vertex -40.4592 -24.1087 -30
    endloop
  endfacet
  facet normal 0.896708 0.442622 0
    outer loop
      vertex -41.0392 -23.6 -22
      vertex -41.1087 -23.4592 -30
      vertex -41.1087 -23.4592 -22
    endloop
  endfacet
  facet normal 0.896708 0.442622 0
    outer loop
      vertex -41.1087 -23.4592 -30
      vertex -41.0392 -23.6 -22
      vertex -41.0392 -23.6 -30
    endloop
  endfacet
  facet normal 0.831462 0.555582 0
    outer loop
      vertex -40.952 -23.7305 -22
      vertex -41.0392 -23.6 -30
      vertex -41.0392 -23.6 -22
    endloop
  endfacet
  facet normal 0.831462 0.555582 0
    outer loop
      vertex -41.0392 -23.6 -30
      vertex -40.952 -23.7305 -22
      vertex -40.952 -23.7305 -30
    endloop
  endfacet
  facet normal 0.997844 0.0656309 0
    outer loop
      vertex -41.1897 -23.1566 -22
      vertex -41.2 -23 -30
      vertex -41.2 -23 -22
    endloop
  endfacet
  facet normal 0.997844 0.0656309 0
    outer loop
      vertex -41.2 -23 -30
      vertex -41.1897 -23.1566 -22
      vertex -41.1897 -23.1566 -30
    endloop
  endfacet
  facet normal -0.947013 -0.321194 0
    outer loop
      vertex -38.8409 -22.6894 -30
      vertex -38.8913 -22.5408 -22
      vertex -38.8913 -22.5408 -30
    endloop
  endfacet
  facet normal -0.947013 -0.321194 0
    outer loop
      vertex -38.8913 -22.5408 -22
      vertex -38.8409 -22.6894 -30
      vertex -38.8409 -22.6894 -22
    endloop
  endfacet
  facet normal -0.980825 -0.194891 0
    outer loop
      vertex -38.8103 -22.8434 -30
      vertex -38.8409 -22.6894 -22
      vertex -38.8409 -22.6894 -30
    endloop
  endfacet
  facet normal -0.980825 -0.194891 0
    outer loop
      vertex -38.8409 -22.6894 -22
      vertex -38.8103 -22.8434 -30
      vertex -38.8103 -22.8434 -22
    endloop
  endfacet
  facet normal -0.321194 -0.947013 0
    outer loop
      vertex -39.6894 -21.8409 -30
      vertex -39.5408 -21.8913 -22
      vertex -39.6894 -21.8409 -22
    endloop
  endfacet
  facet normal -0.321194 -0.947013 -0
    outer loop
      vertex -39.5408 -21.8913 -22
      vertex -39.6894 -21.8409 -30
      vertex -39.5408 -21.8913 -30
    endloop
  endfacet
  facet normal -0.194891 -0.980825 0
    outer loop
      vertex -39.8434 -21.8103 -30
      vertex -39.6894 -21.8409 -22
      vertex -39.8434 -21.8103 -22
    endloop
  endfacet
  facet normal -0.194891 -0.980825 -0
    outer loop
      vertex -39.6894 -21.8409 -22
      vertex -39.8434 -21.8103 -30
      vertex -39.6894 -21.8409 -30
    endloop
  endfacet
  facet normal -0.659406 -0.751787 0
    outer loop
      vertex -39.2695 -22.048 -30
      vertex -39.1515 -22.1515 -22
      vertex -39.2695 -22.048 -22
    endloop
  endfacet
  facet normal -0.659406 -0.751787 -0
    outer loop
      vertex -39.1515 -22.1515 -22
      vertex -39.2695 -22.048 -30
      vertex -39.1515 -22.1515 -30
    endloop
  endfacet
  facet normal 0.947013 -0.321194 0
    outer loop
      vertex -41.1591 -22.6894 -22
      vertex -41.1087 -22.5408 -30
      vertex -41.1087 -22.5408 -22
    endloop
  endfacet
  facet normal 0.947013 -0.321194 0
    outer loop
      vertex -41.1087 -22.5408 -30
      vertex -41.1591 -22.6894 -22
      vertex -41.1591 -22.6894 -30
    endloop
  endfacet
  facet normal 0.980825 -0.194891 0
    outer loop
      vertex -41.1897 -22.8434 -22
      vertex -41.1591 -22.6894 -30
      vertex -41.1591 -22.6894 -22
    endloop
  endfacet
  facet normal 0.980825 -0.194891 0
    outer loop
      vertex -41.1591 -22.6894 -30
      vertex -41.1897 -22.8434 -22
      vertex -41.1897 -22.8434 -30
    endloop
  endfacet
  facet normal -0.997844 0.0656309 0
    outer loop
      vertex -38.8103 -23.1566 -30
      vertex -38.8 -23 -22
      vertex -38.8 -23 -30
    endloop
  endfacet
  facet normal -0.997844 0.0656309 0
    outer loop
      vertex -38.8 -23 -22
      vertex -38.8103 -23.1566 -30
      vertex -38.8103 -23.1566 -22
    endloop
  endfacet
  facet normal -0.555582 0.831462 0
    outer loop
      vertex -39.2695 -23.952 -30
      vertex -39.4 -24.0392 -22
      vertex -39.2695 -23.952 -22
    endloop
  endfacet
  facet normal -0.555582 0.831462 0
    outer loop
      vertex -39.4 -24.0392 -22
      vertex -39.2695 -23.952 -30
      vertex -39.4 -24.0392 -30
    endloop
  endfacet
  facet normal -0.896708 0.442622 0
    outer loop
      vertex -38.9608 -23.6 -30
      vertex -38.8913 -23.4592 -22
      vertex -38.8913 -23.4592 -30
    endloop
  endfacet
  facet normal -0.896708 0.442622 0
    outer loop
      vertex -38.8913 -23.4592 -22
      vertex -38.9608 -23.6 -30
      vertex -38.9608 -23.6 -22
    endloop
  endfacet
  facet normal -0.751787 0.659406 0
    outer loop
      vertex -39.1515 -23.8485 -30
      vertex -39.048 -23.7305 -22
      vertex -39.048 -23.7305 -30
    endloop
  endfacet
  facet normal -0.751787 0.659406 0
    outer loop
      vertex -39.048 -23.7305 -22
      vertex -39.1515 -23.8485 -30
      vertex -39.1515 -23.8485 -22
    endloop
  endfacet
  facet normal -0.831462 0.555582 0
    outer loop
      vertex -39.048 -23.7305 -30
      vertex -38.9608 -23.6 -22
      vertex -38.9608 -23.6 -30
    endloop
  endfacet
  facet normal -0.831462 0.555582 0
    outer loop
      vertex -38.9608 -23.6 -22
      vertex -39.048 -23.7305 -30
      vertex -39.048 -23.7305 -22
    endloop
  endfacet
  facet normal 0.659406 0.751787 -0
    outer loop
      vertex -40.7305 -23.952 -30
      vertex -40.8485 -23.8485 -22
      vertex -40.7305 -23.952 -22
    endloop
  endfacet
  facet normal 0.659406 0.751787 0
    outer loop
      vertex -40.8485 -23.8485 -22
      vertex -40.7305 -23.952 -30
      vertex -40.8485 -23.8485 -30
    endloop
  endfacet
  facet normal 0.555582 0.831462 -0
    outer loop
      vertex -40.6 -24.0392 -30
      vertex -40.7305 -23.952 -22
      vertex -40.6 -24.0392 -22
    endloop
  endfacet
  facet normal 0.555582 0.831462 0
    outer loop
      vertex -40.7305 -23.952 -22
      vertex -40.6 -24.0392 -30
      vertex -40.7305 -23.952 -30
    endloop
  endfacet
  facet normal 0.0656309 0.997844 -0
    outer loop
      vertex -40 -24.2 -30
      vertex -40.1566 -24.1897 -22
      vertex -40 -24.2 -22
    endloop
  endfacet
  facet normal 0.0656309 0.997844 0
    outer loop
      vertex -40.1566 -24.1897 -22
      vertex -40 -24.2 -30
      vertex -40.1566 -24.1897 -30
    endloop
  endfacet
  facet normal 0.751787 0.659406 0
    outer loop
      vertex -40.8485 -23.8485 -22
      vertex -40.952 -23.7305 -30
      vertex -40.952 -23.7305 -22
    endloop
  endfacet
  facet normal 0.751787 0.659406 0
    outer loop
      vertex -40.952 -23.7305 -30
      vertex -40.8485 -23.8485 -22
      vertex -40.8485 -23.8485 -30
    endloop
  endfacet
  facet normal 0.751787 -0.659406 0
    outer loop
      vertex -40.952 -22.2695 -22
      vertex -40.8485 -22.1515 -30
      vertex -40.8485 -22.1515 -22
    endloop
  endfacet
  facet normal 0.751787 -0.659406 0
    outer loop
      vertex -40.8485 -22.1515 -30
      vertex -40.952 -22.2695 -22
      vertex -40.952 -22.2695 -30
    endloop
  endfacet
  facet normal 0.555582 -0.831462 0
    outer loop
      vertex -40.7305 -22.048 -30
      vertex -40.6 -21.9608 -22
      vertex -40.7305 -22.048 -22
    endloop
  endfacet
  facet normal 0.555582 -0.831462 0
    outer loop
      vertex -40.6 -21.9608 -22
      vertex -40.7305 -22.048 -30
      vertex -40.6 -21.9608 -30
    endloop
  endfacet
  facet normal 0.194891 -0.980825 0
    outer loop
      vertex -40.3106 -21.8409 -30
      vertex -40.1566 -21.8103 -22
      vertex -40.3106 -21.8409 -22
    endloop
  endfacet
  facet normal 0.194891 -0.980825 0
    outer loop
      vertex -40.1566 -21.8103 -22
      vertex -40.3106 -21.8409 -30
      vertex -40.1566 -21.8103 -30
    endloop
  endfacet
  facet normal -0.321194 0.947013 0
    outer loop
      vertex -39.5408 -24.1087 -30
      vertex -39.6894 -24.1591 -22
      vertex -39.5408 -24.1087 -22
    endloop
  endfacet
  facet normal -0.321194 0.947013 0
    outer loop
      vertex -39.6894 -24.1591 -22
      vertex -39.5408 -24.1087 -30
      vertex -39.6894 -24.1591 -30
    endloop
  endfacet
  facet normal -0.980825 0.194891 0
    outer loop
      vertex -38.8409 -23.3106 -30
      vertex -38.8103 -23.1566 -22
      vertex -38.8103 -23.1566 -30
    endloop
  endfacet
  facet normal -0.980825 0.194891 0
    outer loop
      vertex -38.8103 -23.1566 -22
      vertex -38.8409 -23.3106 -30
      vertex -38.8409 -23.3106 -22
    endloop
  endfacet
  facet normal 0.194891 0.980825 -0
    outer loop
      vertex -40.1566 -24.1897 -30
      vertex -40.3106 -24.1591 -22
      vertex -40.1566 -24.1897 -22
    endloop
  endfacet
  facet normal 0.194891 0.980825 0
    outer loop
      vertex -40.3106 -24.1591 -22
      vertex -40.1566 -24.1897 -30
      vertex -40.3106 -24.1591 -30
    endloop
  endfacet
  facet normal 0.947013 0.321194 0
    outer loop
      vertex -41.1087 -23.4592 -22
      vertex -41.1591 -23.3106 -30
      vertex -41.1591 -23.3106 -22
    endloop
  endfacet
  facet normal 0.947013 0.321194 0
    outer loop
      vertex -41.1591 -23.3106 -30
      vertex -41.1087 -23.4592 -22
      vertex -41.1087 -23.4592 -30
    endloop
  endfacet
  facet normal -0.997859 0 -0.0653986
    outer loop
      vertex -21.9 26.5 -14.5
      vertex -21.9864 29 -13.1817
      vertex -21.9 29 -14.5
    endloop
  endfacet
  facet normal -0.997859 -0 -0.0653986
    outer loop
      vertex -21.9864 29 -13.1817
      vertex -21.9 26.5 -14.5
      vertex -21.9864 26.5 -13.1817
    endloop
  endfacet
  facet normal -0.980793 0 -0.195053
    outer loop
      vertex -21.9864 26.5 -13.1817
      vertex -22.2441 29 -11.8859
      vertex -21.9864 29 -13.1817
    endloop
  endfacet
  facet normal -0.980793 -0 -0.195053
    outer loop
      vertex -22.2441 29 -11.8859
      vertex -21.9864 26.5 -13.1817
      vertex -22.2441 26.5 -11.8859
    endloop
  endfacet
  facet normal 0.997859 0 -0.0653986
    outer loop
      vertex -42.0136 26.5 -13.1817
      vertex -42.1 29 -14.5
      vertex -42.0136 29 -13.1817
    endloop
  endfacet
  facet normal 0.997859 0 -0.0653986
    outer loop
      vertex -42.1 29 -14.5
      vertex -42.0136 26.5 -13.1817
      vertex -42.1 26.5 -14.5
    endloop
  endfacet
  facet normal -0.659341 0 -0.751844
    outer loop
      vertex -25.8515 26.5 -6.48713
      vertex -24.8582 29 -7.35822
      vertex -24.8582 26.5 -7.35822
    endloop
  endfacet
  facet normal -0.659341 0 -0.751844
    outer loop
      vertex -24.8582 29 -7.35822
      vertex -25.8515 26.5 -6.48713
      vertex -25.8515 29 -6.48713
    endloop
  endfacet
  facet normal 0.659341 0 -0.751844
    outer loop
      vertex -39.1418 26.5 -7.35822
      vertex -38.1485 29 -6.48713
      vertex -38.1485 26.5 -6.48713
    endloop
  endfacet
  facet normal 0.659341 0 -0.751844
    outer loop
      vertex -38.1485 29 -6.48713
      vertex -39.1418 26.5 -7.35822
      vertex -39.1418 29 -7.35822
    endloop
  endfacet
  facet normal 0.321448 0 -0.946927
    outer loop
      vertex -35.8651 26.5 -5.16882
      vertex -34.6141 29 -4.74415
      vertex -34.6141 26.5 -4.74415
    endloop
  endfacet
  facet normal 0.321448 0 -0.946927
    outer loop
      vertex -34.6141 29 -4.74415
      vertex -35.8651 26.5 -5.16882
      vertex -35.8651 29 -5.16882
    endloop
  endfacet
  facet normal -0.831468 0 0.555573
    outer loop
      vertex -23.9871 26.5 -20.6485
      vertex -23.2531 29 -19.55
      vertex -23.9871 29 -20.6485
    endloop
  endfacet
  facet normal -0.831468 0 0.555573
    outer loop
      vertex -23.2531 29 -19.55
      vertex -23.9871 26.5 -20.6485
      vertex -23.2531 26.5 -19.55
    endloop
  endfacet
  facet normal -0.896881 0 -0.442272
    outer loop
      vertex -22.6688 26.5 -10.6349
      vertex -23.2531 29 -9.45
      vertex -22.6688 29 -10.6349
    endloop
  endfacet
  facet normal -0.896881 -0 -0.442272
    outer loop
      vertex -23.2531 29 -9.45
      vertex -22.6688 26.5 -10.6349
      vertex -23.2531 26.5 -9.45
    endloop
  endfacet
  facet normal -0.321448 0 -0.946927
    outer loop
      vertex -29.3859 26.5 -4.74415
      vertex -28.1349 29 -5.16882
      vertex -28.1349 26.5 -5.16882
    endloop
  endfacet
  facet normal -0.321448 0 -0.946927
    outer loop
      vertex -28.1349 29 -5.16882
      vertex -29.3859 26.5 -4.74415
      vertex -29.3859 29 -4.74415
    endloop
  endfacet
  facet normal -0.555568 0 -0.831471
    outer loop
      vertex -26.95 26.5 -5.75314
      vertex -25.8515 29 -6.48713
      vertex -25.8515 26.5 -6.48713
    endloop
  endfacet
  facet normal -0.555568 0 -0.831471
    outer loop
      vertex -25.8515 29 -6.48713
      vertex -26.95 26.5 -5.75314
      vertex -26.95 29 -5.75314
    endloop
  endfacet
  facet normal 0.751837 0 -0.659349
    outer loop
      vertex -39.1418 26.5 -7.35822
      vertex -40.0129 29 -8.35151
      vertex -39.1418 29 -7.35822
    endloop
  endfacet
  facet normal 0.751837 0 -0.659349
    outer loop
      vertex -40.0129 29 -8.35151
      vertex -39.1418 26.5 -7.35822
      vertex -40.0129 26.5 -8.35151
    endloop
  endfacet
  facet normal 0.555568 0 -0.831471
    outer loop
      vertex -38.1485 26.5 -6.48713
      vertex -37.05 29 -5.75314
      vertex -37.05 26.5 -5.75314
    endloop
  endfacet
  facet normal 0.555568 0 -0.831471
    outer loop
      vertex -37.05 29 -5.75314
      vertex -38.1485 26.5 -6.48713
      vertex -38.1485 29 -6.48713
    endloop
  endfacet
  facet normal 0.195083 0 -0.980787
    outer loop
      vertex -34.6141 26.5 -4.74415
      vertex -33.3183 29 -4.48641
      vertex -33.3183 26.5 -4.48641
    endloop
  endfacet
  facet normal 0.195083 0 -0.980787
    outer loop
      vertex -33.3183 29 -4.48641
      vertex -34.6141 26.5 -4.74415
      vertex -34.6141 29 -4.74415
    endloop
  endfacet
  facet normal -0.195053 0 0.980793
    outer loop
      vertex -30.6817 29 -24.5136
      vertex -29.3859 26.5 -24.2559
      vertex -29.3859 29 -24.2559
    endloop
  endfacet
  facet normal -0.195053 0 0.980793
    outer loop
      vertex -29.3859 26.5 -24.2559
      vertex -30.6817 29 -24.5136
      vertex -30.6817 26.5 -24.5136
    endloop
  endfacet
  facet normal -0.751837 0 -0.659349
    outer loop
      vertex -23.9871 26.5 -8.35151
      vertex -24.8582 29 -7.35822
      vertex -23.9871 29 -8.35151
    endloop
  endfacet
  facet normal -0.751837 -0 -0.659349
    outer loop
      vertex -24.8582 29 -7.35822
      vertex -23.9871 26.5 -8.35151
      vertex -24.8582 26.5 -7.35822
    endloop
  endfacet
  facet normal -0.831465 0 -0.555577
    outer loop
      vertex -23.2531 26.5 -9.45
      vertex -23.9871 29 -8.35151
      vertex -23.2531 29 -9.45
    endloop
  endfacet
  facet normal -0.831465 -0 -0.555577
    outer loop
      vertex -23.9871 29 -8.35151
      vertex -23.2531 26.5 -9.45
      vertex -23.9871 26.5 -8.35151
    endloop
  endfacet
  facet normal -0.195083 0 -0.980787
    outer loop
      vertex -30.6817 26.5 -4.48641
      vertex -29.3859 29 -4.74415
      vertex -29.3859 26.5 -4.74415
    endloop
  endfacet
  facet normal -0.195083 0 -0.980787
    outer loop
      vertex -29.3859 29 -4.74415
      vertex -30.6817 26.5 -4.48641
      vertex -30.6817 29 -4.48641
    endloop
  endfacet
  facet normal 0.94692 0 -0.321468
    outer loop
      vertex -41.3312 26.5 -10.6349
      vertex -41.7559 29 -11.8859
      vertex -41.3312 29 -10.6349
    endloop
  endfacet
  facet normal 0.94692 0 -0.321468
    outer loop
      vertex -41.7559 29 -11.8859
      vertex -41.3312 26.5 -10.6349
      vertex -41.7559 26.5 -11.8859
    endloop
  endfacet
  facet normal 0.896881 0 -0.442272
    outer loop
      vertex -40.7469 26.5 -9.45
      vertex -41.3312 29 -10.6349
      vertex -40.7469 29 -9.45
    endloop
  endfacet
  facet normal 0.896881 0 -0.442272
    outer loop
      vertex -41.3312 29 -10.6349
      vertex -40.7469 26.5 -9.45
      vertex -41.3312 26.5 -10.6349
    endloop
  endfacet
  facet normal 0.831465 0 -0.555577
    outer loop
      vertex -40.0129 26.5 -8.35151
      vertex -40.7469 29 -9.45
      vertex -40.0129 29 -8.35151
    endloop
  endfacet
  facet normal 0.831465 0 -0.555577
    outer loop
      vertex -40.7469 29 -9.45
      vertex -40.0129 26.5 -8.35151
      vertex -40.7469 26.5 -9.45
    endloop
  endfacet
  facet normal 0 1 0
    outer loop
      vertex -37.1028 25.75 -22
      vertex -38.1485 25.75 -22.5129
      vertex -38.7333 25.75 -22
    endloop
  endfacet
  facet normal -0 1 0
    outer loop
      vertex -38.1485 25.75 -22.5129
      vertex -37.1028 25.75 -22
      vertex -37.1028 25.75 -23.2116
    endloop
  endfacet
  facet normal -0.997859 0 0.0653986
    outer loop
      vertex -21.9864 26.5 -15.8183
      vertex -21.9 29 -14.5
      vertex -21.9864 29 -15.8183
    endloop
  endfacet
  facet normal -0.997859 0 0.0653986
    outer loop
      vertex -21.9 29 -14.5
      vertex -21.9864 26.5 -15.8183
      vertex -21.9 26.5 -14.5
    endloop
  endfacet
  facet normal -0.896881 0 0.442272
    outer loop
      vertex -23.2531 26.5 -19.55
      vertex -22.6688 29 -18.3651
      vertex -23.2531 29 -19.55
    endloop
  endfacet
  facet normal -0.896881 0 0.442272
    outer loop
      vertex -22.6688 29 -18.3651
      vertex -23.2531 26.5 -19.55
      vertex -22.6688 26.5 -18.3651
    endloop
  endfacet
  facet normal 0.75184 -0 0.659346
    outer loop
      vertex -40.0129 26.5 -20.6485
      vertex -39.1418 29 -21.6418
      vertex -40.0129 29 -20.6485
    endloop
  endfacet
  facet normal 0.75184 0 0.659346
    outer loop
      vertex -39.1418 29 -21.6418
      vertex -40.0129 26.5 -20.6485
      vertex -39.1418 26.5 -21.6418
    endloop
  endfacet
  facet normal 0.94692 -0 0.321468
    outer loop
      vertex -41.7559 26.5 -17.1141
      vertex -41.3312 29 -18.3651
      vertex -41.7559 29 -17.1141
    endloop
  endfacet
  facet normal 0.94692 0 0.321468
    outer loop
      vertex -41.3312 29 -18.3651
      vertex -41.7559 26.5 -17.1141
      vertex -41.3312 26.5 -18.3651
    endloop
  endfacet
  facet normal -0.0653986 0 0.997859
    outer loop
      vertex -32 29 -24.6
      vertex -30.6817 26.5 -24.5136
      vertex -30.6817 29 -24.5136
    endloop
  endfacet
  facet normal -0.0653986 0 0.997859
    outer loop
      vertex -30.6817 26.5 -24.5136
      vertex -32 29 -24.6
      vertex -32 26.5 -24.6
    endloop
  endfacet
  facet normal -0.442272 0 0.896881
    outer loop
      vertex -28.1349 29 -23.8312
      vertex -26.95 26.5 -23.2469
      vertex -26.95 29 -23.2469
    endloop
  endfacet
  facet normal -0.442272 0 0.896881
    outer loop
      vertex -26.95 26.5 -23.2469
      vertex -28.1349 29 -23.8312
      vertex -28.1349 26.5 -23.8312
    endloop
  endfacet
  facet normal -0.94692 0 -0.321468
    outer loop
      vertex -22.2441 26.5 -11.8859
      vertex -22.6688 29 -10.6349
      vertex -22.2441 29 -11.8859
    endloop
  endfacet
  facet normal -0.94692 -0 -0.321468
    outer loop
      vertex -22.6688 29 -10.6349
      vertex -22.2441 26.5 -11.8859
      vertex -22.6688 26.5 -10.6349
    endloop
  endfacet
  facet normal -0.0654062 0 -0.997859
    outer loop
      vertex -32 26.5 -4.4
      vertex -30.6817 29 -4.48641
      vertex -30.6817 26.5 -4.48641
    endloop
  endfacet
  facet normal -0.0654062 0 -0.997859
    outer loop
      vertex -30.6817 29 -4.48641
      vertex -32 26.5 -4.4
      vertex -32 29 -4.4
    endloop
  endfacet
  facet normal 0.0654062 0 -0.997859
    outer loop
      vertex -33.3183 26.5 -4.48641
      vertex -32 29 -4.4
      vertex -32 26.5 -4.4
    endloop
  endfacet
  facet normal 0.0654062 0 -0.997859
    outer loop
      vertex -32 29 -4.4
      vertex -33.3183 26.5 -4.48641
      vertex -33.3183 29 -4.48641
    endloop
  endfacet
  facet normal -0.442284 0 -0.896875
    outer loop
      vertex -28.1349 26.5 -5.16882
      vertex -26.95 29 -5.75314
      vertex -26.95 26.5 -5.75314
    endloop
  endfacet
  facet normal -0.442284 0 -0.896875
    outer loop
      vertex -26.95 29 -5.75314
      vertex -28.1349 26.5 -5.16882
      vertex -28.1349 29 -5.16882
    endloop
  endfacet
  facet normal 0.980793 0 -0.195053
    outer loop
      vertex -41.7559 26.5 -11.8859
      vertex -42.0136 29 -13.1817
      vertex -41.7559 29 -11.8859
    endloop
  endfacet
  facet normal 0.980793 0 -0.195053
    outer loop
      vertex -42.0136 29 -13.1817
      vertex -41.7559 26.5 -11.8859
      vertex -42.0136 26.5 -13.1817
    endloop
  endfacet
  facet normal 0.442284 0 -0.896875
    outer loop
      vertex -37.05 26.5 -5.75314
      vertex -35.8651 29 -5.16882
      vertex -35.8651 26.5 -5.16882
    endloop
  endfacet
  facet normal 0.442284 0 -0.896875
    outer loop
      vertex -35.8651 29 -5.16882
      vertex -37.05 26.5 -5.75314
      vertex -37.05 29 -5.75314
    endloop
  endfacet
  facet normal -0.94692 0 0.321468
    outer loop
      vertex -22.6688 26.5 -18.3651
      vertex -22.2441 29 -17.1141
      vertex -22.6688 29 -18.3651
    endloop
  endfacet
  facet normal -0.94692 0 0.321468
    outer loop
      vertex -22.2441 29 -17.1141
      vertex -22.6688 26.5 -18.3651
      vertex -22.2441 26.5 -17.1141
    endloop
  endfacet
  facet normal -0.980793 0 0.195053
    outer loop
      vertex -22.2441 26.5 -17.1141
      vertex -21.9864 29 -15.8183
      vertex -22.2441 29 -17.1141
    endloop
  endfacet
  facet normal -0.980793 0 0.195053
    outer loop
      vertex -21.9864 29 -15.8183
      vertex -22.2441 26.5 -17.1141
      vertex -21.9864 26.5 -15.8183
    endloop
  endfacet
  facet normal -0.75184 0 0.659346
    outer loop
      vertex -24.8582 26.5 -21.6418
      vertex -23.9871 29 -20.6485
      vertex -24.8582 29 -21.6418
    endloop
  endfacet
  facet normal -0.75184 0 0.659346
    outer loop
      vertex -23.9871 29 -20.6485
      vertex -24.8582 26.5 -21.6418
      vertex -23.9871 26.5 -20.6485
    endloop
  endfacet
  facet normal -0.555573 0 0.831468
    outer loop
      vertex -26.95 29 -23.2469
      vertex -25.8515 26.5 -22.5129
      vertex -25.8515 29 -22.5129
    endloop
  endfacet
  facet normal -0.555573 0 0.831468
    outer loop
      vertex -25.8515 26.5 -22.5129
      vertex -26.95 29 -23.2469
      vertex -26.95 26.5 -23.2469
    endloop
  endfacet
  facet normal 0.195053 0 0.980793
    outer loop
      vertex -34.6141 29 -24.2559
      vertex -33.3183 26.5 -24.5136
      vertex -33.3183 29 -24.5136
    endloop
  endfacet
  facet normal 0.195053 0 0.980793
    outer loop
      vertex -33.3183 26.5 -24.5136
      vertex -34.6141 29 -24.2559
      vertex -34.6141 26.5 -24.2559
    endloop
  endfacet
  facet normal 0.831468 -0 0.555573
    outer loop
      vertex -40.7469 26.5 -19.55
      vertex -40.0129 29 -20.6485
      vertex -40.7469 29 -19.55
    endloop
  endfacet
  facet normal 0.831468 0 0.555573
    outer loop
      vertex -40.0129 29 -20.6485
      vertex -40.7469 26.5 -19.55
      vertex -40.0129 26.5 -20.6485
    endloop
  endfacet
  facet normal 0.896881 -0 0.442272
    outer loop
      vertex -41.3312 26.5 -18.3651
      vertex -40.7469 29 -19.55
      vertex -41.3312 29 -18.3651
    endloop
  endfacet
  facet normal 0.896881 0 0.442272
    outer loop
      vertex -40.7469 29 -19.55
      vertex -41.3312 26.5 -18.3651
      vertex -40.7469 26.5 -19.55
    endloop
  endfacet
  facet normal 0.980793 -0 0.195053
    outer loop
      vertex -42.0136 26.5 -15.8183
      vertex -41.7559 29 -17.1141
      vertex -42.0136 29 -15.8183
    endloop
  endfacet
  facet normal 0.980793 0 0.195053
    outer loop
      vertex -41.7559 29 -17.1141
      vertex -42.0136 26.5 -15.8183
      vertex -41.7559 26.5 -17.1141
    endloop
  endfacet
  facet normal 0.997859 -0 0.0653986
    outer loop
      vertex -42.1 26.5 -14.5
      vertex -42.0136 29 -15.8183
      vertex -42.1 29 -14.5
    endloop
  endfacet
  facet normal 0.997859 0 0.0653986
    outer loop
      vertex -42.0136 29 -15.8183
      vertex -42.1 26.5 -14.5
      vertex -42.0136 26.5 -15.8183
    endloop
  endfacet
  facet normal -0.321468 0 0.94692
    outer loop
      vertex -29.3859 29 -24.2559
      vertex -28.1349 26.5 -23.8312
      vertex -28.1349 29 -23.8312
    endloop
  endfacet
  facet normal -0.321468 0 0.94692
    outer loop
      vertex -28.1349 26.5 -23.8312
      vertex -29.3859 29 -24.2559
      vertex -29.3859 26.5 -24.2559
    endloop
  endfacet
  facet normal -0.659346 0 0.75184
    outer loop
      vertex -25.8515 29 -22.5129
      vertex -24.8582 26.5 -21.6418
      vertex -24.8582 29 -21.6418
    endloop
  endfacet
  facet normal -0.659346 0 0.75184
    outer loop
      vertex -24.8582 26.5 -21.6418
      vertex -25.8515 29 -22.5129
      vertex -25.8515 26.5 -22.5129
    endloop
  endfacet
  facet normal 0.0653986 0 0.997859
    outer loop
      vertex -33.3183 29 -24.5136
      vertex -32 26.5 -24.6
      vertex -32 29 -24.6
    endloop
  endfacet
  facet normal 0.0653986 0 0.997859
    outer loop
      vertex -32 26.5 -24.6
      vertex -33.3183 29 -24.5136
      vertex -33.3183 26.5 -24.5136
    endloop
  endfacet
  facet normal 0.659378 0 0.751812
    outer loop
      vertex -38.1485 29 -22.5129
      vertex -38.7333 26.5 -22
      vertex -38.1485 25.75 -22.5129
    endloop
  endfacet
  facet normal 0.659346 1.34094e-05 0.75184
    outer loop
      vertex -39.1418 29 -21.6418
      vertex -38.7333 26.5 -22
      vertex -38.1485 29 -22.5129
    endloop
  endfacet
  facet normal 0.659299 0 0.751881
    outer loop
      vertex -38.7333 26.5 -22
      vertex -39.1418 29 -21.6418
      vertex -39.1418 26.5 -21.6418
    endloop
  endfacet
  facet normal 0.659378 0 0.751812
    outer loop
      vertex -38.1485 25.75 -22.5129
      vertex -38.7333 26.5 -22
      vertex -38.7333 25.75 -22
    endloop
  endfacet
  facet normal 0.321468 0 0.94692
    outer loop
      vertex -35.8651 29 -23.8312
      vertex -34.6141 26.5 -24.2559
      vertex -34.6141 29 -24.2559
    endloop
  endfacet
  facet normal 0.321468 0 0.94692
    outer loop
      vertex -34.6141 26.5 -24.2559
      vertex -35.8651 29 -23.8312
      vertex -35.8651 26.5 -23.8312
    endloop
  endfacet
  facet normal 0.442272 0 0.896881
    outer loop
      vertex -37.05 29 -23.2469
      vertex -35.8651 26.5 -23.8312
      vertex -35.8651 29 -23.8312
    endloop
  endfacet
  facet normal 0.442272 0 0.896881
    outer loop
      vertex -35.8651 26.5 -23.8312
      vertex -37.05 29 -23.2469
      vertex -37.05 26.5 -23.2469
    endloop
  endfacet
  facet normal 0.555619 0 0.831437
    outer loop
      vertex -37.05 29 -23.2469
      vertex -38.0728 26.5 -22.5634
      vertex -37.05 26.5 -23.2469
    endloop
  endfacet
  facet normal 0.555573 2.71126e-05 0.831468
    outer loop
      vertex -38.0728 26.5 -22.5634
      vertex -37.05 29 -23.2469
      vertex -38.1485 29 -22.5129
    endloop
  endfacet
  facet normal 0.555539 9.68749e-05 0.83149
    outer loop
      vertex -38.1485 25.75 -22.5129
      vertex -37.1716 25.8284 -23.1656
      vertex -37.565 26.1734 -22.9028
    endloop
  endfacet
  facet normal 0.555608 -3.98329e-05 0.831445
    outer loop
      vertex -38.1485 25.75 -22.5129
      vertex -37.565 26.1734 -22.9028
      vertex -38 26.4641 -22.6121
    endloop
  endfacet
  facet normal 0.555967 -0.000147773 0.831205
    outer loop
      vertex -38.1485 25.75 -22.5129
      vertex -38 26.4641 -22.6121
      vertex -38.0728 26.5 -22.5634
    endloop
  endfacet
  facet normal 0.555562 -0.000320895 0.831475
    outer loop
      vertex -37.1716 25.8284 -23.1656
      vertex -38.1485 25.75 -22.5129
      vertex -37.1028 25.75 -23.2116
    endloop
  endfacet
  facet normal 0.554954 -0 0.831881
    outer loop
      vertex -38.1485 25.75 -22.5129
      vertex -38.0728 26.5 -22.5634
      vertex -38.1485 29 -22.5129
    endloop
  endfacet
  facet normal -0.99786 0 -0.0653799
    outer loop
      vertex 21.6 26.5 2.5
      vertex 21.5179 29 3.75305
      vertex 21.6 29 2.5
    endloop
  endfacet
  facet normal -0.99786 -0 -0.0653799
    outer loop
      vertex 21.5179 29 3.75305
      vertex 21.6 26.5 2.5
      vertex 21.5179 26.5 3.75305
    endloop
  endfacet
  facet normal -0.980783 0 -0.195104
    outer loop
      vertex 21.5179 26.5 3.75305
      vertex 21.2729 29 4.98466
      vertex 21.5179 29 3.75305
    endloop
  endfacet
  facet normal -0.980783 -0 -0.195104
    outer loop
      vertex 21.2729 29 4.98466
      vertex 21.5179 26.5 3.75305
      vertex 21.2729 26.5 4.98466
    endloop
  endfacet
  facet normal 0.0653773 0 -0.997861
    outer loop
      vertex 10.7469 26.5 12.0179
      vertex 12 29 12.1
      vertex 12 26.5 12.1
    endloop
  endfacet
  facet normal 0.0653773 0 -0.997861
    outer loop
      vertex 12 29 12.1
      vertex 10.7469 26.5 12.0179
      vertex 10.7469 29 12.0179
    endloop
  endfacet
  facet normal -0.831489 0 0.555542
    outer loop
      vertex 19.6162 26.5 -3.34411
      vertex 20.3138 29 -2.3
      vertex 19.6162 29 -3.34411
    endloop
  endfacet
  facet normal -0.831489 0 0.555542
    outer loop
      vertex 20.3138 29 -2.3
      vertex 19.6162 26.5 -3.34411
      vertex 20.3138 26.5 -2.3
    endloop
  endfacet
  facet normal -0.555545 0 -0.831486
    outer loop
      vertex 16.8 26.5 10.8138
      vertex 17.8441 29 10.1162
      vertex 17.8441 26.5 10.1162
    endloop
  endfacet
  facet normal -0.555545 0 -0.831486
    outer loop
      vertex 17.8441 29 10.1162
      vertex 16.8 26.5 10.8138
      vertex 16.8 29 10.8138
    endloop
  endfacet
  facet normal 0.946929 0 -0.321443
    outer loop
      vertex 3.13076 26.5 6.17376
      vertex 2.72711 29 4.98466
      vertex 3.13076 29 6.17376
    endloop
  endfacet
  facet normal 0.946929 0 -0.321443
    outer loop
      vertex 2.72711 29 4.98466
      vertex 3.13076 26.5 6.17376
      vertex 2.72711 26.5 4.98466
    endloop
  endfacet
  facet normal 0.83147 0 -0.555569
    outer loop
      vertex 4.38381 26.5 8.34411
      vertex 3.68616 29 7.3
      vertex 4.38381 29 8.34411
    endloop
  endfacet
  facet normal 0.83147 0 -0.555569
    outer loop
      vertex 3.68616 29 7.3
      vertex 4.38381 26.5 8.34411
      vertex 3.68616 26.5 7.3
    endloop
  endfacet
  facet normal 0.195111 0 -0.980781
    outer loop
      vertex 9.51534 26.5 11.7729
      vertex 10.7469 29 12.0179
      vertex 10.7469 26.5 12.0179
    endloop
  endfacet
  facet normal 0.195111 0 -0.980781
    outer loop
      vertex 10.7469 29 12.0179
      vertex 9.51534 26.5 11.7729
      vertex 9.51534 29 11.7729
    endloop
  endfacet
  facet normal -0.896873 0 0.442289
    outer loop
      vertex 20.3138 26.5 -2.3
      vertex 20.8692 29 -1.17376
      vertex 20.3138 29 -2.3
    endloop
  endfacet
  facet normal -0.896873 0 0.442289
    outer loop
      vertex 20.8692 29 -1.17376
      vertex 20.3138 26.5 -2.3
      vertex 20.8692 26.5 -1.17376
    endloop
  endfacet
  facet normal -0.19509 0 0.980785
    outer loop
      vertex 13.2531 29 -7.01787
      vertex 14.4847 26.5 -6.77289
      vertex 14.4847 29 -6.77289
    endloop
  endfacet
  facet normal -0.19509 0 0.980785
    outer loop
      vertex 14.4847 26.5 -6.77289
      vertex 13.2531 29 -7.01787
      vertex 13.2531 26.5 -7.01787
    endloop
  endfacet
  facet normal -0.831489 0 -0.555542
    outer loop
      vertex 20.3138 26.5 7.3
      vertex 19.6162 29 8.34411
      vertex 20.3138 29 7.3
    endloop
  endfacet
  facet normal -0.831489 -0 -0.555542
    outer loop
      vertex 19.6162 29 8.34411
      vertex 20.3138 26.5 7.3
      vertex 19.6162 26.5 8.34411
    endloop
  endfacet
  facet normal -0.195105 0 -0.980782
    outer loop
      vertex 13.2531 26.5 12.0179
      vertex 14.4847 29 11.7729
      vertex 14.4847 26.5 11.7729
    endloop
  endfacet
  facet normal -0.195105 0 -0.980782
    outer loop
      vertex 14.4847 29 11.7729
      vertex 13.2531 26.5 12.0179
      vertex 13.2531 29 12.0179
    endloop
  endfacet
  facet normal -0.0653773 0 -0.997861
    outer loop
      vertex 12 26.5 12.1
      vertex 13.2531 29 12.0179
      vertex 13.2531 26.5 12.0179
    endloop
  endfacet
  facet normal -0.0653773 0 -0.997861
    outer loop
      vertex 13.2531 29 12.0179
      vertex 12 26.5 12.1
      vertex 12 29 12.1
    endloop
  endfacet
  facet normal 0.980786 0 -0.195088
    outer loop
      vertex 2.72711 26.5 4.98466
      vertex 2.48213 29 3.75305
      vertex 2.72711 29 4.98466
    endloop
  endfacet
  facet normal 0.980786 0 -0.195088
    outer loop
      vertex 2.48213 29 3.75305
      vertex 2.72711 26.5 4.98466
      vertex 2.48213 26.5 3.75305
    endloop
  endfacet
  facet normal 0.997859 0 -0.0654037
    outer loop
      vertex 2.48213 26.5 3.75305
      vertex 2.4 29 2.5
      vertex 2.48213 29 3.75305
    endloop
  endfacet
  facet normal 0.997859 0 -0.0654037
    outer loop
      vertex 2.4 29 2.5
      vertex 2.48213 26.5 3.75305
      vertex 2.4 26.5 2.5
    endloop
  endfacet
  facet normal 0.997859 -0 0.0654037
    outer loop
      vertex 2.4 26.5 2.5
      vertex 2.48213 29 1.24695
      vertex 2.4 29 2.5
    endloop
  endfacet
  facet normal 0.997859 0 0.0654037
    outer loop
      vertex 2.48213 29 1.24695
      vertex 2.4 26.5 2.5
      vertex 2.48213 26.5 1.24695
    endloop
  endfacet
  facet normal 0.555542 0 -0.831489
    outer loop
      vertex 6.15589 26.5 10.1162
      vertex 7.2 29 10.8138
      vertex 7.2 26.5 10.8138
    endloop
  endfacet
  facet normal 0.555542 0 -0.831489
    outer loop
      vertex 7.2 29 10.8138
      vertex 6.15589 26.5 10.1162
      vertex 6.15589 29 10.1162
    endloop
  endfacet
  facet normal 0.83147 -0 0.555569
    outer loop
      vertex 3.68616 26.5 -2.3
      vertex 4.38381 29 -3.34411
      vertex 3.68616 29 -2.3
    endloop
  endfacet
  facet normal 0.83147 0 0.555569
    outer loop
      vertex 4.38381 29 -3.34411
      vertex 3.68616 26.5 -2.3
      vertex 4.38381 26.5 -3.34411
    endloop
  endfacet
  facet normal 0.751841 -0 0.659345
    outer loop
      vertex 4.38381 26.5 -3.34411
      vertex 5.21177 29 -4.28822
      vertex 4.38381 29 -3.34411
    endloop
  endfacet
  facet normal 0.751841 0 0.659345
    outer loop
      vertex 5.21177 29 -4.28822
      vertex 4.38381 26.5 -3.34411
      vertex 5.21177 26.5 -4.28822
    endloop
  endfacet
  facet normal 0.980786 -0 0.195088
    outer loop
      vertex 2.48213 26.5 1.24695
      vertex 2.72711 29 0.015337
      vertex 2.48213 29 1.24695
    endloop
  endfacet
  facet normal 0.980786 0 0.195088
    outer loop
      vertex 2.72711 29 0.015337
      vertex 2.48213 26.5 1.24695
      vertex 2.72711 26.5 0.015337
    endloop
  endfacet
  facet normal -0.0654011 0 0.997859
    outer loop
      vertex 12 29 -7.1
      vertex 13.2531 26.5 -7.01787
      vertex 13.2531 29 -7.01787
    endloop
  endfacet
  facet normal -0.0654011 0 0.997859
    outer loop
      vertex 13.2531 26.5 -7.01787
      vertex 12 29 -7.1
      vertex 12 26.5 -7.1
    endloop
  endfacet
  facet normal -0.946917 0 -0.321479
    outer loop
      vertex 21.2729 26.5 4.98466
      vertex 20.8692 29 6.17376
      vertex 21.2729 29 4.98466
    endloop
  endfacet
  facet normal -0.946917 -0 -0.321479
    outer loop
      vertex 20.8692 29 6.17376
      vertex 21.2729 26.5 4.98466
      vertex 20.8692 26.5 6.17376
    endloop
  endfacet
  facet normal -0.896873 0 -0.442289
    outer loop
      vertex 20.8692 26.5 6.17376
      vertex 20.3138 29 7.3
      vertex 20.8692 29 6.17376
    endloop
  endfacet
  facet normal -0.896873 -0 -0.442289
    outer loop
      vertex 20.3138 29 7.3
      vertex 20.8692 26.5 6.17376
      vertex 20.3138 26.5 7.3
    endloop
  endfacet
  facet normal -0.751825 0 -0.659363
    outer loop
      vertex 19.6162 26.5 8.34411
      vertex 18.7882 29 9.28822
      vertex 19.6162 29 8.34411
    endloop
  endfacet
  facet normal -0.751825 -0 -0.659363
    outer loop
      vertex 18.7882 29 9.28822
      vertex 19.6162 26.5 8.34411
      vertex 18.7882 26.5 9.28822
    endloop
  endfacet
  facet normal -0.659358 0 -0.751829
    outer loop
      vertex 17.8441 26.5 10.1162
      vertex 18.7882 29 9.28822
      vertex 18.7882 26.5 9.28822
    endloop
  endfacet
  facet normal -0.659358 0 -0.751829
    outer loop
      vertex 18.7882 29 9.28822
      vertex 17.8441 26.5 10.1162
      vertex 17.8441 29 10.1162
    endloop
  endfacet
  facet normal -0.442301 0 -0.896867
    outer loop
      vertex 15.6738 26.5 11.3692
      vertex 16.8 29 10.8138
      vertex 16.8 26.5 10.8138
    endloop
  endfacet
  facet normal -0.442301 0 -0.896867
    outer loop
      vertex 16.8 29 10.8138
      vertex 15.6738 26.5 11.3692
      vertex 15.6738 29 11.3692
    endloop
  endfacet
  facet normal -0.321479 0 -0.946917
    outer loop
      vertex 14.4847 26.5 11.7729
      vertex 15.6738 29 11.3692
      vertex 15.6738 26.5 11.3692
    endloop
  endfacet
  facet normal -0.321479 0 -0.946917
    outer loop
      vertex 15.6738 29 11.3692
      vertex 14.4847 26.5 11.7729
      vertex 14.4847 29 11.7729
    endloop
  endfacet
  facet normal 0.896873 0 -0.442289
    outer loop
      vertex 3.68616 26.5 7.3
      vertex 3.13076 29 6.17376
      vertex 3.68616 29 7.3
    endloop
  endfacet
  facet normal 0.896873 0 -0.442289
    outer loop
      vertex 3.13076 29 6.17376
      vertex 3.68616 26.5 7.3
      vertex 3.13076 26.5 6.17376
    endloop
  endfacet
  facet normal 0.65935 0 -0.751836
    outer loop
      vertex 5.21177 26.5 9.28822
      vertex 6.15589 29 10.1162
      vertex 6.15589 26.5 10.1162
    endloop
  endfacet
  facet normal 0.65935 0 -0.751836
    outer loop
      vertex 6.15589 29 10.1162
      vertex 5.21177 26.5 9.28822
      vertex 5.21177 29 9.28822
    endloop
  endfacet
  facet normal 0.751841 0 -0.659345
    outer loop
      vertex 5.21177 26.5 9.28822
      vertex 4.38381 29 8.34411
      vertex 5.21177 29 9.28822
    endloop
  endfacet
  facet normal 0.751841 0 -0.659345
    outer loop
      vertex 4.38381 29 8.34411
      vertex 5.21177 26.5 9.28822
      vertex 4.38381 26.5 8.34411
    endloop
  endfacet
  facet normal 0.321479 0 -0.946917
    outer loop
      vertex 8.32624 26.5 11.3692
      vertex 9.51534 29 11.7729
      vertex 9.51534 26.5 11.7729
    endloop
  endfacet
  facet normal 0.321479 0 -0.946917
    outer loop
      vertex 9.51534 29 11.7729
      vertex 8.32624 26.5 11.3692
      vertex 8.32624 29 11.3692
    endloop
  endfacet
  facet normal 0.442289 0 -0.896873
    outer loop
      vertex 7.2 26.5 10.8138
      vertex 8.32624 29 11.3692
      vertex 8.32624 26.5 11.3692
    endloop
  endfacet
  facet normal 0.442289 0 -0.896873
    outer loop
      vertex 8.32624 29 11.3692
      vertex 7.2 26.5 10.8138
      vertex 7.2 29 10.8138
    endloop
  endfacet
  facet normal -0.751825 0 0.659363
    outer loop
      vertex 18.7882 26.5 -4.28822
      vertex 19.6162 29 -3.34411
      vertex 18.7882 29 -4.28822
    endloop
  endfacet
  facet normal -0.751825 0 0.659363
    outer loop
      vertex 19.6162 29 -3.34411
      vertex 18.7882 26.5 -4.28822
      vertex 19.6162 26.5 -3.34411
    endloop
  endfacet
  facet normal -0.555573 0 0.831468
    outer loop
      vertex 16.8 29 -5.81384
      vertex 17.8441 26.5 -5.11619
      vertex 17.8441 29 -5.11619
    endloop
  endfacet
  facet normal -0.555573 0 0.831468
    outer loop
      vertex 17.8441 26.5 -5.11619
      vertex 16.8 29 -5.81384
      vertex 16.8 26.5 -5.81384
    endloop
  endfacet
  facet normal -0.659353 0 0.751833
    outer loop
      vertex 17.8441 29 -5.11619
      vertex 18.7882 26.5 -4.28822
      vertex 18.7882 29 -4.28822
    endloop
  endfacet
  facet normal -0.659353 0 0.751833
    outer loop
      vertex 18.7882 26.5 -4.28822
      vertex 17.8441 29 -5.11619
      vertex 17.8441 26.5 -5.11619
    endloop
  endfacet
  facet normal -0.980783 0 0.195103
    outer loop
      vertex 21.2729 26.5 0.015337
      vertex 21.5179 29 1.24695
      vertex 21.2729 29 0.015337
    endloop
  endfacet
  facet normal -0.980783 0 0.195103
    outer loop
      vertex 21.5179 29 1.24695
      vertex 21.2729 26.5 0.015337
      vertex 21.5179 26.5 1.24695
    endloop
  endfacet
  facet normal -0.99786 0 0.0653799
    outer loop
      vertex 21.5179 26.5 1.24695
      vertex 21.6 29 2.5
      vertex 21.5179 29 1.24695
    endloop
  endfacet
  facet normal -0.99786 0 0.0653799
    outer loop
      vertex 21.6 29 2.5
      vertex 21.5179 26.5 1.24695
      vertex 21.6 26.5 2.5
    endloop
  endfacet
  facet normal 0.555569 0 0.83147
    outer loop
      vertex 6.15589 29 -5.11619
      vertex 7.2 26.5 -5.81384
      vertex 7.2 29 -5.81384
    endloop
  endfacet
  facet normal 0.555569 0 0.83147
    outer loop
      vertex 7.2 26.5 -5.81384
      vertex 6.15589 29 -5.11619
      vertex 6.15589 26.5 -5.11619
    endloop
  endfacet
  facet normal 0.659345 0 0.75184
    outer loop
      vertex 5.21177 29 -4.28822
      vertex 6.15589 26.5 -5.11619
      vertex 6.15589 29 -5.11619
    endloop
  endfacet
  facet normal 0.659345 0 0.75184
    outer loop
      vertex 6.15589 26.5 -5.11619
      vertex 5.21177 29 -4.28822
      vertex 5.21177 26.5 -4.28822
    endloop
  endfacet
  facet normal 0.946929 -0 0.321444
    outer loop
      vertex 2.72711 26.5 0.015337
      vertex 3.13076 29 -1.17376
      vertex 2.72711 29 0.015337
    endloop
  endfacet
  facet normal 0.946929 0 0.321444
    outer loop
      vertex 3.13076 29 -1.17376
      vertex 2.72711 26.5 0.015337
      vertex 3.13076 26.5 -1.17376
    endloop
  endfacet
  facet normal 0.896873 -0 0.442289
    outer loop
      vertex 3.13076 26.5 -1.17376
      vertex 3.68616 29 -2.3
      vertex 3.13076 29 -1.17376
    endloop
  endfacet
  facet normal 0.896873 0 0.442289
    outer loop
      vertex 3.68616 29 -2.3
      vertex 3.13076 26.5 -1.17376
      vertex 3.68616 26.5 -2.3
    endloop
  endfacet
  facet normal -0.321443 0 0.946929
    outer loop
      vertex 14.4847 29 -6.77289
      vertex 15.6738 26.5 -6.36924
      vertex 15.6738 29 -6.36924
    endloop
  endfacet
  facet normal -0.321443 0 0.946929
    outer loop
      vertex 15.6738 26.5 -6.36924
      vertex 14.4847 29 -6.77289
      vertex 14.4847 26.5 -6.77289
    endloop
  endfacet
  facet normal -0.442301 0 0.896867
    outer loop
      vertex 15.6738 29 -6.36924
      vertex 16.8 26.5 -5.81384
      vertex 16.8 29 -5.81384
    endloop
  endfacet
  facet normal -0.442301 0 0.896867
    outer loop
      vertex 16.8 26.5 -5.81384
      vertex 15.6738 29 -6.36924
      vertex 15.6738 26.5 -6.36924
    endloop
  endfacet
  facet normal -0.946917 0 0.321479
    outer loop
      vertex 20.8692 26.5 -1.17376
      vertex 21.2729 29 0.015337
      vertex 20.8692 29 -1.17376
    endloop
  endfacet
  facet normal -0.946917 0 0.321479
    outer loop
      vertex 21.2729 29 0.015337
      vertex 20.8692 26.5 -1.17376
      vertex 21.2729 26.5 0.015337
    endloop
  endfacet
  facet normal 0.195096 0 0.980784
    outer loop
      vertex 9.51534 29 -6.77289
      vertex 10.7469 26.5 -7.01787
      vertex 10.7469 29 -7.01787
    endloop
  endfacet
  facet normal 0.195096 0 0.980784
    outer loop
      vertex 10.7469 26.5 -7.01787
      vertex 9.51534 29 -6.77289
      vertex 9.51534 26.5 -6.77289
    endloop
  endfacet
  facet normal 0.0654011 0 0.997859
    outer loop
      vertex 10.7469 29 -7.01787
      vertex 12 26.5 -7.1
      vertex 12 29 -7.1
    endloop
  endfacet
  facet normal 0.0654011 0 0.997859
    outer loop
      vertex 12 26.5 -7.1
      vertex 10.7469 29 -7.01787
      vertex 10.7469 26.5 -7.01787
    endloop
  endfacet
  facet normal 0.442289 0 0.896873
    outer loop
      vertex 7.2 29 -5.81384
      vertex 8.32624 26.5 -6.36924
      vertex 8.32624 29 -6.36924
    endloop
  endfacet
  facet normal 0.442289 0 0.896873
    outer loop
      vertex 8.32624 26.5 -6.36924
      vertex 7.2 29 -5.81384
      vertex 7.2 26.5 -5.81384
    endloop
  endfacet
  facet normal 0.321443 0 0.946929
    outer loop
      vertex 8.32624 29 -6.36924
      vertex 9.51534 26.5 -6.77289
      vertex 9.51534 29 -6.77289
    endloop
  endfacet
  facet normal 0.321443 0 0.946929
    outer loop
      vertex 9.51534 26.5 -6.77289
      vertex 8.32624 29 -6.36924
      vertex 8.32624 26.5 -6.36924
    endloop
  endfacet
  facet normal -0.997859 0 -0.065404
    outer loop
      vertex -8.2 26.5 9.5
      vertex -8.23251 29 9.996
      vertex -8.2 29 9.5
    endloop
  endfacet
  facet normal -0.997859 -0 -0.065404
    outer loop
      vertex -8.23251 29 9.996
      vertex -8.2 26.5 9.5
      vertex -8.23251 26.5 9.996
    endloop
  endfacet
  facet normal -0.980785 0 -0.195091
    outer loop
      vertex -8.23251 26.5 9.996
      vertex -8.32948 29 10.4835
      vertex -8.23251 29 9.996
    endloop
  endfacet
  facet normal -0.980785 -0 -0.195091
    outer loop
      vertex -8.32948 29 10.4835
      vertex -8.23251 26.5 9.996
      vertex -8.32948 26.5 10.4835
    endloop
  endfacet
  facet normal 0.065384 0 -0.99786
    outer loop
      vertex -12.496 26.5 13.2675
      vertex -12 29 13.3
      vertex -12 26.5 13.3
    endloop
  endfacet
  facet normal 0.065384 0 -0.99786
    outer loop
      vertex -12 29 13.3
      vertex -12.496 26.5 13.2675
      vertex -12.496 29 13.2675
    endloop
  endfacet
  facet normal -0.659296 0 -0.751883
    outer loop
      vertex -9.68671 26.5 12.5147
      vertex -9.31299 29 12.187
      vertex -9.31299 26.5 12.187
    endloop
  endfacet
  facet normal -0.659296 0 -0.751883
    outer loop
      vertex -9.31299 29 12.187
      vertex -9.68671 26.5 12.5147
      vertex -9.68671 29 12.5147
    endloop
  endfacet
  facet normal 0.751866 0 -0.659316
    outer loop
      vertex -14.687 26.5 12.187
      vertex -15.0147 29 11.8133
      vertex -14.687 29 12.187
    endloop
  endfacet
  facet normal 0.751866 0 -0.659316
    outer loop
      vertex -15.0147 29 11.8133
      vertex -14.687 26.5 12.187
      vertex -15.0147 26.5 11.8133
    endloop
  endfacet
  facet normal 0.442217 0 -0.896908
    outer loop
      vertex -13.9 26.5 12.7909
      vertex -13.4542 29 13.0107
      vertex -13.4542 26.5 13.0107
    endloop
  endfacet
  facet normal 0.442217 0 -0.896908
    outer loop
      vertex -13.4542 29 13.0107
      vertex -13.9 26.5 12.7909
      vertex -13.9 29 12.7909
    endloop
  endfacet
  facet normal -0.195091 0 0.980785
    outer loop
      vertex -11.504 29 5.73251
      vertex -11.0165 26.5 5.82948
      vertex -11.0165 29 5.82948
    endloop
  endfacet
  facet normal -0.195091 0 0.980785
    outer loop
      vertex -11.0165 26.5 5.82948
      vertex -11.504 29 5.73251
      vertex -11.504 26.5 5.73251
    endloop
  endfacet
  facet normal -0.896876 0 -0.442282
    outer loop
      vertex -8.48926 26.5 10.9542
      vertex -8.7091 29 11.4
      vertex -8.48926 29 10.9542
    endloop
  endfacet
  facet normal -0.896876 -0 -0.442282
    outer loop
      vertex -8.7091 29 11.4
      vertex -8.48926 26.5 10.9542
      vertex -8.7091 26.5 11.4
    endloop
  endfacet
  facet normal -0.321474 0 -0.946919
    outer loop
      vertex -11.0165 26.5 13.1705
      vertex -10.5458 29 13.0107
      vertex -10.5458 26.5 13.0107
    endloop
  endfacet
  facet normal -0.321474 0 -0.946919
    outer loop
      vertex -10.5458 29 13.0107
      vertex -11.0165 26.5 13.1705
      vertex -11.0165 29 13.1705
    endloop
  endfacet
  facet normal 0.831431 0 -0.555628
    outer loop
      vertex -15.0147 26.5 11.8133
      vertex -15.2909 29 11.4
      vertex -15.0147 29 11.8133
    endloop
  endfacet
  facet normal 0.831431 0 -0.555628
    outer loop
      vertex -15.2909 29 11.4
      vertex -15.0147 26.5 11.8133
      vertex -15.2909 26.5 11.4
    endloop
  endfacet
  facet normal 0.659316 0 -0.751866
    outer loop
      vertex -14.687 26.5 12.187
      vertex -14.3133 29 12.5147
      vertex -14.3133 26.5 12.5147
    endloop
  endfacet
  facet normal 0.659316 0 -0.751866
    outer loop
      vertex -14.3133 29 12.5147
      vertex -14.687 26.5 12.187
      vertex -14.687 29 12.187
    endloop
  endfacet
  facet normal 0.321474 0 -0.946919
    outer loop
      vertex -13.4542 26.5 13.0107
      vertex -12.9835 29 13.1705
      vertex -12.9835 26.5 13.1705
    endloop
  endfacet
  facet normal 0.321474 0 -0.946919
    outer loop
      vertex -12.9835 29 13.1705
      vertex -13.4542 26.5 13.0107
      vertex -13.4542 29 13.0107
    endloop
  endfacet
  facet normal -0.831462 0 0.555582
    outer loop
      vertex -8.98526 26.5 7.18671
      vertex -8.7091 29 7.6
      vertex -8.98526 29 7.18671
    endloop
  endfacet
  facet normal -0.831462 0 0.555582
    outer loop
      vertex -8.7091 29 7.6
      vertex -8.98526 26.5 7.18671
      vertex -8.7091 26.5 7.6
    endloop
  endfacet
  facet normal 0.65935 0 0.751836
    outer loop
      vertex -14.687 29 6.81299
      vertex -14.3133 26.5 6.48526
      vertex -14.3133 29 6.48526
    endloop
  endfacet
  facet normal 0.65935 0 0.751836
    outer loop
      vertex -14.3133 26.5 6.48526
      vertex -14.687 29 6.81299
      vertex -14.687 26.5 6.81299
    endloop
  endfacet
  facet normal -0.946931 0 -0.321437
    outer loop
      vertex -8.32948 26.5 10.4835
      vertex -8.48926 29 10.9542
      vertex -8.32948 29 10.4835
    endloop
  endfacet
  facet normal -0.946931 -0 -0.321437
    outer loop
      vertex -8.48926 29 10.9542
      vertex -8.32948 26.5 10.4835
      vertex -8.48926 26.5 10.9542
    endloop
  endfacet
  facet normal -0.195149 0 -0.980774
    outer loop
      vertex -11.504 26.5 13.2675
      vertex -11.0165 29 13.1705
      vertex -11.0165 26.5 13.1705
    endloop
  endfacet
  facet normal -0.195149 0 -0.980774
    outer loop
      vertex -11.0165 29 13.1705
      vertex -11.504 26.5 13.2675
      vertex -11.504 29 13.2675
    endloop
  endfacet
  facet normal -0.555638 0 -0.831425
    outer loop
      vertex -10.1 26.5 12.7909
      vertex -9.68671 29 12.5147
      vertex -9.68671 26.5 12.5147
    endloop
  endfacet
  facet normal -0.555638 0 -0.831425
    outer loop
      vertex -9.68671 29 12.5147
      vertex -10.1 26.5 12.7909
      vertex -10.1 29 12.7909
    endloop
  endfacet
  facet normal 0.980774 0 -0.195149
    outer loop
      vertex -15.6705 26.5 10.4835
      vertex -15.7675 29 9.996
      vertex -15.6705 29 10.4835
    endloop
  endfacet
  facet normal 0.980774 0 -0.195149
    outer loop
      vertex -15.7675 29 9.996
      vertex -15.6705 26.5 10.4835
      vertex -15.7675 26.5 9.996
    endloop
  endfacet
  facet normal 0.946919 0 -0.321474
    outer loop
      vertex -15.5107 26.5 10.9542
      vertex -15.6705 29 10.4835
      vertex -15.5107 29 10.9542
    endloop
  endfacet
  facet normal 0.946919 0 -0.321474
    outer loop
      vertex -15.6705 29 10.4835
      vertex -15.5107 26.5 10.9542
      vertex -15.6705 26.5 10.4835
    endloop
  endfacet
  facet normal 0.896908 0 -0.442217
    outer loop
      vertex -15.2909 26.5 11.4
      vertex -15.5107 29 10.9542
      vertex -15.2909 29 11.4
    endloop
  endfacet
  facet normal 0.896908 0 -0.442217
    outer loop
      vertex -15.5107 29 10.9542
      vertex -15.2909 26.5 11.4
      vertex -15.5107 26.5 10.9542
    endloop
  endfacet
  facet normal 0.195149 0 -0.980774
    outer loop
      vertex -12.9835 26.5 13.1705
      vertex -12.496 29 13.2675
      vertex -12.496 26.5 13.2675
    endloop
  endfacet
  facet normal 0.195149 0 -0.980774
    outer loop
      vertex -12.496 29 13.2675
      vertex -12.9835 26.5 13.1705
      vertex -12.9835 29 13.1705
    endloop
  endfacet
  facet normal -0.442282 0 0.896876
    outer loop
      vertex -10.5458 29 5.98926
      vertex -10.1 26.5 6.2091
      vertex -10.1 29 6.2091
    endloop
  endfacet
  facet normal -0.442282 0 0.896876
    outer loop
      vertex -10.1 26.5 6.2091
      vertex -10.5458 29 5.98926
      vertex -10.5458 26.5 5.98926
    endloop
  endfacet
  facet normal -0.751853 0 0.65933
    outer loop
      vertex -9.31299 26.5 6.81299
      vertex -8.98526 29 7.18671
      vertex -9.31299 29 6.81299
    endloop
  endfacet
  facet normal -0.751853 0 0.65933
    outer loop
      vertex -8.98526 29 7.18671
      vertex -9.31299 26.5 6.81299
      vertex -8.98526 26.5 7.18671
    endloop
  endfacet
  facet normal -0.896876 0 0.442282
    outer loop
      vertex -8.7091 26.5 7.6
      vertex -8.48926 29 8.0458
      vertex -8.7091 29 7.6
    endloop
  endfacet
  facet normal -0.896876 0 0.442282
    outer loop
      vertex -8.48926 29 8.0458
      vertex -8.7091 26.5 7.6
      vertex -8.48926 26.5 8.0458
    endloop
  endfacet
  facet normal -0.980786 0 0.195087
    outer loop
      vertex -8.32948 26.5 8.51649
      vertex -8.23251 29 9.004
      vertex -8.32948 29 8.51649
    endloop
  endfacet
  facet normal -0.980786 0 0.195087
    outer loop
      vertex -8.23251 29 9.004
      vertex -8.32948 26.5 8.51649
      vertex -8.23251 26.5 9.004
    endloop
  endfacet
  facet normal -0.997859 0 0.065404
    outer loop
      vertex -8.23251 26.5 9.004
      vertex -8.2 29 9.5
      vertex -8.23251 29 9.004
    endloop
  endfacet
  facet normal -0.997859 0 0.065404
    outer loop
      vertex -8.2 29 9.5
      vertex -8.23251 26.5 9.004
      vertex -8.2 26.5 9.5
    endloop
  endfacet
  facet normal 0.195091 0 0.980785
    outer loop
      vertex -12.9835 29 5.82948
      vertex -12.496 26.5 5.73251
      vertex -12.496 29 5.73251
    endloop
  endfacet
  facet normal 0.195091 0 0.980785
    outer loop
      vertex -12.496 26.5 5.73251
      vertex -12.9835 29 5.82948
      vertex -12.9835 26.5 5.82948
    endloop
  endfacet
  facet normal 0.555573 0 0.831468
    outer loop
      vertex -14.3133 29 6.48526
      vertex -13.9 26.5 6.2091
      vertex -13.9 29 6.2091
    endloop
  endfacet
  facet normal 0.555573 0 0.831468
    outer loop
      vertex -13.9 26.5 6.2091
      vertex -14.3133 29 6.48526
      vertex -14.3133 26.5 6.48526
    endloop
  endfacet
  facet normal 0.831425 -0 0.555638
    outer loop
      vertex -15.2909 26.5 7.6
      vertex -15.0147 29 7.18671
      vertex -15.2909 29 7.6
    endloop
  endfacet
  facet normal 0.831425 0 0.555638
    outer loop
      vertex -15.0147 29 7.18671
      vertex -15.2909 26.5 7.6
      vertex -15.0147 26.5 7.18671
    endloop
  endfacet
  facet normal 0.896908 -0 0.442217
    outer loop
      vertex -15.5107 26.5 8.0458
      vertex -15.2909 29 7.6
      vertex -15.5107 29 8.0458
    endloop
  endfacet
  facet normal 0.896908 0 0.442217
    outer loop
      vertex -15.2909 29 7.6
      vertex -15.5107 26.5 8.0458
      vertex -15.2909 26.5 7.6
    endloop
  endfacet
  facet normal 0.980774 -0 0.195145
    outer loop
      vertex -15.7675 26.5 9.004
      vertex -15.6705 29 8.51649
      vertex -15.7675 29 9.004
    endloop
  endfacet
  facet normal 0.980774 0 0.195145
    outer loop
      vertex -15.6705 29 8.51649
      vertex -15.7675 26.5 9.004
      vertex -15.6705 26.5 8.51649
    endloop
  endfacet
  facet normal -0.831468 0 -0.555573
    outer loop
      vertex -8.7091 26.5 11.4
      vertex -8.98526 29 11.8133
      vertex -8.7091 29 11.4
    endloop
  endfacet
  facet normal -0.831468 -0 -0.555573
    outer loop
      vertex -8.98526 29 11.8133
      vertex -8.7091 26.5 11.4
      vertex -8.98526 26.5 11.8133
    endloop
  endfacet
  facet normal -0.751836 0 -0.65935
    outer loop
      vertex -8.98526 26.5 11.8133
      vertex -9.31299 29 12.187
      vertex -8.98526 29 11.8133
    endloop
  endfacet
  facet normal -0.751836 -0 -0.65935
    outer loop
      vertex -9.31299 29 12.187
      vertex -8.98526 26.5 11.8133
      vertex -9.31299 26.5 12.187
    endloop
  endfacet
  facet normal -0.065384 0 -0.99786
    outer loop
      vertex -12 26.5 13.3
      vertex -11.504 29 13.2675
      vertex -11.504 26.5 13.2675
    endloop
  endfacet
  facet normal -0.065384 0 -0.99786
    outer loop
      vertex -11.504 29 13.2675
      vertex -12 26.5 13.3
      vertex -12 29 13.3
    endloop
  endfacet
  facet normal -0.442217 0 -0.896908
    outer loop
      vertex -10.5458 26.5 13.0107
      vertex -10.1 29 12.7909
      vertex -10.1 26.5 12.7909
    endloop
  endfacet
  facet normal -0.442217 0 -0.896908
    outer loop
      vertex -10.1 29 12.7909
      vertex -10.5458 26.5 13.0107
      vertex -10.5458 29 13.0107
    endloop
  endfacet
  facet normal 0.99786 0 -0.065384
    outer loop
      vertex -15.7675 26.5 9.996
      vertex -15.8 29 9.5
      vertex -15.7675 29 9.996
    endloop
  endfacet
  facet normal 0.99786 0 -0.065384
    outer loop
      vertex -15.8 29 9.5
      vertex -15.7675 26.5 9.996
      vertex -15.8 26.5 9.5
    endloop
  endfacet
  facet normal 0.99786 -0 0.065384
    outer loop
      vertex -15.8 26.5 9.5
      vertex -15.7675 29 9.004
      vertex -15.8 29 9.5
    endloop
  endfacet
  facet normal 0.99786 0 0.065384
    outer loop
      vertex -15.7675 29 9.004
      vertex -15.8 26.5 9.5
      vertex -15.7675 26.5 9.004
    endloop
  endfacet
  facet normal 0.555628 0 -0.831431
    outer loop
      vertex -14.3133 26.5 12.5147
      vertex -13.9 29 12.7909
      vertex -13.9 26.5 12.7909
    endloop
  endfacet
  facet normal 0.555628 0 -0.831431
    outer loop
      vertex -13.9 29 12.7909
      vertex -14.3133 26.5 12.5147
      vertex -14.3133 29 12.5147
    endloop
  endfacet
  facet normal -0.321437 0 0.946931
    outer loop
      vertex -11.0165 29 5.82948
      vertex -10.5458 26.5 5.98926
      vertex -10.5458 29 5.98926
    endloop
  endfacet
  facet normal -0.321437 0 0.946931
    outer loop
      vertex -10.5458 26.5 5.98926
      vertex -11.0165 29 5.82948
      vertex -11.0165 26.5 5.82948
    endloop
  endfacet
  facet normal -0.555582 0 0.831462
    outer loop
      vertex -10.1 29 6.2091
      vertex -9.68671 26.5 6.48526
      vertex -9.68671 29 6.48526
    endloop
  endfacet
  facet normal -0.555582 0 0.831462
    outer loop
      vertex -9.68671 26.5 6.48526
      vertex -10.1 29 6.2091
      vertex -10.1 26.5 6.2091
    endloop
  endfacet
  facet normal -0.65933 0 0.751853
    outer loop
      vertex -9.68671 29 6.48526
      vertex -9.31299 26.5 6.81299
      vertex -9.31299 29 6.81299
    endloop
  endfacet
  facet normal -0.65933 0 0.751853
    outer loop
      vertex -9.31299 26.5 6.81299
      vertex -9.68671 29 6.48526
      vertex -9.68671 26.5 6.48526
    endloop
  endfacet
  facet normal -0.946929 0 0.321444
    outer loop
      vertex -8.48926 26.5 8.0458
      vertex -8.32948 29 8.51649
      vertex -8.48926 29 8.0458
    endloop
  endfacet
  facet normal -0.946929 0 0.321444
    outer loop
      vertex -8.32948 29 8.51649
      vertex -8.48926 26.5 8.0458
      vertex -8.32948 26.5 8.51649
    endloop
  endfacet
  facet normal 0.442282 0 0.896876
    outer loop
      vertex -13.9 29 6.2091
      vertex -13.4542 26.5 5.98926
      vertex -13.4542 29 5.98926
    endloop
  endfacet
  facet normal 0.442282 0 0.896876
    outer loop
      vertex -13.4542 26.5 5.98926
      vertex -13.9 29 6.2091
      vertex -13.9 26.5 6.2091
    endloop
  endfacet
  facet normal 0.321437 0 0.946931
    outer loop
      vertex -13.4542 29 5.98926
      vertex -12.9835 26.5 5.82948
      vertex -12.9835 29 5.82948
    endloop
  endfacet
  facet normal 0.321437 0 0.946931
    outer loop
      vertex -12.9835 26.5 5.82948
      vertex -13.4542 29 5.98926
      vertex -13.4542 26.5 5.98926
    endloop
  endfacet
  facet normal 0.065404 0 0.997859
    outer loop
      vertex -12.496 29 5.73251
      vertex -12 26.5 5.7
      vertex -12 29 5.7
    endloop
  endfacet
  facet normal 0.065404 0 0.997859
    outer loop
      vertex -12 26.5 5.7
      vertex -12.496 29 5.73251
      vertex -12.496 26.5 5.73251
    endloop
  endfacet
  facet normal -0.065404 0 0.997859
    outer loop
      vertex -12 29 5.7
      vertex -11.504 26.5 5.73251
      vertex -11.504 29 5.73251
    endloop
  endfacet
  facet normal -0.065404 0 0.997859
    outer loop
      vertex -11.504 26.5 5.73251
      vertex -12 29 5.7
      vertex -12 26.5 5.7
    endloop
  endfacet
  facet normal 0.751883 -0 0.659296
    outer loop
      vertex -15.0147 26.5 7.18671
      vertex -14.687 29 6.81299
      vertex -15.0147 29 7.18671
    endloop
  endfacet
  facet normal 0.751883 0 0.659296
    outer loop
      vertex -14.687 29 6.81299
      vertex -15.0147 26.5 7.18671
      vertex -14.687 26.5 6.81299
    endloop
  endfacet
  facet normal 0.946916 -0 0.32148
    outer loop
      vertex -15.6705 26.5 8.51649
      vertex -15.5107 29 8.0458
      vertex -15.6705 29 8.51649
    endloop
  endfacet
  facet normal 0.946916 0 0.32148
    outer loop
      vertex -15.5107 29 8.0458
      vertex -15.6705 26.5 8.51649
      vertex -15.5107 26.5 8.0458
    endloop
  endfacet
  facet normal -0.997868 0 -0.0652701
    outer loop
      vertex 30.6 26.5 15.5
      vertex 30.5778 29 15.8394
      vertex 30.6 29 15.5
    endloop
  endfacet
  facet normal -0.997868 -0 -0.0652701
    outer loop
      vertex 30.5778 29 15.8394
      vertex 30.6 26.5 15.5
      vertex 30.5778 26.5 15.8394
    endloop
  endfacet
  facet normal -0.98075 0 -0.195268
    outer loop
      vertex 30.5778 26.5 15.8394
      vertex 30.5114 29 16.1729
      vertex 30.5778 29 15.8394
    endloop
  endfacet
  facet normal -0.98075 -0 -0.195268
    outer loop
      vertex 30.5114 29 16.1729
      vertex 30.5778 26.5 15.8394
      vertex 30.5114 26.5 16.1729
    endloop
  endfacet
  facet normal 0.0652701 0 -0.997868
    outer loop
      vertex 27.6606 26.5 18.0778
      vertex 28 29 18.1
      vertex 28 26.5 18.1
    endloop
  endfacet
  facet normal 0.0652701 0 -0.997868
    outer loop
      vertex 28 29 18.1
      vertex 27.6606 26.5 18.0778
      vertex 27.6606 29 18.0778
    endloop
  endfacet
  facet normal -0.659275 0 -0.751902
    outer loop
      vertex 29.5828 26.5 17.5627
      vertex 29.8385 29 17.3385
      vertex 29.8385 26.5 17.3385
    endloop
  endfacet
  facet normal -0.659275 0 -0.751902
    outer loop
      vertex 29.8385 29 17.3385
      vertex 29.5828 26.5 17.5627
      vertex 29.5828 29 17.5627
    endloop
  endfacet
  facet normal -0.321339 0 -0.946964
    outer loop
      vertex 28.6729 26.5 18.0114
      vertex 28.995 29 17.9021
      vertex 28.995 26.5 17.9021
    endloop
  endfacet
  facet normal -0.321339 0 -0.946964
    outer loop
      vertex 28.995 29 17.9021
      vertex 28.6729 26.5 18.0114
      vertex 28.6729 29 18.0114
    endloop
  endfacet
  facet normal -0.442267 0 -0.896884
    outer loop
      vertex 28.995 26.5 17.9021
      vertex 29.3 29 17.7517
      vertex 29.3 26.5 17.7517
    endloop
  endfacet
  facet normal -0.442267 0 -0.896884
    outer loop
      vertex 29.3 29 17.7517
      vertex 28.995 26.5 17.9021
      vertex 28.995 29 17.9021
    endloop
  endfacet
  facet normal 0.946964 0 -0.321339
    outer loop
      vertex 25.5979 26.5 16.495
      vertex 25.4886 29 16.1729
      vertex 25.5979 29 16.495
    endloop
  endfacet
  facet normal 0.946964 0 -0.321339
    outer loop
      vertex 25.4886 29 16.1729
      vertex 25.5979 26.5 16.495
      vertex 25.4886 26.5 16.1729
    endloop
  endfacet
  facet normal 0.831417 0 -0.55565
    outer loop
      vertex 25.9373 26.5 17.0828
      vertex 25.7483 29 16.8
      vertex 25.9373 29 17.0828
    endloop
  endfacet
  facet normal 0.831417 0 -0.55565
    outer loop
      vertex 25.7483 29 16.8
      vertex 25.9373 26.5 17.0828
      vertex 25.7483 26.5 16.8
    endloop
  endfacet
  facet normal 0.195268 0 -0.98075
    outer loop
      vertex 27.3271 26.5 18.0114
      vertex 27.6606 29 18.0778
      vertex 27.6606 26.5 18.0778
    endloop
  endfacet
  facet normal 0.195268 0 -0.98075
    outer loop
      vertex 27.6606 29 18.0778
      vertex 27.3271 26.5 18.0114
      vertex 27.3271 29 18.0114
    endloop
  endfacet
  facet normal -0.946964 0 0.321339
    outer loop
      vertex 30.4021 26.5 14.505
      vertex 30.5114 29 14.8271
      vertex 30.4021 29 14.505
    endloop
  endfacet
  facet normal -0.946964 0 0.321339
    outer loop
      vertex 30.5114 29 14.8271
      vertex 30.4021 26.5 14.505
      vertex 30.5114 26.5 14.8271
    endloop
  endfacet
  facet normal -0.195268 0 0.98075
    outer loop
      vertex 28.3394 29 12.9222
      vertex 28.6729 26.5 12.9886
      vertex 28.6729 29 12.9886
    endloop
  endfacet
  facet normal -0.195268 0 0.98075
    outer loop
      vertex 28.6729 26.5 12.9886
      vertex 28.3394 29 12.9222
      vertex 28.3394 26.5 12.9222
    endloop
  endfacet
  facet normal -0.831417 0 -0.55565
    outer loop
      vertex 30.2517 26.5 16.8
      vertex 30.0627 29 17.0828
      vertex 30.2517 29 16.8
    endloop
  endfacet
  facet normal -0.831417 -0 -0.55565
    outer loop
      vertex 30.0627 29 17.0828
      vertex 30.2517 26.5 16.8
      vertex 30.0627 26.5 17.0828
    endloop
  endfacet
  facet normal -0.195268 0 -0.98075
    outer loop
      vertex 28.3394 26.5 18.0778
      vertex 28.6729 29 18.0114
      vertex 28.6729 26.5 18.0114
    endloop
  endfacet
  facet normal -0.195268 0 -0.98075
    outer loop
      vertex 28.6729 29 18.0114
      vertex 28.3394 26.5 18.0778
      vertex 28.3394 29 18.0778
    endloop
  endfacet
  facet normal -0.0652701 0 -0.997868
    outer loop
      vertex 28 26.5 18.1
      vertex 28.3394 29 18.0778
      vertex 28.3394 26.5 18.0778
    endloop
  endfacet
  facet normal -0.0652701 0 -0.997868
    outer loop
      vertex 28.3394 29 18.0778
      vertex 28 26.5 18.1
      vertex 28 29 18.1
    endloop
  endfacet
  facet normal -0.55565 0 -0.831417
    outer loop
      vertex 29.3 26.5 17.7517
      vertex 29.5828 29 17.5627
      vertex 29.5828 26.5 17.5627
    endloop
  endfacet
  facet normal -0.55565 0 -0.831417
    outer loop
      vertex 29.5828 29 17.5627
      vertex 29.3 26.5 17.7517
      vertex 29.3 29 17.7517
    endloop
  endfacet
  facet normal 0.896884 0 -0.442267
    outer loop
      vertex 25.7483 26.5 16.8
      vertex 25.5979 29 16.495
      vertex 25.7483 29 16.8
    endloop
  endfacet
  facet normal 0.896884 0 -0.442267
    outer loop
      vertex 25.5979 29 16.495
      vertex 25.7483 26.5 16.8
      vertex 25.5979 26.5 16.495
    endloop
  endfacet
  facet normal 0.98075 0 -0.195268
    outer loop
      vertex 25.4886 26.5 16.1729
      vertex 25.4222 29 15.8394
      vertex 25.4886 29 16.1729
    endloop
  endfacet
  facet normal 0.98075 0 -0.195268
    outer loop
      vertex 25.4222 29 15.8394
      vertex 25.4886 26.5 16.1729
      vertex 25.4222 26.5 15.8394
    endloop
  endfacet
  facet normal 0.997868 0 -0.0652701
    outer loop
      vertex 25.4222 26.5 15.8394
      vertex 25.4 29 15.5
      vertex 25.4222 29 15.8394
    endloop
  endfacet
  facet normal 0.997868 0 -0.0652701
    outer loop
      vertex 25.4 29 15.5
      vertex 25.4222 26.5 15.8394
      vertex 25.4 26.5 15.5
    endloop
  endfacet
  facet normal 0.997868 -0 0.0652701
    outer loop
      vertex 25.4 26.5 15.5
      vertex 25.4222 29 15.1606
      vertex 25.4 29 15.5
    endloop
  endfacet
  facet normal 0.997868 0 0.0652701
    outer loop
      vertex 25.4222 29 15.1606
      vertex 25.4 26.5 15.5
      vertex 25.4222 26.5 15.1606
    endloop
  endfacet
  facet normal 0.55565 0 -0.831417
    outer loop
      vertex 26.4172 26.5 17.5627
      vertex 26.7 29 17.7517
      vertex 26.7 26.5 17.7517
    endloop
  endfacet
  facet normal 0.55565 0 -0.831417
    outer loop
      vertex 26.7 29 17.7517
      vertex 26.4172 26.5 17.5627
      vertex 26.4172 29 17.5627
    endloop
  endfacet
  facet normal 0.831417 -0 0.55565
    outer loop
      vertex 25.7483 26.5 14.2
      vertex 25.9373 29 13.9172
      vertex 25.7483 29 14.2
    endloop
  endfacet
  facet normal 0.831417 0 0.55565
    outer loop
      vertex 25.9373 29 13.9172
      vertex 25.7483 26.5 14.2
      vertex 25.9373 26.5 13.9172
    endloop
  endfacet
  facet normal 0.751902 -0 0.659275
    outer loop
      vertex 25.9373 26.5 13.9172
      vertex 26.1615 29 13.6615
      vertex 25.9373 29 13.9172
    endloop
  endfacet
  facet normal 0.751902 0 0.659275
    outer loop
      vertex 26.1615 29 13.6615
      vertex 25.9373 26.5 13.9172
      vertex 26.1615 26.5 13.6615
    endloop
  endfacet
  facet normal 0.98075 -0 0.195268
    outer loop
      vertex 25.4222 26.5 15.1606
      vertex 25.4886 29 14.8271
      vertex 25.4222 29 15.1606
    endloop
  endfacet
  facet normal 0.98075 0 0.195268
    outer loop
      vertex 25.4886 29 14.8271
      vertex 25.4222 26.5 15.1606
      vertex 25.4886 26.5 14.8271
    endloop
  endfacet
  facet normal -0.0652701 0 0.997868
    outer loop
      vertex 28 29 12.9
      vertex 28.3394 26.5 12.9222
      vertex 28.3394 29 12.9222
    endloop
  endfacet
  facet normal -0.0652701 0 0.997868
    outer loop
      vertex 28.3394 26.5 12.9222
      vertex 28 29 12.9
      vertex 28 26.5 12.9
    endloop
  endfacet
  facet normal -0.946964 0 -0.321339
    outer loop
      vertex 30.5114 26.5 16.1729
      vertex 30.4021 29 16.495
      vertex 30.5114 29 16.1729
    endloop
  endfacet
  facet normal -0.946964 -0 -0.321339
    outer loop
      vertex 30.4021 29 16.495
      vertex 30.5114 26.5 16.1729
      vertex 30.4021 26.5 16.495
    endloop
  endfacet
  facet normal -0.896884 0 -0.442267
    outer loop
      vertex 30.4021 26.5 16.495
      vertex 30.2517 29 16.8
      vertex 30.4021 29 16.495
    endloop
  endfacet
  facet normal -0.896884 -0 -0.442267
    outer loop
      vertex 30.2517 29 16.8
      vertex 30.4021 26.5 16.495
      vertex 30.2517 26.5 16.8
    endloop
  endfacet
  facet normal -0.751902 0 -0.659275
    outer loop
      vertex 30.0627 26.5 17.0828
      vertex 29.8385 29 17.3385
      vertex 30.0627 29 17.0828
    endloop
  endfacet
  facet normal -0.751902 -0 -0.659275
    outer loop
      vertex 29.8385 29 17.3385
      vertex 30.0627 26.5 17.0828
      vertex 29.8385 26.5 17.3385
    endloop
  endfacet
  facet normal 0.659275 0 -0.751902
    outer loop
      vertex 26.1615 26.5 17.3385
      vertex 26.4172 29 17.5627
      vertex 26.4172 26.5 17.5627
    endloop
  endfacet
  facet normal 0.659275 0 -0.751902
    outer loop
      vertex 26.4172 29 17.5627
      vertex 26.1615 26.5 17.3385
      vertex 26.1615 29 17.3385
    endloop
  endfacet
  facet normal 0.751902 0 -0.659275
    outer loop
      vertex 26.1615 26.5 17.3385
      vertex 25.9373 29 17.0828
      vertex 26.1615 29 17.3385
    endloop
  endfacet
  facet normal 0.751902 0 -0.659275
    outer loop
      vertex 25.9373 29 17.0828
      vertex 26.1615 26.5 17.3385
      vertex 25.9373 26.5 17.0828
    endloop
  endfacet
  facet normal 0.321339 0 -0.946964
    outer loop
      vertex 27.005 26.5 17.9021
      vertex 27.3271 29 18.0114
      vertex 27.3271 26.5 18.0114
    endloop
  endfacet
  facet normal 0.321339 0 -0.946964
    outer loop
      vertex 27.3271 29 18.0114
      vertex 27.005 26.5 17.9021
      vertex 27.005 29 17.9021
    endloop
  endfacet
  facet normal 0.442267 0 -0.896884
    outer loop
      vertex 26.7 26.5 17.7517
      vertex 27.005 29 17.9021
      vertex 27.005 26.5 17.9021
    endloop
  endfacet
  facet normal 0.442267 0 -0.896884
    outer loop
      vertex 27.005 29 17.9021
      vertex 26.7 26.5 17.7517
      vertex 26.7 29 17.7517
    endloop
  endfacet
  facet normal -0.751902 0 0.659275
    outer loop
      vertex 29.8385 26.5 13.6615
      vertex 30.0627 29 13.9172
      vertex 29.8385 29 13.6615
    endloop
  endfacet
  facet normal -0.751902 0 0.659275
    outer loop
      vertex 30.0627 29 13.9172
      vertex 29.8385 26.5 13.6615
      vertex 30.0627 26.5 13.9172
    endloop
  endfacet
  facet normal -0.55565 0 0.831417
    outer loop
      vertex 29.3 29 13.2483
      vertex 29.5828 26.5 13.4373
      vertex 29.5828 29 13.4373
    endloop
  endfacet
  facet normal -0.55565 0 0.831417
    outer loop
      vertex 29.5828 26.5 13.4373
      vertex 29.3 29 13.2483
      vertex 29.3 26.5 13.2483
    endloop
  endfacet
  facet normal -0.659275 0 0.751902
    outer loop
      vertex 29.5828 29 13.4373
      vertex 29.8385 26.5 13.6615
      vertex 29.8385 29 13.6615
    endloop
  endfacet
  facet normal -0.659275 0 0.751902
    outer loop
      vertex 29.8385 26.5 13.6615
      vertex 29.5828 29 13.4373
      vertex 29.5828 26.5 13.4373
    endloop
  endfacet
  facet normal -0.98075 0 0.195268
    outer loop
      vertex 30.5114 26.5 14.8271
      vertex 30.5778 29 15.1606
      vertex 30.5114 29 14.8271
    endloop
  endfacet
  facet normal -0.98075 0 0.195268
    outer loop
      vertex 30.5778 29 15.1606
      vertex 30.5114 26.5 14.8271
      vertex 30.5778 26.5 15.1606
    endloop
  endfacet
  facet normal -0.997868 0 0.0652701
    outer loop
      vertex 30.5778 26.5 15.1606
      vertex 30.6 29 15.5
      vertex 30.5778 29 15.1606
    endloop
  endfacet
  facet normal -0.997868 0 0.0652701
    outer loop
      vertex 30.6 29 15.5
      vertex 30.5778 26.5 15.1606
      vertex 30.6 26.5 15.5
    endloop
  endfacet
  facet normal 0.55565 0 0.831417
    outer loop
      vertex 26.4172 29 13.4373
      vertex 26.7 26.5 13.2483
      vertex 26.7 29 13.2483
    endloop
  endfacet
  facet normal 0.55565 0 0.831417
    outer loop
      vertex 26.7 26.5 13.2483
      vertex 26.4172 29 13.4373
      vertex 26.4172 26.5 13.4373
    endloop
  endfacet
  facet normal 0.659275 0 0.751902
    outer loop
      vertex 26.1615 29 13.6615
      vertex 26.4172 26.5 13.4373
      vertex 26.4172 29 13.4373
    endloop
  endfacet
  facet normal 0.659275 0 0.751902
    outer loop
      vertex 26.4172 26.5 13.4373
      vertex 26.1615 29 13.6615
      vertex 26.1615 26.5 13.6615
    endloop
  endfacet
  facet normal 0.946964 -0 0.321339
    outer loop
      vertex 25.4886 26.5 14.8271
      vertex 25.5979 29 14.505
      vertex 25.4886 29 14.8271
    endloop
  endfacet
  facet normal 0.946964 0 0.321339
    outer loop
      vertex 25.5979 29 14.505
      vertex 25.4886 26.5 14.8271
      vertex 25.5979 26.5 14.505
    endloop
  endfacet
  facet normal 0.896884 -0 0.442267
    outer loop
      vertex 25.5979 26.5 14.505
      vertex 25.7483 29 14.2
      vertex 25.5979 29 14.505
    endloop
  endfacet
  facet normal 0.896884 0 0.442267
    outer loop
      vertex 25.7483 29 14.2
      vertex 25.5979 26.5 14.505
      vertex 25.7483 26.5 14.2
    endloop
  endfacet
  facet normal -0.321339 0 0.946964
    outer loop
      vertex 28.6729 29 12.9886
      vertex 28.995 26.5 13.0979
      vertex 28.995 29 13.0979
    endloop
  endfacet
  facet normal -0.321339 0 0.946964
    outer loop
      vertex 28.995 26.5 13.0979
      vertex 28.6729 29 12.9886
      vertex 28.6729 26.5 12.9886
    endloop
  endfacet
  facet normal -0.442267 0 0.896884
    outer loop
      vertex 28.995 29 13.0979
      vertex 29.3 26.5 13.2483
      vertex 29.3 29 13.2483
    endloop
  endfacet
  facet normal -0.442267 0 0.896884
    outer loop
      vertex 29.3 26.5 13.2483
      vertex 28.995 29 13.0979
      vertex 28.995 26.5 13.0979
    endloop
  endfacet
  facet normal -0.831417 0 0.55565
    outer loop
      vertex 30.0627 26.5 13.9172
      vertex 30.2517 29 14.2
      vertex 30.0627 29 13.9172
    endloop
  endfacet
  facet normal -0.831417 0 0.55565
    outer loop
      vertex 30.2517 29 14.2
      vertex 30.0627 26.5 13.9172
      vertex 30.2517 26.5 14.2
    endloop
  endfacet
  facet normal -0.896884 0 0.442267
    outer loop
      vertex 30.2517 26.5 14.2
      vertex 30.4021 29 14.505
      vertex 30.2517 29 14.2
    endloop
  endfacet
  facet normal -0.896884 0 0.442267
    outer loop
      vertex 30.4021 29 14.505
      vertex 30.2517 26.5 14.2
      vertex 30.4021 26.5 14.505
    endloop
  endfacet
  facet normal 0.321339 0 0.946964
    outer loop
      vertex 27.005 29 13.0979
      vertex 27.3271 26.5 12.9886
      vertex 27.3271 29 12.9886
    endloop
  endfacet
  facet normal 0.321339 0 0.946964
    outer loop
      vertex 27.3271 26.5 12.9886
      vertex 27.005 29 13.0979
      vertex 27.005 26.5 13.0979
    endloop
  endfacet
  facet normal 0.195268 0 0.98075
    outer loop
      vertex 27.3271 29 12.9886
      vertex 27.6606 26.5 12.9222
      vertex 27.6606 29 12.9222
    endloop
  endfacet
  facet normal 0.195268 0 0.98075
    outer loop
      vertex 27.6606 26.5 12.9222
      vertex 27.3271 29 12.9886
      vertex 27.3271 26.5 12.9886
    endloop
  endfacet
  facet normal 0.0652701 0 0.997868
    outer loop
      vertex 27.6606 29 12.9222
      vertex 28 26.5 12.9
      vertex 28 29 12.9
    endloop
  endfacet
  facet normal 0.0652701 0 0.997868
    outer loop
      vertex 28 26.5 12.9
      vertex 27.6606 29 12.9222
      vertex 27.6606 26.5 12.9222
    endloop
  endfacet
  facet normal 0.442267 0 0.896884
    outer loop
      vertex 26.7 29 13.2483
      vertex 27.005 26.5 13.0979
      vertex 27.005 29 13.0979
    endloop
  endfacet
  facet normal 0.442267 0 0.896884
    outer loop
      vertex 27.005 26.5 13.0979
      vertex 26.7 29 13.2483
      vertex 26.7 26.5 13.2483
    endloop
  endfacet
  facet normal -0.997868 0 -0.0652701
    outer loop
      vertex 40.6 26.5 15.5
      vertex 40.5778 29 15.8394
      vertex 40.6 29 15.5
    endloop
  endfacet
  facet normal -0.997868 -0 -0.0652701
    outer loop
      vertex 40.5778 29 15.8394
      vertex 40.6 26.5 15.5
      vertex 40.5778 26.5 15.8394
    endloop
  endfacet
  facet normal -0.98075 0 -0.195268
    outer loop
      vertex 40.5778 26.5 15.8394
      vertex 40.5114 29 16.1729
      vertex 40.5778 29 15.8394
    endloop
  endfacet
  facet normal -0.98075 -0 -0.195268
    outer loop
      vertex 40.5114 29 16.1729
      vertex 40.5778 26.5 15.8394
      vertex 40.5114 26.5 16.1729
    endloop
  endfacet
  facet normal 0.0652701 0 -0.997868
    outer loop
      vertex 37.6606 26.5 18.0778
      vertex 38 29 18.1
      vertex 38 26.5 18.1
    endloop
  endfacet
  facet normal 0.0652701 0 -0.997868
    outer loop
      vertex 38 29 18.1
      vertex 37.6606 26.5 18.0778
      vertex 37.6606 29 18.0778
    endloop
  endfacet
  facet normal -0.659275 0 -0.751902
    outer loop
      vertex 39.5828 26.5 17.5627
      vertex 39.8385 29 17.3385
      vertex 39.8385 26.5 17.3385
    endloop
  endfacet
  facet normal -0.659275 0 -0.751902
    outer loop
      vertex 39.8385 29 17.3385
      vertex 39.5828 26.5 17.5627
      vertex 39.5828 29 17.5627
    endloop
  endfacet
  facet normal 0.751902 0 -0.659275
    outer loop
      vertex 36.1615 26.5 17.3385
      vertex 35.9373 29 17.0828
      vertex 36.1615 29 17.3385
    endloop
  endfacet
  facet normal 0.751902 0 -0.659275
    outer loop
      vertex 35.9373 29 17.0828
      vertex 36.1615 26.5 17.3385
      vertex 35.9373 26.5 17.0828
    endloop
  endfacet
  facet normal 0.442267 0 -0.896884
    outer loop
      vertex 36.7 26.5 17.7517
      vertex 37.005 29 17.9021
      vertex 37.005 26.5 17.9021
    endloop
  endfacet
  facet normal 0.442267 0 -0.896884
    outer loop
      vertex 37.005 29 17.9021
      vertex 36.7 26.5 17.7517
      vertex 36.7 29 17.7517
    endloop
  endfacet
  facet normal -0.896884 0 -0.442267
    outer loop
      vertex 40.4021 26.5 16.495
      vertex 40.2517 29 16.8
      vertex 40.4021 29 16.495
    endloop
  endfacet
  facet normal -0.896884 -0 -0.442267
    outer loop
      vertex 40.2517 29 16.8
      vertex 40.4021 26.5 16.495
      vertex 40.2517 26.5 16.8
    endloop
  endfacet
  facet normal -0.321339 0 -0.946964
    outer loop
      vertex 38.6729 26.5 18.0114
      vertex 38.995 29 17.9021
      vertex 38.995 26.5 17.9021
    endloop
  endfacet
  facet normal -0.321339 0 -0.946964
    outer loop
      vertex 38.995 29 17.9021
      vertex 38.6729 26.5 18.0114
      vertex 38.6729 29 18.0114
    endloop
  endfacet
  facet normal -0.442267 0 -0.896884
    outer loop
      vertex 38.995 26.5 17.9021
      vertex 39.3 29 17.7517
      vertex 39.3 26.5 17.7517
    endloop
  endfacet
  facet normal -0.442267 0 -0.896884
    outer loop
      vertex 39.3 29 17.7517
      vertex 38.995 26.5 17.9021
      vertex 38.995 29 17.9021
    endloop
  endfacet
  facet normal 0.946964 0 -0.321339
    outer loop
      vertex 35.5979 26.5 16.495
      vertex 35.4886 29 16.1729
      vertex 35.5979 29 16.495
    endloop
  endfacet
  facet normal 0.946964 0 -0.321339
    outer loop
      vertex 35.4886 29 16.1729
      vertex 35.5979 26.5 16.495
      vertex 35.4886 26.5 16.1729
    endloop
  endfacet
  facet normal 0.831417 0 -0.55565
    outer loop
      vertex 35.9373 26.5 17.0828
      vertex 35.7483 29 16.8
      vertex 35.9373 29 17.0828
    endloop
  endfacet
  facet normal 0.831417 0 -0.55565
    outer loop
      vertex 35.7483 29 16.8
      vertex 35.9373 26.5 17.0828
      vertex 35.7483 26.5 16.8
    endloop
  endfacet
  facet normal 0.195268 0 -0.98075
    outer loop
      vertex 37.3271 26.5 18.0114
      vertex 37.6606 29 18.0778
      vertex 37.6606 26.5 18.0778
    endloop
  endfacet
  facet normal 0.195268 0 -0.98075
    outer loop
      vertex 37.6606 29 18.0778
      vertex 37.3271 26.5 18.0114
      vertex 37.3271 29 18.0114
    endloop
  endfacet
  facet normal -0.946964 0 0.321339
    outer loop
      vertex 40.4021 26.5 14.505
      vertex 40.5114 29 14.8271
      vertex 40.4021 29 14.505
    endloop
  endfacet
  facet normal -0.946964 0 0.321339
    outer loop
      vertex 40.5114 29 14.8271
      vertex 40.4021 26.5 14.505
      vertex 40.5114 26.5 14.8271
    endloop
  endfacet
  facet normal -0.195268 0 0.98075
    outer loop
      vertex 38.3394 29 12.9222
      vertex 38.6729 26.5 12.9886
      vertex 38.6729 29 12.9886
    endloop
  endfacet
  facet normal -0.195268 0 0.98075
    outer loop
      vertex 38.6729 26.5 12.9886
      vertex 38.3394 29 12.9222
      vertex 38.3394 26.5 12.9222
    endloop
  endfacet
  facet normal -0.831417 0 -0.55565
    outer loop
      vertex 40.2517 26.5 16.8
      vertex 40.0627 29 17.0828
      vertex 40.2517 29 16.8
    endloop
  endfacet
  facet normal -0.831417 -0 -0.55565
    outer loop
      vertex 40.0627 29 17.0828
      vertex 40.2517 26.5 16.8
      vertex 40.0627 26.5 17.0828
    endloop
  endfacet
  facet normal -0.195268 0 -0.98075
    outer loop
      vertex 38.3394 26.5 18.0778
      vertex 38.6729 29 18.0114
      vertex 38.6729 26.5 18.0114
    endloop
  endfacet
  facet normal -0.195268 0 -0.98075
    outer loop
      vertex 38.6729 29 18.0114
      vertex 38.3394 26.5 18.0778
      vertex 38.3394 29 18.0778
    endloop
  endfacet
  facet normal -0.0652701 0 -0.997868
    outer loop
      vertex 38 26.5 18.1
      vertex 38.3394 29 18.0778
      vertex 38.3394 26.5 18.0778
    endloop
  endfacet
  facet normal -0.0652701 0 -0.997868
    outer loop
      vertex 38.3394 29 18.0778
      vertex 38 26.5 18.1
      vertex 38 29 18.1
    endloop
  endfacet
  facet normal -0.55565 0 -0.831417
    outer loop
      vertex 39.3 26.5 17.7517
      vertex 39.5828 29 17.5627
      vertex 39.5828 26.5 17.5627
    endloop
  endfacet
  facet normal -0.55565 0 -0.831417
    outer loop
      vertex 39.5828 29 17.5627
      vertex 39.3 26.5 17.7517
      vertex 39.3 29 17.7517
    endloop
  endfacet
  facet normal 0.896884 0 -0.442267
    outer loop
      vertex 35.7483 26.5 16.8
      vertex 35.5979 29 16.495
      vertex 35.7483 29 16.8
    endloop
  endfacet
  facet normal 0.896884 0 -0.442267
    outer loop
      vertex 35.5979 29 16.495
      vertex 35.7483 26.5 16.8
      vertex 35.5979 26.5 16.495
    endloop
  endfacet
  facet normal 0.98075 0 -0.195268
    outer loop
      vertex 35.4886 26.5 16.1729
      vertex 35.4222 29 15.8394
      vertex 35.4886 29 16.1729
    endloop
  endfacet
  facet normal 0.98075 0 -0.195268
    outer loop
      vertex 35.4222 29 15.8394
      vertex 35.4886 26.5 16.1729
      vertex 35.4222 26.5 15.8394
    endloop
  endfacet
  facet normal 0.997868 0 -0.0652701
    outer loop
      vertex 35.4222 26.5 15.8394
      vertex 35.4 29 15.5
      vertex 35.4222 29 15.8394
    endloop
  endfacet
  facet normal 0.997868 0 -0.0652701
    outer loop
      vertex 35.4 29 15.5
      vertex 35.4222 26.5 15.8394
      vertex 35.4 26.5 15.5
    endloop
  endfacet
  facet normal 0.997868 -0 0.0652701
    outer loop
      vertex 35.4 26.5 15.5
      vertex 35.4222 29 15.1606
      vertex 35.4 29 15.5
    endloop
  endfacet
  facet normal 0.997868 0 0.0652701
    outer loop
      vertex 35.4222 29 15.1606
      vertex 35.4 26.5 15.5
      vertex 35.4222 26.5 15.1606
    endloop
  endfacet
  facet normal 0.55565 0 -0.831417
    outer loop
      vertex 36.4172 26.5 17.5627
      vertex 36.7 29 17.7517
      vertex 36.7 26.5 17.7517
    endloop
  endfacet
  facet normal 0.55565 0 -0.831417
    outer loop
      vertex 36.7 29 17.7517
      vertex 36.4172 26.5 17.5627
      vertex 36.4172 29 17.5627
    endloop
  endfacet
  facet normal 0.831417 -0 0.55565
    outer loop
      vertex 35.7483 26.5 14.2
      vertex 35.9373 29 13.9172
      vertex 35.7483 29 14.2
    endloop
  endfacet
  facet normal 0.831417 0 0.55565
    outer loop
      vertex 35.9373 29 13.9172
      vertex 35.7483 26.5 14.2
      vertex 35.9373 26.5 13.9172
    endloop
  endfacet
  facet normal 0.751902 -0 0.659275
    outer loop
      vertex 35.9373 26.5 13.9172
      vertex 36.1615 29 13.6615
      vertex 35.9373 29 13.9172
    endloop
  endfacet
  facet normal 0.751902 0 0.659275
    outer loop
      vertex 36.1615 29 13.6615
      vertex 35.9373 26.5 13.9172
      vertex 36.1615 26.5 13.6615
    endloop
  endfacet
  facet normal 0.98075 -0 0.195268
    outer loop
      vertex 35.4222 26.5 15.1606
      vertex 35.4886 29 14.8271
      vertex 35.4222 29 15.1606
    endloop
  endfacet
  facet normal 0.98075 0 0.195268
    outer loop
      vertex 35.4886 29 14.8271
      vertex 35.4222 26.5 15.1606
      vertex 35.4886 26.5 14.8271
    endloop
  endfacet
  facet normal -0.0652701 0 0.997868
    outer loop
      vertex 38 29 12.9
      vertex 38.3394 26.5 12.9222
      vertex 38.3394 29 12.9222
    endloop
  endfacet
  facet normal -0.0652701 0 0.997868
    outer loop
      vertex 38.3394 26.5 12.9222
      vertex 38 29 12.9
      vertex 38 26.5 12.9
    endloop
  endfacet
  facet normal -0.946964 0 -0.321339
    outer loop
      vertex 40.5114 26.5 16.1729
      vertex 40.4021 29 16.495
      vertex 40.5114 29 16.1729
    endloop
  endfacet
  facet normal -0.946964 -0 -0.321339
    outer loop
      vertex 40.4021 29 16.495
      vertex 40.5114 26.5 16.1729
      vertex 40.4021 26.5 16.495
    endloop
  endfacet
  facet normal -0.751902 0 -0.659275
    outer loop
      vertex 40.0627 26.5 17.0828
      vertex 39.8385 29 17.3385
      vertex 40.0627 29 17.0828
    endloop
  endfacet
  facet normal -0.751902 -0 -0.659275
    outer loop
      vertex 39.8385 29 17.3385
      vertex 40.0627 26.5 17.0828
      vertex 39.8385 26.5 17.3385
    endloop
  endfacet
  facet normal 0.659275 0 -0.751902
    outer loop
      vertex 36.1615 26.5 17.3385
      vertex 36.4172 29 17.5627
      vertex 36.4172 26.5 17.5627
    endloop
  endfacet
  facet normal 0.659275 0 -0.751902
    outer loop
      vertex 36.4172 29 17.5627
      vertex 36.1615 26.5 17.3385
      vertex 36.1615 29 17.3385
    endloop
  endfacet
  facet normal 0.321339 0 -0.946964
    outer loop
      vertex 37.005 26.5 17.9021
      vertex 37.3271 29 18.0114
      vertex 37.3271 26.5 18.0114
    endloop
  endfacet
  facet normal 0.321339 0 -0.946964
    outer loop
      vertex 37.3271 29 18.0114
      vertex 37.005 26.5 17.9021
      vertex 37.005 29 17.9021
    endloop
  endfacet
  facet normal -0.751902 0 0.659275
    outer loop
      vertex 39.8385 26.5 13.6615
      vertex 40.0627 29 13.9172
      vertex 39.8385 29 13.6615
    endloop
  endfacet
  facet normal -0.751902 0 0.659275
    outer loop
      vertex 40.0627 29 13.9172
      vertex 39.8385 26.5 13.6615
      vertex 40.0627 26.5 13.9172
    endloop
  endfacet
  facet normal -0.55565 0 0.831417
    outer loop
      vertex 39.3 29 13.2483
      vertex 39.5828 26.5 13.4373
      vertex 39.5828 29 13.4373
    endloop
  endfacet
  facet normal -0.55565 0 0.831417
    outer loop
      vertex 39.5828 26.5 13.4373
      vertex 39.3 29 13.2483
      vertex 39.3 26.5 13.2483
    endloop
  endfacet
  facet normal -0.659275 0 0.751902
    outer loop
      vertex 39.5828 29 13.4373
      vertex 39.8385 26.5 13.6615
      vertex 39.8385 29 13.6615
    endloop
  endfacet
  facet normal -0.659275 0 0.751902
    outer loop
      vertex 39.8385 26.5 13.6615
      vertex 39.5828 29 13.4373
      vertex 39.5828 26.5 13.4373
    endloop
  endfacet
  facet normal -0.98075 0 0.195268
    outer loop
      vertex 40.5114 26.5 14.8271
      vertex 40.5778 29 15.1606
      vertex 40.5114 29 14.8271
    endloop
  endfacet
  facet normal -0.98075 0 0.195268
    outer loop
      vertex 40.5778 29 15.1606
      vertex 40.5114 26.5 14.8271
      vertex 40.5778 26.5 15.1606
    endloop
  endfacet
  facet normal -0.997868 0 0.0652701
    outer loop
      vertex 40.5778 26.5 15.1606
      vertex 40.6 29 15.5
      vertex 40.5778 29 15.1606
    endloop
  endfacet
  facet normal -0.997868 0 0.0652701
    outer loop
      vertex 40.6 29 15.5
      vertex 40.5778 26.5 15.1606
      vertex 40.6 26.5 15.5
    endloop
  endfacet
  facet normal 0.55565 0 0.831417
    outer loop
      vertex 36.4172 29 13.4373
      vertex 36.7 26.5 13.2483
      vertex 36.7 29 13.2483
    endloop
  endfacet
  facet normal 0.55565 0 0.831417
    outer loop
      vertex 36.7 26.5 13.2483
      vertex 36.4172 29 13.4373
      vertex 36.4172 26.5 13.4373
    endloop
  endfacet
  facet normal 0.659275 0 0.751902
    outer loop
      vertex 36.1615 29 13.6615
      vertex 36.4172 26.5 13.4373
      vertex 36.4172 29 13.4373
    endloop
  endfacet
  facet normal 0.659275 0 0.751902
    outer loop
      vertex 36.4172 26.5 13.4373
      vertex 36.1615 29 13.6615
      vertex 36.1615 26.5 13.6615
    endloop
  endfacet
  facet normal 0.946964 -0 0.321339
    outer loop
      vertex 35.4886 26.5 14.8271
      vertex 35.5979 29 14.505
      vertex 35.4886 29 14.8271
    endloop
  endfacet
  facet normal 0.946964 0 0.321339
    outer loop
      vertex 35.5979 29 14.505
      vertex 35.4886 26.5 14.8271
      vertex 35.5979 26.5 14.505
    endloop
  endfacet
  facet normal 0.896884 -0 0.442267
    outer loop
      vertex 35.5979 26.5 14.505
      vertex 35.7483 29 14.2
      vertex 35.5979 29 14.505
    endloop
  endfacet
  facet normal 0.896884 0 0.442267
    outer loop
      vertex 35.7483 29 14.2
      vertex 35.5979 26.5 14.505
      vertex 35.7483 26.5 14.2
    endloop
  endfacet
  facet normal -0.321339 0 0.946964
    outer loop
      vertex 38.6729 29 12.9886
      vertex 38.995 26.5 13.0979
      vertex 38.995 29 13.0979
    endloop
  endfacet
  facet normal -0.321339 0 0.946964
    outer loop
      vertex 38.995 26.5 13.0979
      vertex 38.6729 29 12.9886
      vertex 38.6729 26.5 12.9886
    endloop
  endfacet
  facet normal -0.442267 0 0.896884
    outer loop
      vertex 38.995 29 13.0979
      vertex 39.3 26.5 13.2483
      vertex 39.3 29 13.2483
    endloop
  endfacet
  facet normal -0.442267 0 0.896884
    outer loop
      vertex 39.3 26.5 13.2483
      vertex 38.995 29 13.0979
      vertex 38.995 26.5 13.0979
    endloop
  endfacet
  facet normal -0.831417 0 0.55565
    outer loop
      vertex 40.0627 26.5 13.9172
      vertex 40.2517 29 14.2
      vertex 40.0627 29 13.9172
    endloop
  endfacet
  facet normal -0.831417 0 0.55565
    outer loop
      vertex 40.2517 29 14.2
      vertex 40.0627 26.5 13.9172
      vertex 40.2517 26.5 14.2
    endloop
  endfacet
  facet normal -0.896884 0 0.442267
    outer loop
      vertex 40.2517 26.5 14.2
      vertex 40.4021 29 14.505
      vertex 40.2517 29 14.2
    endloop
  endfacet
  facet normal -0.896884 0 0.442267
    outer loop
      vertex 40.4021 29 14.505
      vertex 40.2517 26.5 14.2
      vertex 40.4021 26.5 14.505
    endloop
  endfacet
  facet normal 0.321339 0 0.946964
    outer loop
      vertex 37.005 29 13.0979
      vertex 37.3271 26.5 12.9886
      vertex 37.3271 29 12.9886
    endloop
  endfacet
  facet normal 0.321339 0 0.946964
    outer loop
      vertex 37.3271 26.5 12.9886
      vertex 37.005 29 13.0979
      vertex 37.005 26.5 13.0979
    endloop
  endfacet
  facet normal 0.195268 0 0.98075
    outer loop
      vertex 37.3271 29 12.9886
      vertex 37.6606 26.5 12.9222
      vertex 37.6606 29 12.9222
    endloop
  endfacet
  facet normal 0.195268 0 0.98075
    outer loop
      vertex 37.6606 26.5 12.9222
      vertex 37.3271 29 12.9886
      vertex 37.3271 26.5 12.9886
    endloop
  endfacet
  facet normal 0.0652701 0 0.997868
    outer loop
      vertex 37.6606 29 12.9222
      vertex 38 26.5 12.9
      vertex 38 29 12.9
    endloop
  endfacet
  facet normal 0.0652701 0 0.997868
    outer loop
      vertex 38 26.5 12.9
      vertex 37.6606 29 12.9222
      vertex 37.6606 26.5 12.9222
    endloop
  endfacet
  facet normal 0.442267 0 0.896884
    outer loop
      vertex 36.7 29 13.2483
      vertex 37.005 26.5 13.0979
      vertex 37.005 29 13.0979
    endloop
  endfacet
  facet normal 0.442267 0 0.896884
    outer loop
      vertex 37.005 26.5 13.0979
      vertex 36.7 29 13.2483
      vertex 36.7 26.5 13.2483
    endloop
  endfacet
  facet normal 1 -0 0
    outer loop
      vertex -23 -29 -18.5
      vertex -23 -26.5 -22.5
      vertex -23 -26.5 -18.5
    endloop
  endfacet
  facet normal 1 0 0
    outer loop
      vertex -23 -26.5 -22.5
      vertex -23 -29 -18.5
      vertex -23 -29 -22.5
    endloop
  endfacet
  facet normal 0 0 -1
    outer loop
      vertex -23 -29 -18.5
      vertex -13 -26.5 -18.5
      vertex -13 -29 -18.5
    endloop
  endfacet
  facet normal -0 0 -1
    outer loop
      vertex -13 -26.5 -18.5
      vertex -23 -29 -18.5
      vertex -23 -26.5 -18.5
    endloop
  endfacet
  facet normal -1 0 0
    outer loop
      vertex -13 -29 -22.5
      vertex -13 -26.5 -18.5
      vertex -13 -26.5 -22.5
    endloop
  endfacet
  facet normal -1 -0 0
    outer loop
      vertex -13 -26.5 -18.5
      vertex -13 -29 -22.5
      vertex -13 -29 -18.5
    endloop
  endfacet
  facet normal -0 0 1
    outer loop
      vertex -23 -26.5 -22.5
      vertex -13 -29 -22.5
      vertex -13 -26.5 -22.5
    endloop
  endfacet
  facet normal 0 0 1
    outer loop
      vertex -13 -29 -22.5
      vertex -23 -26.5 -22.5
      vertex -23 -29 -22.5
    endloop
  endfacet
  facet normal 1 -0 0
    outer loop
      vertex -11 -29 -18.5
      vertex -11 -26.5 -22.5
      vertex -11 -26.5 -18.5
    endloop
  endfacet
  facet normal 1 0 0
    outer loop
      vertex -11 -26.5 -22.5
      vertex -11 -29 -18.5
      vertex -11 -29 -22.5
    endloop
  endfacet
  facet normal 0 0 -1
    outer loop
      vertex -11 -29 -18.5
      vertex -1 -26.5 -18.5
      vertex -1 -29 -18.5
    endloop
  endfacet
  facet normal -0 0 -1
    outer loop
      vertex -1 -26.5 -18.5
      vertex -11 -29 -18.5
      vertex -11 -26.5 -18.5
    endloop
  endfacet
  facet normal -1 0 0
    outer loop
      vertex -1 -29 -22.5
      vertex -1 -26.5 -18.5
      vertex -1 -26.5 -22.5
    endloop
  endfacet
  facet normal -1 -0 0
    outer loop
      vertex -1 -26.5 -18.5
      vertex -1 -29 -22.5
      vertex -1 -29 -18.5
    endloop
  endfacet
  facet normal -0 0 1
    outer loop
      vertex -11 -26.5 -22.5
      vertex -1 -29 -22.5
      vertex -1 -26.5 -22.5
    endloop
  endfacet
  facet normal 0 0 1
    outer loop
      vertex -1 -29 -22.5
      vertex -11 -26.5 -22.5
      vertex -11 -29 -22.5
    endloop
  endfacet
  facet normal 1 -0 0
    outer loop
      vertex 1 -29 -18.5
      vertex 1 -26.5 -22.5
      vertex 1 -26.5 -18.5
    endloop
  endfacet
  facet normal 1 0 0
    outer loop
      vertex 1 -26.5 -22.5
      vertex 1 -29 -18.5
      vertex 1 -29 -22.5
    endloop
  endfacet
  facet normal 0 0 -1
    outer loop
      vertex 1 -29 -18.5
      vertex 11 -26.5 -18.5
      vertex 11 -29 -18.5
    endloop
  endfacet
  facet normal -0 0 -1
    outer loop
      vertex 11 -26.5 -18.5
      vertex 1 -29 -18.5
      vertex 1 -26.5 -18.5
    endloop
  endfacet
  facet normal -1 0 0
    outer loop
      vertex 11 -29 -22.5
      vertex 11 -26.5 -18.5
      vertex 11 -26.5 -22.5
    endloop
  endfacet
  facet normal -1 -0 0
    outer loop
      vertex 11 -26.5 -18.5
      vertex 11 -29 -22.5
      vertex 11 -29 -18.5
    endloop
  endfacet
  facet normal -0 0 1
    outer loop
      vertex 1 -26.5 -22.5
      vertex 11 -29 -22.5
      vertex 11 -26.5 -22.5
    endloop
  endfacet
  facet normal 0 0 1
    outer loop
      vertex 11 -29 -22.5
      vertex 1 -26.5 -22.5
      vertex 1 -29 -22.5
    endloop
  endfacet
  facet normal 1 -0 0
    outer loop
      vertex 13 -29 -18.5
      vertex 13 -26.5 -22.5
      vertex 13 -26.5 -18.5
    endloop
  endfacet
  facet normal 1 0 0
    outer loop
      vertex 13 -26.5 -22.5
      vertex 13 -29 -18.5
      vertex 13 -29 -22.5
    endloop
  endfacet
  facet normal 0 0 -1
    outer loop
      vertex 13 -29 -18.5
      vertex 23 -26.5 -18.5
      vertex 23 -29 -18.5
    endloop
  endfacet
  facet normal -0 0 -1
    outer loop
      vertex 23 -26.5 -18.5
      vertex 13 -29 -18.5
      vertex 13 -26.5 -18.5
    endloop
  endfacet
  facet normal -1 0 0
    outer loop
      vertex 23 -29 -22.5
      vertex 23 -26.5 -18.5
      vertex 23 -26.5 -22.5
    endloop
  endfacet
  facet normal -1 -0 0
    outer loop
      vertex 23 -26.5 -18.5
      vertex 23 -29 -22.5
      vertex 23 -29 -18.5
    endloop
  endfacet
  facet normal -0 0 1
    outer loop
      vertex 13 -26.5 -22.5
      vertex 23 -29 -22.5
      vertex 23 -26.5 -22.5
    endloop
  endfacet
  facet normal 0 0 1
    outer loop
      vertex 23 -29 -22.5
      vertex 13 -26.5 -22.5
      vertex 13 -29 -22.5
    endloop
  endfacet
  facet normal -0.997858 0 -0.0654101
    outer loop
      vertex 4.1 -29 -10.5
      vertex 4.06492 -26.5 -9.96484
      vertex 4.1 -26.5 -10.5
    endloop
  endfacet
  facet normal -0.997858 -0 -0.0654101
    outer loop
      vertex 4.06492 -26.5 -9.96484
      vertex 4.1 -29 -10.5
      vertex 4.06492 -29 -9.96484
    endloop
  endfacet
  facet normal -0.980788 0 -0.195076
    outer loop
      vertex 4.06492 -29 -9.96484
      vertex 3.9603 -26.5 -9.43884
      vertex 4.06492 -26.5 -9.96484
    endloop
  endfacet
  facet normal -0.980788 -0 -0.195076
    outer loop
      vertex 3.9603 -26.5 -9.43884
      vertex 4.06492 -29 -9.96484
      vertex 3.9603 -29 -9.43884
    endloop
  endfacet
  facet normal 0.997858 0 -0.0654101
    outer loop
      vertex -4.06492 -29 -9.96484
      vertex -4.1 -26.5 -10.5
      vertex -4.06492 -26.5 -9.96484
    endloop
  endfacet
  facet normal 0.997858 0 -0.0654101
    outer loop
      vertex -4.1 -26.5 -10.5
      vertex -4.06492 -29 -9.96484
      vertex -4.1 -29 -10.5
    endloop
  endfacet
  facet normal -0.0654105 0 -0.997858
    outer loop
      vertex 0 -29 -6.4
      vertex 0.535157 -26.5 -6.43508
      vertex 0.535157 -29 -6.43508
    endloop
  endfacet
  facet normal -0.0654105 0 -0.997858
    outer loop
      vertex 0.535157 -26.5 -6.43508
      vertex 0 -29 -6.4
      vertex 0 -26.5 -6.4
    endloop
  endfacet
  facet normal -0.751844 0 -0.659341
    outer loop
      vertex 3.25275 -29 -8.00408
      vertex 2.89914 -26.5 -7.60086
      vertex 3.25275 -26.5 -8.00408
    endloop
  endfacet
  facet normal -0.751844 -0 -0.659341
    outer loop
      vertex 2.89914 -26.5 -7.60086
      vertex 3.25275 -29 -8.00408
      vertex 2.89914 -29 -7.60086
    endloop
  endfacet
  facet normal 0.659341 0 -0.751844
    outer loop
      vertex -2.89914 -29 -7.60086
      vertex -2.49592 -26.5 -7.24725
      vertex -2.49592 -29 -7.24725
    endloop
  endfacet
  facet normal 0.659341 0 -0.751844
    outer loop
      vertex -2.49592 -26.5 -7.24725
      vertex -2.89914 -29 -7.60086
      vertex -2.89914 -26.5 -7.60086
    endloop
  endfacet
  facet normal 0.321442 0 -0.946929
    outer loop
      vertex -1.569 -29 -6.71209
      vertex -1.06116 -26.5 -6.5397
      vertex -1.06116 -29 -6.5397
    endloop
  endfacet
  facet normal 0.321442 0 -0.946929
    outer loop
      vertex -1.06116 -26.5 -6.5397
      vertex -1.569 -29 -6.71209
      vertex -1.569 -26.5 -6.71209
    endloop
  endfacet
  facet normal -0.442299 0 -0.896868
    outer loop
      vertex 1.569 -29 -6.71209
      vertex 2.05 -26.5 -6.9493
      vertex 2.05 -29 -6.9493
    endloop
  endfacet
  facet normal -0.442299 0 -0.896868
    outer loop
      vertex 2.05 -26.5 -6.9493
      vertex 1.569 -29 -6.71209
      vertex 1.569 -26.5 -6.71209
    endloop
  endfacet
  facet normal 0.896868 0 -0.442299
    outer loop
      vertex -3.5507 -29 -8.45
      vertex -3.78791 -26.5 -8.931
      vertex -3.5507 -26.5 -8.45
    endloop
  endfacet
  facet normal 0.896868 0 -0.442299
    outer loop
      vertex -3.78791 -26.5 -8.931
      vertex -3.5507 -29 -8.45
      vertex -3.78791 -29 -8.931
    endloop
  endfacet
  facet normal 0.831473 0 -0.555565
    outer loop
      vertex -3.25275 -29 -8.00408
      vertex -3.5507 -26.5 -8.45
      vertex -3.25275 -26.5 -8.00408
    endloop
  endfacet
  facet normal 0.831473 0 -0.555565
    outer loop
      vertex -3.5507 -26.5 -8.45
      vertex -3.25275 -29 -8.00408
      vertex -3.5507 -29 -8.45
    endloop
  endfacet
  facet normal -0.659331 0 0.751853
    outer loop
      vertex 2.49592 -26.5 -13.7527
      vertex 2.89914 -29 -13.3991
      vertex 2.89914 -26.5 -13.3991
    endloop
  endfacet
  facet normal -0.659331 0 0.751853
    outer loop
      vertex 2.89914 -29 -13.3991
      vertex 2.49592 -26.5 -13.7527
      vertex 2.49592 -29 -13.7527
    endloop
  endfacet
  facet normal 0.321459 0 0.946924
    outer loop
      vertex -1.569 -26.5 -14.2879
      vertex -1.06116 -29 -14.4603
      vertex -1.06116 -26.5 -14.4603
    endloop
  endfacet
  facet normal 0.321459 0 0.946924
    outer loop
      vertex -1.06116 -29 -14.4603
      vertex -1.569 -26.5 -14.2879
      vertex -1.569 -29 -14.2879
    endloop
  endfacet
  facet normal 0.896868 -0 0.442299
    outer loop
      vertex -3.78791 -29 -12.069
      vertex -3.5507 -26.5 -12.55
      vertex -3.78791 -26.5 -12.069
    endloop
  endfacet
  facet normal 0.896868 0 0.442299
    outer loop
      vertex -3.5507 -26.5 -12.55
      vertex -3.78791 -29 -12.069
      vertex -3.5507 -29 -12.55
    endloop
  endfacet
  facet normal -0.896868 0 -0.442299
    outer loop
      vertex 3.78791 -29 -8.931
      vertex 3.5507 -26.5 -8.45
      vertex 3.78791 -26.5 -8.931
    endloop
  endfacet
  facet normal -0.896868 -0 -0.442299
    outer loop
      vertex 3.5507 -26.5 -8.45
      vertex 3.78791 -29 -8.931
      vertex 3.5507 -29 -8.45
    endloop
  endfacet
  facet normal -0.946929 0 -0.321442
    outer loop
      vertex 3.9603 -29 -9.43884
      vertex 3.78791 -26.5 -8.931
      vertex 3.9603 -26.5 -9.43884
    endloop
  endfacet
  facet normal -0.946929 -0 -0.321442
    outer loop
      vertex 3.78791 -26.5 -8.931
      vertex 3.9603 -29 -9.43884
      vertex 3.78791 -29 -8.931
    endloop
  endfacet
  facet normal -0.831473 0 -0.555565
    outer loop
      vertex 3.5507 -29 -8.45
      vertex 3.25275 -26.5 -8.00408
      vertex 3.5507 -26.5 -8.45
    endloop
  endfacet
  facet normal -0.831473 -0 -0.555565
    outer loop
      vertex 3.25275 -26.5 -8.00408
      vertex 3.5507 -29 -8.45
      vertex 3.25275 -29 -8.00408
    endloop
  endfacet
  facet normal -0.321442 0 -0.946929
    outer loop
      vertex 1.06116 -29 -6.5397
      vertex 1.569 -26.5 -6.71209
      vertex 1.569 -29 -6.71209
    endloop
  endfacet
  facet normal -0.321442 0 -0.946929
    outer loop
      vertex 1.569 -26.5 -6.71209
      vertex 1.06116 -29 -6.5397
      vertex 1.06116 -26.5 -6.5397
    endloop
  endfacet
  facet normal 0.946929 0 -0.321442
    outer loop
      vertex -3.78791 -29 -8.931
      vertex -3.9603 -26.5 -9.43884
      vertex -3.78791 -26.5 -8.931
    endloop
  endfacet
  facet normal 0.946929 0 -0.321442
    outer loop
      vertex -3.9603 -26.5 -9.43884
      vertex -3.78791 -29 -8.931
      vertex -3.9603 -29 -9.43884
    endloop
  endfacet
  facet normal 0.442299 0 -0.896868
    outer loop
      vertex -2.05 -29 -6.9493
      vertex -1.569 -26.5 -6.71209
      vertex -1.569 -29 -6.71209
    endloop
  endfacet
  facet normal 0.442299 0 -0.896868
    outer loop
      vertex -1.569 -26.5 -6.71209
      vertex -2.05 -29 -6.9493
      vertex -2.05 -26.5 -6.9493
    endloop
  endfacet
  facet normal 0.195075 0 -0.980788
    outer loop
      vertex -1.06116 -29 -6.5397
      vertex -0.535157 -26.5 -6.43508
      vertex -0.535157 -29 -6.43508
    endloop
  endfacet
  facet normal 0.195075 0 -0.980788
    outer loop
      vertex -0.535157 -26.5 -6.43508
      vertex -1.06116 -29 -6.5397
      vertex -1.06116 -26.5 -6.5397
    endloop
  endfacet
  facet normal -0.321459 0 0.946924
    outer loop
      vertex 1.06116 -26.5 -14.4603
      vertex 1.569 -29 -14.2879
      vertex 1.569 -26.5 -14.2879
    endloop
  endfacet
  facet normal -0.321459 0 0.946924
    outer loop
      vertex 1.569 -29 -14.2879
      vertex 1.06116 -26.5 -14.4603
      vertex 1.06116 -29 -14.4603
    endloop
  endfacet
  facet normal -0.0654476 0 0.997856
    outer loop
      vertex 0 -26.5 -14.6
      vertex 0.535157 -29 -14.5649
      vertex 0.535157 -26.5 -14.5649
    endloop
  endfacet
  facet normal -0.0654476 0 0.997856
    outer loop
      vertex 0.535157 -29 -14.5649
      vertex 0 -26.5 -14.6
      vertex 0 -29 -14.6
    endloop
  endfacet
  facet normal -0.195039 0 0.980795
    outer loop
      vertex 0.535157 -26.5 -14.5649
      vertex 1.06116 -29 -14.4603
      vertex 1.06116 -26.5 -14.4603
    endloop
  endfacet
  facet normal -0.195039 0 0.980795
    outer loop
      vertex 1.06116 -29 -14.4603
      vertex 0.535157 -26.5 -14.5649
      vertex 0.535157 -29 -14.5649
    endloop
  endfacet
  facet normal -0.442284 0 0.896875
    outer loop
      vertex 1.569 -26.5 -14.2879
      vertex 2.05 -29 -14.0507
      vertex 2.05 -26.5 -14.0507
    endloop
  endfacet
  facet normal -0.442284 0 0.896875
    outer loop
      vertex 2.05 -29 -14.0507
      vertex 1.569 -26.5 -14.2879
      vertex 1.569 -29 -14.2879
    endloop
  endfacet
  facet normal -0.555629 0 0.83143
    outer loop
      vertex 2.05 -26.5 -14.0507
      vertex 2.49592 -29 -13.7527
      vertex 2.49592 -26.5 -13.7527
    endloop
  endfacet
  facet normal -0.555629 0 0.83143
    outer loop
      vertex 2.49592 -29 -13.7527
      vertex 2.05 -26.5 -14.0507
      vertex 2.05 -29 -14.0507
    endloop
  endfacet
  facet normal -0.997859 0 0.0654052
    outer loop
      vertex 4.06492 -29 -11.0352
      vertex 4.1 -26.5 -10.5
      vertex 4.06492 -26.5 -11.0352
    endloop
  endfacet
  facet normal -0.997859 0 0.0654052
    outer loop
      vertex 4.1 -26.5 -10.5
      vertex 4.06492 -29 -11.0352
      vertex 4.1 -29 -10.5
    endloop
  endfacet
  facet normal -0.831462 0 0.555582
    outer loop
      vertex 3.25275 -29 -12.9959
      vertex 3.5507 -26.5 -12.55
      vertex 3.25275 -26.5 -12.9959
    endloop
  endfacet
  facet normal -0.831462 0 0.555582
    outer loop
      vertex 3.5507 -26.5 -12.55
      vertex 3.25275 -29 -12.9959
      vertex 3.5507 -29 -12.55
    endloop
  endfacet
  facet normal -0.751828 0 0.65936
    outer loop
      vertex 2.89914 -29 -13.3991
      vertex 3.25275 -26.5 -12.9959
      vertex 2.89914 -26.5 -13.3991
    endloop
  endfacet
  facet normal -0.751828 0 0.65936
    outer loop
      vertex 3.25275 -26.5 -12.9959
      vertex 2.89914 -29 -13.3991
      vertex 3.25275 -29 -12.9959
    endloop
  endfacet
  facet normal 0.555629 0 0.83143
    outer loop
      vertex -2.49592 -26.5 -13.7527
      vertex -2.05 -29 -14.0507
      vertex -2.05 -26.5 -14.0507
    endloop
  endfacet
  facet normal 0.555629 0 0.83143
    outer loop
      vertex -2.05 -29 -14.0507
      vertex -2.49592 -26.5 -13.7527
      vertex -2.49592 -29 -13.7527
    endloop
  endfacet
  facet normal 0.442284 0 0.896875
    outer loop
      vertex -2.05 -26.5 -14.0507
      vertex -1.569 -29 -14.2879
      vertex -1.569 -26.5 -14.2879
    endloop
  endfacet
  facet normal 0.442284 0 0.896875
    outer loop
      vertex -1.569 -29 -14.2879
      vertex -2.05 -26.5 -14.0507
      vertex -2.05 -29 -14.0507
    endloop
  endfacet
  facet normal 0.0654476 0 0.997856
    outer loop
      vertex -0.535157 -26.5 -14.5649
      vertex 0 -29 -14.6
      vertex 0 -26.5 -14.6
    endloop
  endfacet
  facet normal 0.0654476 0 0.997856
    outer loop
      vertex 0 -29 -14.6
      vertex -0.535157 -26.5 -14.5649
      vertex -0.535157 -29 -14.5649
    endloop
  endfacet
  facet normal 0.751828 -0 0.65936
    outer loop
      vertex -3.25275 -29 -12.9959
      vertex -2.89914 -26.5 -13.3991
      vertex -3.25275 -26.5 -12.9959
    endloop
  endfacet
  facet normal 0.751828 0 0.65936
    outer loop
      vertex -2.89914 -26.5 -13.3991
      vertex -3.25275 -29 -12.9959
      vertex -2.89914 -29 -13.3991
    endloop
  endfacet
  facet normal 0.946922 -0 0.321465
    outer loop
      vertex -3.9603 -29 -11.5612
      vertex -3.78791 -26.5 -12.069
      vertex -3.9603 -26.5 -11.5612
    endloop
  endfacet
  facet normal 0.946922 0 0.321465
    outer loop
      vertex -3.78791 -26.5 -12.069
      vertex -3.9603 -29 -11.5612
      vertex -3.78791 -29 -12.069
    endloop
  endfacet
  facet normal -0.195075 0 -0.980788
    outer loop
      vertex 0.535157 -29 -6.43508
      vertex 1.06116 -26.5 -6.5397
      vertex 1.06116 -29 -6.5397
    endloop
  endfacet
  facet normal -0.195075 0 -0.980788
    outer loop
      vertex 1.06116 -26.5 -6.5397
      vertex 0.535157 -29 -6.43508
      vertex 0.535157 -26.5 -6.43508
    endloop
  endfacet
  facet normal -0.659341 0 -0.751844
    outer loop
      vertex 2.49592 -29 -7.24725
      vertex 2.89914 -26.5 -7.60086
      vertex 2.89914 -29 -7.60086
    endloop
  endfacet
  facet normal -0.659341 0 -0.751844
    outer loop
      vertex 2.89914 -26.5 -7.60086
      vertex 2.49592 -29 -7.24725
      vertex 2.49592 -26.5 -7.24725
    endloop
  endfacet
  facet normal -0.555565 0 -0.831473
    outer loop
      vertex 2.05 -29 -6.9493
      vertex 2.49592 -26.5 -7.24725
      vertex 2.49592 -29 -7.24725
    endloop
  endfacet
  facet normal -0.555565 0 -0.831473
    outer loop
      vertex 2.49592 -26.5 -7.24725
      vertex 2.05 -29 -6.9493
      vertex 2.05 -26.5 -6.9493
    endloop
  endfacet
  facet normal 0.751844 0 -0.659341
    outer loop
      vertex -2.89914 -29 -7.60086
      vertex -3.25275 -26.5 -8.00408
      vertex -2.89914 -26.5 -7.60086
    endloop
  endfacet
  facet normal 0.751844 0 -0.659341
    outer loop
      vertex -3.25275 -26.5 -8.00408
      vertex -2.89914 -29 -7.60086
      vertex -3.25275 -29 -8.00408
    endloop
  endfacet
  facet normal 0.980788 0 -0.195076
    outer loop
      vertex -3.9603 -29 -9.43884
      vertex -4.06492 -26.5 -9.96484
      vertex -3.9603 -26.5 -9.43884
    endloop
  endfacet
  facet normal 0.980788 0 -0.195076
    outer loop
      vertex -4.06492 -26.5 -9.96484
      vertex -3.9603 -29 -9.43884
      vertex -4.06492 -29 -9.96484
    endloop
  endfacet
  facet normal 0.555565 0 -0.831473
    outer loop
      vertex -2.49592 -29 -7.24725
      vertex -2.05 -26.5 -6.9493
      vertex -2.05 -29 -6.9493
    endloop
  endfacet
  facet normal 0.555565 0 -0.831473
    outer loop
      vertex -2.05 -26.5 -6.9493
      vertex -2.49592 -29 -7.24725
      vertex -2.49592 -26.5 -7.24725
    endloop
  endfacet
  facet normal 0.0654105 0 -0.997858
    outer loop
      vertex -0.535157 -29 -6.43508
      vertex 0 -26.5 -6.4
      vertex 0 -29 -6.4
    endloop
  endfacet
  facet normal 0.0654105 0 -0.997858
    outer loop
      vertex 0 -26.5 -6.4
      vertex -0.535157 -29 -6.43508
      vertex -0.535157 -26.5 -6.43508
    endloop
  endfacet
  facet normal -0.896868 0 0.442299
    outer loop
      vertex 3.5507 -29 -12.55
      vertex 3.78791 -26.5 -12.069
      vertex 3.5507 -26.5 -12.55
    endloop
  endfacet
  facet normal -0.896868 0 0.442299
    outer loop
      vertex 3.78791 -26.5 -12.069
      vertex 3.5507 -29 -12.55
      vertex 3.78791 -29 -12.069
    endloop
  endfacet
  facet normal -0.946922 0 0.321465
    outer loop
      vertex 3.78791 -29 -12.069
      vertex 3.9603 -26.5 -11.5612
      vertex 3.78791 -26.5 -12.069
    endloop
  endfacet
  facet normal -0.946922 0 0.321465
    outer loop
      vertex 3.9603 -26.5 -11.5612
      vertex 3.78791 -29 -12.069
      vertex 3.9603 -29 -11.5612
    endloop
  endfacet
  facet normal -0.980788 0 0.195076
    outer loop
      vertex 3.9603 -29 -11.5612
      vertex 4.06492 -26.5 -11.0352
      vertex 3.9603 -26.5 -11.5612
    endloop
  endfacet
  facet normal -0.980788 0 0.195076
    outer loop
      vertex 4.06492 -26.5 -11.0352
      vertex 3.9603 -29 -11.5612
      vertex 4.06492 -29 -11.0352
    endloop
  endfacet
  facet normal 0.659331 0 0.751853
    outer loop
      vertex -2.89914 -26.5 -13.3991
      vertex -2.49592 -29 -13.7527
      vertex -2.49592 -26.5 -13.7527
    endloop
  endfacet
  facet normal 0.659331 0 0.751853
    outer loop
      vertex -2.49592 -29 -13.7527
      vertex -2.89914 -26.5 -13.3991
      vertex -2.89914 -29 -13.3991
    endloop
  endfacet
  facet normal 0.195039 0 0.980795
    outer loop
      vertex -1.06116 -26.5 -14.4603
      vertex -0.535157 -29 -14.5649
      vertex -0.535157 -26.5 -14.5649
    endloop
  endfacet
  facet normal 0.195039 0 0.980795
    outer loop
      vertex -0.535157 -29 -14.5649
      vertex -1.06116 -26.5 -14.4603
      vertex -1.06116 -29 -14.4603
    endloop
  endfacet
  facet normal 0.831462 -0 0.555582
    outer loop
      vertex -3.5507 -29 -12.55
      vertex -3.25275 -26.5 -12.9959
      vertex -3.5507 -26.5 -12.55
    endloop
  endfacet
  facet normal 0.831462 0 0.555582
    outer loop
      vertex -3.25275 -26.5 -12.9959
      vertex -3.5507 -29 -12.55
      vertex -3.25275 -29 -12.9959
    endloop
  endfacet
  facet normal 0.997859 -0 0.0654052
    outer loop
      vertex -4.1 -29 -10.5
      vertex -4.06492 -26.5 -11.0352
      vertex -4.1 -26.5 -10.5
    endloop
  endfacet
  facet normal 0.997859 0 0.0654052
    outer loop
      vertex -4.06492 -26.5 -11.0352
      vertex -4.1 -29 -10.5
      vertex -4.06492 -29 -11.0352
    endloop
  endfacet
  facet normal 0.980788 -0 0.195076
    outer loop
      vertex -4.06492 -29 -11.0352
      vertex -3.9603 -26.5 -11.5612
      vertex -4.06492 -26.5 -11.0352
    endloop
  endfacet
  facet normal 0.980788 0 0.195076
    outer loop
      vertex -3.9603 -26.5 -11.5612
      vertex -4.06492 -29 -11.0352
      vertex -3.9603 -29 -11.5612
    endloop
  endfacet
  facet normal -0.997856 0 -0.065445
    outer loop
      vertex 28.6 -29 -10.5
      vertex 28.5435 -26.5 -9.63853
      vertex 28.6 -26.5 -10.5
    endloop
  endfacet
  facet normal -0.997856 -0 -0.065445
    outer loop
      vertex 28.5435 -26.5 -9.63853
      vertex 28.6 -29 -10.5
      vertex 28.5435 -29 -9.63853
    endloop
  endfacet
  facet normal -0.980791 0 -0.19506
    outer loop
      vertex 28.5435 -29 -9.63853
      vertex 28.3751 -26.5 -8.79179
      vertex 28.5435 -26.5 -9.63853
    endloop
  endfacet
  facet normal -0.980791 -0 -0.19506
    outer loop
      vertex 28.3751 -26.5 -8.79179
      vertex 28.5435 -29 -9.63853
      vertex 28.3751 -29 -8.79179
    endloop
  endfacet
  facet normal 0.997856 0 -0.065445
    outer loop
      vertex 15.4565 -29 -9.63853
      vertex 15.4 -26.5 -10.5
      vertex 15.4565 -26.5 -9.63853
    endloop
  endfacet
  facet normal 0.997856 0 -0.065445
    outer loop
      vertex 15.4 -26.5 -10.5
      vertex 15.4565 -29 -9.63853
      vertex 15.4 -29 -10.5
    endloop
  endfacet
  facet normal -0.0653966 0 -0.997859
    outer loop
      vertex 22 -29 -3.9
      vertex 22.8615 -26.5 -3.95646
      vertex 22.8615 -29 -3.95646
    endloop
  endfacet
  facet normal -0.0653966 0 -0.997859
    outer loop
      vertex 22.8615 -26.5 -3.95646
      vertex 22 -29 -3.9
      vertex 22 -26.5 -3.9
    endloop
  endfacet
  facet normal -0.751856 0 -0.659328
    outer loop
      vertex 27.2361 -29 -6.48217
      vertex 26.6669 -26.5 -5.83309
      vertex 27.2361 -26.5 -6.48217
    endloop
  endfacet
  facet normal -0.751856 -0 -0.659328
    outer loop
      vertex 26.6669 -26.5 -5.83309
      vertex 27.2361 -29 -6.48217
      vertex 26.6669 -29 -5.83309
    endloop
  endfacet
  facet normal 0.659329 0 -0.751854
    outer loop
      vertex 17.3331 -29 -5.83309
      vertex 17.9822 -26.5 -5.26387
      vertex 17.9822 -29 -5.26387
    endloop
  endfacet
  facet normal 0.659329 0 -0.751854
    outer loop
      vertex 17.9822 -26.5 -5.26387
      vertex 17.3331 -29 -5.83309
      vertex 17.3331 -26.5 -5.83309
    endloop
  endfacet
  facet normal 0.321435 0 -0.946931
    outer loop
      vertex 19.4743 -29 -4.40239
      vertex 20.2918 -26.5 -4.12489
      vertex 20.2918 -29 -4.12489
    endloop
  endfacet
  facet normal 0.321435 0 -0.946931
    outer loop
      vertex 20.2918 -26.5 -4.12489
      vertex 19.4743 -29 -4.40239
      vertex 19.4743 -26.5 -4.40239
    endloop
  endfacet
  facet normal -0.751866 0 0.659316
    outer loop
      vertex 26.6669 -29 -15.1669
      vertex 27.2361 -26.5 -14.5178
      vertex 26.6669 -26.5 -15.1669
    endloop
  endfacet
  facet normal -0.751866 0 0.659316
    outer loop
      vertex 27.2361 -26.5 -14.5178
      vertex 26.6669 -29 -15.1669
      vertex 27.2361 -29 -14.5178
    endloop
  endfacet
  facet normal 0.751866 -0 0.659316
    outer loop
      vertex 16.7639 -29 -14.5178
      vertex 17.3331 -26.5 -15.1669
      vertex 16.7639 -26.5 -14.5178
    endloop
  endfacet
  facet normal 0.751866 0 0.659316
    outer loop
      vertex 17.3331 -26.5 -15.1669
      vertex 16.7639 -29 -14.5178
      vertex 17.3331 -29 -15.1669
    endloop
  endfacet
  facet normal -0.946931 0 -0.321435
    outer loop
      vertex 28.3751 -29 -8.79179
      vertex 28.0976 -26.5 -7.97429
      vertex 28.3751 -26.5 -8.79179
    endloop
  endfacet
  facet normal -0.946931 -0 -0.321435
    outer loop
      vertex 28.0976 -26.5 -7.97429
      vertex 28.3751 -29 -8.79179
      vertex 28.0976 -29 -7.97429
    endloop
  endfacet
  facet normal -0.442286 0 -0.896874
    outer loop
      vertex 24.5257 -29 -4.40239
      vertex 25.3 -26.5 -4.78423
      vertex 25.3 -29 -4.78423
    endloop
  endfacet
  facet normal -0.442286 0 -0.896874
    outer loop
      vertex 25.3 -26.5 -4.78423
      vertex 24.5257 -29 -4.40239
      vertex 24.5257 -26.5 -4.40239
    endloop
  endfacet
  facet normal 0.751856 0 -0.659328
    outer loop
      vertex 17.3331 -29 -5.83309
      vertex 16.7639 -26.5 -6.48217
      vertex 17.3331 -26.5 -5.83309
    endloop
  endfacet
  facet normal 0.751856 0 -0.659328
    outer loop
      vertex 16.7639 -26.5 -6.48217
      vertex 17.3331 -29 -5.83309
      vertex 16.7639 -29 -6.48217
    endloop
  endfacet
  facet normal 0.980791 0 -0.19506
    outer loop
      vertex 15.6249 -29 -8.79179
      vertex 15.4565 -26.5 -9.63853
      vertex 15.6249 -26.5 -8.79179
    endloop
  endfacet
  facet normal 0.980791 0 -0.19506
    outer loop
      vertex 15.4565 -26.5 -9.63853
      vertex 15.6249 -29 -8.79179
      vertex 15.4565 -29 -9.63853
    endloop
  endfacet
  facet normal 0.555587 0 -0.831458
    outer loop
      vertex 17.9822 -29 -5.26387
      vertex 18.7 -26.5 -4.78423
      vertex 18.7 -29 -4.78423
    endloop
  endfacet
  facet normal 0.555587 0 -0.831458
    outer loop
      vertex 18.7 -26.5 -4.78423
      vertex 17.9822 -29 -5.26387
      vertex 17.9822 -26.5 -5.26387
    endloop
  endfacet
  facet normal 0.321435 0 0.946931
    outer loop
      vertex 19.4743 -26.5 -16.5976
      vertex 20.2918 -29 -16.8751
      vertex 20.2918 -26.5 -16.8751
    endloop
  endfacet
  facet normal 0.321435 0 0.946931
    outer loop
      vertex 20.2918 -29 -16.8751
      vertex 19.4743 -26.5 -16.5976
      vertex 19.4743 -29 -16.5976
    endloop
  endfacet
  facet normal -0.321435 0 -0.946931
    outer loop
      vertex 23.7082 -29 -4.12489
      vertex 24.5257 -26.5 -4.40239
      vertex 24.5257 -29 -4.40239
    endloop
  endfacet
  facet normal -0.321435 0 -0.946931
    outer loop
      vertex 24.5257 -26.5 -4.40239
      vertex 23.7082 -29 -4.12489
      vertex 23.7082 -26.5 -4.12489
    endloop
  endfacet
  facet normal -0.659329 0 -0.751854
    outer loop
      vertex 26.0178 -29 -5.26387
      vertex 26.6669 -26.5 -5.83309
      vertex 26.6669 -29 -5.83309
    endloop
  endfacet
  facet normal -0.659329 0 -0.751854
    outer loop
      vertex 26.6669 -26.5 -5.83309
      vertex 26.0178 -29 -5.26387
      vertex 26.0178 -26.5 -5.26387
    endloop
  endfacet
  facet normal 0.89689 0 -0.442254
    outer loop
      vertex 16.2842 -29 -7.2
      vertex 15.9024 -26.5 -7.97429
      vertex 16.2842 -26.5 -7.2
    endloop
  endfacet
  facet normal 0.89689 0 -0.442254
    outer loop
      vertex 15.9024 -26.5 -7.97429
      vertex 16.2842 -29 -7.2
      vertex 15.9024 -29 -7.97429
    endloop
  endfacet
  facet normal 0.831437 0 -0.555619
    outer loop
      vertex 16.7639 -29 -6.48217
      vertex 16.2842 -26.5 -7.2
      vertex 16.7639 -26.5 -6.48217
    endloop
  endfacet
  facet normal 0.831437 0 -0.555619
    outer loop
      vertex 16.2842 -26.5 -7.2
      vertex 16.7639 -29 -6.48217
      vertex 16.2842 -29 -7.2
    endloop
  endfacet
  facet normal 0.0653966 0 -0.997859
    outer loop
      vertex 21.1385 -29 -3.95646
      vertex 22 -26.5 -3.9
      vertex 22 -29 -3.9
    endloop
  endfacet
  facet normal 0.0653966 0 -0.997859
    outer loop
      vertex 22 -26.5 -3.9
      vertex 21.1385 -29 -3.95646
      vertex 21.1385 -26.5 -3.95646
    endloop
  endfacet
  facet normal -0.997856 0 0.0654427
    outer loop
      vertex 28.5435 -29 -11.3615
      vertex 28.6 -26.5 -10.5
      vertex 28.5435 -26.5 -11.3615
    endloop
  endfacet
  facet normal -0.997856 0 0.0654427
    outer loop
      vertex 28.6 -26.5 -10.5
      vertex 28.5435 -29 -11.3615
      vertex 28.6 -29 -10.5
    endloop
  endfacet
  facet normal -0.321435 0 0.946931
    outer loop
      vertex 23.7082 -26.5 -16.8751
      vertex 24.5257 -29 -16.5976
      vertex 24.5257 -26.5 -16.5976
    endloop
  endfacet
  facet normal -0.321435 0 0.946931
    outer loop
      vertex 24.5257 -29 -16.5976
      vertex 23.7082 -26.5 -16.8751
      vertex 23.7082 -29 -16.8751
    endloop
  endfacet
  facet normal -0.0654427 0 0.997856
    outer loop
      vertex 22 -26.5 -17.1
      vertex 22.8615 -29 -17.0435
      vertex 22.8615 -26.5 -17.0435
    endloop
  endfacet
  facet normal -0.0654427 0 0.997856
    outer loop
      vertex 22.8615 -29 -17.0435
      vertex 22 -26.5 -17.1
      vertex 22 -29 -17.1
    endloop
  endfacet
  facet normal -0.195069 0 0.98079
    outer loop
      vertex 22.8615 -26.5 -17.0435
      vertex 23.7082 -29 -16.8751
      vertex 23.7082 -26.5 -16.8751
    endloop
  endfacet
  facet normal -0.195069 0 0.98079
    outer loop
      vertex 23.7082 -29 -16.8751
      vertex 22.8615 -26.5 -17.0435
      vertex 22.8615 -29 -17.0435
    endloop
  endfacet
  facet normal -0.659316 0 0.751866
    outer loop
      vertex 26.0178 -26.5 -15.7361
      vertex 26.6669 -29 -15.1669
      vertex 26.6669 -26.5 -15.1669
    endloop
  endfacet
  facet normal -0.659316 0 0.751866
    outer loop
      vertex 26.6669 -29 -15.1669
      vertex 26.0178 -26.5 -15.7361
      vertex 26.0178 -29 -15.7361
    endloop
  endfacet
  facet normal 0.659316 0 0.751866
    outer loop
      vertex 17.3331 -26.5 -15.1669
      vertex 17.9822 -29 -15.7361
      vertex 17.9822 -26.5 -15.7361
    endloop
  endfacet
  facet normal 0.659316 0 0.751866
    outer loop
      vertex 17.9822 -29 -15.7361
      vertex 17.3331 -26.5 -15.1669
      vertex 17.3331 -29 -15.1669
    endloop
  endfacet
  facet normal 0.0654427 0 0.997856
    outer loop
      vertex 21.1385 -26.5 -17.0435
      vertex 22 -29 -17.1
      vertex 22 -26.5 -17.1
    endloop
  endfacet
  facet normal 0.0654427 0 0.997856
    outer loop
      vertex 22 -29 -17.1
      vertex 21.1385 -26.5 -17.0435
      vertex 21.1385 -29 -17.0435
    endloop
  endfacet
  facet normal 0.896892 -0 0.442249
    outer loop
      vertex 15.9024 -29 -13.0257
      vertex 16.2842 -26.5 -13.8
      vertex 15.9024 -26.5 -13.0257
    endloop
  endfacet
  facet normal 0.896892 0 0.442249
    outer loop
      vertex 16.2842 -26.5 -13.8
      vertex 15.9024 -29 -13.0257
      vertex 16.2842 -29 -13.8
    endloop
  endfacet
  facet normal 0.946931 -0 0.321435
    outer loop
      vertex 15.6249 -29 -12.2082
      vertex 15.9024 -26.5 -13.0257
      vertex 15.6249 -26.5 -12.2082
    endloop
  endfacet
  facet normal 0.946931 0 0.321435
    outer loop
      vertex 15.9024 -26.5 -13.0257
      vertex 15.6249 -29 -12.2082
      vertex 15.9024 -29 -13.0257
    endloop
  endfacet
  facet normal -0.89689 0 -0.442254
    outer loop
      vertex 28.0976 -29 -7.97429
      vertex 27.7158 -26.5 -7.2
      vertex 28.0976 -26.5 -7.97429
    endloop
  endfacet
  facet normal -0.89689 -0 -0.442254
    outer loop
      vertex 27.7158 -26.5 -7.2
      vertex 28.0976 -29 -7.97429
      vertex 27.7158 -29 -7.2
    endloop
  endfacet
  facet normal -0.831437 0 -0.555619
    outer loop
      vertex 27.7158 -29 -7.2
      vertex 27.2361 -26.5 -6.48217
      vertex 27.7158 -26.5 -7.2
    endloop
  endfacet
  facet normal -0.831437 -0 -0.555619
    outer loop
      vertex 27.2361 -26.5 -6.48217
      vertex 27.7158 -29 -7.2
      vertex 27.2361 -29 -6.48217
    endloop
  endfacet
  facet normal -0.195102 0 -0.980783
    outer loop
      vertex 22.8615 -29 -3.95646
      vertex 23.7082 -26.5 -4.12489
      vertex 23.7082 -29 -4.12489
    endloop
  endfacet
  facet normal -0.195102 0 -0.980783
    outer loop
      vertex 23.7082 -26.5 -4.12489
      vertex 22.8615 -29 -3.95646
      vertex 22.8615 -26.5 -3.95646
    endloop
  endfacet
  facet normal -0.555587 0 -0.831458
    outer loop
      vertex 25.3 -29 -4.78423
      vertex 26.0178 -26.5 -5.26387
      vertex 26.0178 -29 -5.26387
    endloop
  endfacet
  facet normal -0.555587 0 -0.831458
    outer loop
      vertex 26.0178 -26.5 -5.26387
      vertex 25.3 -29 -4.78423
      vertex 25.3 -26.5 -4.78423
    endloop
  endfacet
  facet normal 0.946931 0 -0.321435
    outer loop
      vertex 15.9024 -29 -7.97429
      vertex 15.6249 -26.5 -8.79179
      vertex 15.9024 -26.5 -7.97429
    endloop
  endfacet
  facet normal 0.946931 0 -0.321435
    outer loop
      vertex 15.6249 -26.5 -8.79179
      vertex 15.9024 -29 -7.97429
      vertex 15.6249 -29 -8.79179
    endloop
  endfacet
  facet normal 0.442286 0 -0.896874
    outer loop
      vertex 18.7 -29 -4.78423
      vertex 19.4743 -26.5 -4.40239
      vertex 19.4743 -29 -4.40239
    endloop
  endfacet
  facet normal 0.442286 0 -0.896874
    outer loop
      vertex 19.4743 -26.5 -4.40239
      vertex 18.7 -29 -4.78423
      vertex 18.7 -26.5 -4.78423
    endloop
  endfacet
  facet normal 0.195102 0 -0.980783
    outer loop
      vertex 20.2918 -29 -4.12489
      vertex 21.1385 -26.5 -3.95646
      vertex 21.1385 -29 -3.95646
    endloop
  endfacet
  facet normal 0.195102 0 -0.980783
    outer loop
      vertex 21.1385 -26.5 -3.95646
      vertex 20.2918 -29 -4.12489
      vertex 20.2918 -26.5 -4.12489
    endloop
  endfacet
  facet normal -0.442249 0 0.896892
    outer loop
      vertex 24.5257 -26.5 -16.5976
      vertex 25.3 -29 -16.2158
      vertex 25.3 -26.5 -16.2158
    endloop
  endfacet
  facet normal -0.442249 0 0.896892
    outer loop
      vertex 25.3 -29 -16.2158
      vertex 24.5257 -26.5 -16.5976
      vertex 24.5257 -29 -16.5976
    endloop
  endfacet
  facet normal -0.555635 0 0.831426
    outer loop
      vertex 25.3 -26.5 -16.2158
      vertex 26.0178 -29 -15.7361
      vertex 26.0178 -26.5 -15.7361
    endloop
  endfacet
  facet normal -0.555635 0 0.831426
    outer loop
      vertex 26.0178 -29 -15.7361
      vertex 25.3 -26.5 -16.2158
      vertex 25.3 -29 -16.2158
    endloop
  endfacet
  facet normal 0.555635 0 0.831426
    outer loop
      vertex 17.9822 -26.5 -15.7361
      vertex 18.7 -29 -16.2158
      vertex 18.7 -26.5 -16.2158
    endloop
  endfacet
  facet normal 0.555635 0 0.831426
    outer loop
      vertex 18.7 -29 -16.2158
      vertex 17.9822 -26.5 -15.7361
      vertex 17.9822 -29 -15.7361
    endloop
  endfacet
  facet normal 0.442249 0 0.896892
    outer loop
      vertex 18.7 -26.5 -16.2158
      vertex 19.4743 -29 -16.5976
      vertex 19.4743 -26.5 -16.5976
    endloop
  endfacet
  facet normal 0.442249 0 0.896892
    outer loop
      vertex 19.4743 -29 -16.5976
      vertex 18.7 -26.5 -16.2158
      vertex 18.7 -29 -16.2158
    endloop
  endfacet
  facet normal 0.195069 0 0.98079
    outer loop
      vertex 20.2918 -26.5 -16.8751
      vertex 21.1385 -29 -17.0435
      vertex 21.1385 -26.5 -17.0435
    endloop
  endfacet
  facet normal 0.195069 0 0.98079
    outer loop
      vertex 21.1385 -29 -17.0435
      vertex 20.2918 -26.5 -16.8751
      vertex 20.2918 -29 -16.8751
    endloop
  endfacet
  facet normal 0.831426 -0 0.555635
    outer loop
      vertex 16.2842 -29 -13.8
      vertex 16.7639 -26.5 -14.5178
      vertex 16.2842 -26.5 -13.8
    endloop
  endfacet
  facet normal 0.831426 0 0.555635
    outer loop
      vertex 16.7639 -26.5 -14.5178
      vertex 16.2842 -29 -13.8
      vertex 16.7639 -29 -14.5178
    endloop
  endfacet
  facet normal 0.997856 -0 0.0654427
    outer loop
      vertex 15.4 -29 -10.5
      vertex 15.4565 -26.5 -11.3615
      vertex 15.4 -26.5 -10.5
    endloop
  endfacet
  facet normal 0.997856 0 0.0654427
    outer loop
      vertex 15.4565 -26.5 -11.3615
      vertex 15.4 -29 -10.5
      vertex 15.4565 -29 -11.3615
    endloop
  endfacet
  facet normal 0.98079 -0 0.195069
    outer loop
      vertex 15.4565 -29 -11.3615
      vertex 15.6249 -26.5 -12.2082
      vertex 15.4565 -26.5 -11.3615
    endloop
  endfacet
  facet normal 0.98079 0 0.195069
    outer loop
      vertex 15.6249 -26.5 -12.2082
      vertex 15.4565 -29 -11.3615
      vertex 15.6249 -29 -12.2082
    endloop
  endfacet
  facet normal -0.946931 0 0.321435
    outer loop
      vertex 28.0976 -29 -13.0257
      vertex 28.3751 -26.5 -12.2082
      vertex 28.0976 -26.5 -13.0257
    endloop
  endfacet
  facet normal -0.946931 0 0.321435
    outer loop
      vertex 28.3751 -26.5 -12.2082
      vertex 28.0976 -29 -13.0257
      vertex 28.3751 -29 -12.2082
    endloop
  endfacet
  facet normal -0.98079 0 0.195069
    outer loop
      vertex 28.3751 -29 -12.2082
      vertex 28.5435 -26.5 -11.3615
      vertex 28.3751 -26.5 -12.2082
    endloop
  endfacet
  facet normal -0.98079 0 0.195069
    outer loop
      vertex 28.5435 -26.5 -11.3615
      vertex 28.3751 -29 -12.2082
      vertex 28.5435 -29 -11.3615
    endloop
  endfacet
  facet normal -0.831426 0 0.555635
    outer loop
      vertex 27.2361 -29 -14.5178
      vertex 27.7158 -26.5 -13.8
      vertex 27.2361 -26.5 -14.5178
    endloop
  endfacet
  facet normal -0.831426 0 0.555635
    outer loop
      vertex 27.7158 -26.5 -13.8
      vertex 27.2361 -29 -14.5178
      vertex 27.7158 -29 -13.8
    endloop
  endfacet
  facet normal -0.896892 0 0.442249
    outer loop
      vertex 27.7158 -29 -13.8
      vertex 28.0976 -26.5 -13.0257
      vertex 27.7158 -26.5 -13.8
    endloop
  endfacet
  facet normal -0.896892 0 0.442249
    outer loop
      vertex 28.0976 -26.5 -13.0257
      vertex 27.7158 -29 -13.8
      vertex 28.0976 -29 -13.0257
    endloop
  endfacet
endsolid OpenSCAD_Model
